hcpcs_cd,phys_paid,phys_alowd,phys_srvcs,hopd_paid,hopd_alowd,hopd_srvcs,combined_paid,combined_alowd,low_value_share_pass1,primary_measure,max_share_v2,primary_measure_v2,low_value_share_v2,lv_paid_v2,lv_alowd_v2,patient_oop_v2,delta_v_pass1_dedup,share_changed,weighted_commercial_mult,weighted_medicaid_mult,ma_eq,comm_eq,medicaid_eq
0146T,0.0,0.0,0.0,0.0,0.0,0.0,0.0,0.0,0.4,preopst,0.5,preopst,0.5,0.0,0.0,0.0,0.0,True,1.43,0.7,0.0,0.0,0.0
0147T,0.0,0.0,0.0,0.0,0.0,0.0,0.0,0.0,0.4,preopst,0.5,preopst,0.5,0.0,0.0,0.0,0.0,True,1.43,0.7,0.0,0.0,0.0
0148T,0.0,0.0,0.0,0.0,0.0,0.0,0.0,0.0,0.4,preopst,0.5,preopst,0.5,0.0,0.0,0.0,0.0,True,1.43,0.7,0.0,0.0,0.0
0149T,0.0,0.0,0.0,0.0,0.0,0.0,0.0,0.0,0.4,preopst,0.5,preopst,0.5,0.0,0.0,0.0,0.0,True,1.43,0.7,0.0,0.0,0.0
20552,9450373.299984885,12501639.580006765,275695.0,0.0,0.0,0.0,9450373.299984885,12501639.580006765,0.35,spinj,0.35,spinj,0.35,3307630.65499471,4375573.853002368,1067943.1980076577,0.0,False,1.4668362391859704,0.7335616864524793,3170399.170372589,3153639.1318826345,727905.3364319514
20553,14543409.03991267,19018434.410024427,356867.0,0.0,0.0,0.0,14543409.03991267,19018434.410024427,0.35,spinj,0.35,spinj,0.35,5090193.163969435,6656452.043508549,1566258.8795391144,0.0,False,1.464496656310715,0.7354964536161066,4879004.298655811,4845471.064595782,1123145.7060961404
22520,0.0,0.0,0.0,0.0,0.0,0.0,0.0,0.0,0.55,vert,0.55,vert,0.55,0.0,0.0,0.0,0.0,False,1.43,0.7,0.0,0.0,0.0
22521,0.0,0.0,0.0,0.0,0.0,0.0,0.0,0.0,0.55,vert,0.55,vert,0.55,0.0,0.0,0.0,0.0,False,1.43,0.7,0.0,0.0,0.0
22523,0.0,0.0,0.0,0.0,0.0,0.0,0.0,0.0,0.55,vert,0.55,vert,0.55,0.0,0.0,0.0,0.0,False,1.43,0.7,0.0,0.0,0.0
22524,0.0,0.0,0.0,0.0,0.0,0.0,0.0,0.0,0.55,vert,0.55,vert,0.55,0.0,0.0,0.0,0.0,False,1.43,0.7,0.0,0.0,0.0
29877,1443917.3299998,1822666.6299999,2570.0,1631556.8299999947,2067471.199999995,731.0,3075474.159999795,3890137.829999895,0.55,arth,0.65,arth,0.65,1999058.2039998667,2528589.589499932,529531.385500065,307547.4159999795,True,1.524486355498902,0.6035829155930844,1916118.5551105107,1980899.0212998595,361979.21376315434
29879,3308666.41000649,4169831.69996718,6733.0,2950209.039999986,3726580.8999999915,1329.0,6258875.450006476,7896412.599967171,0.55,arth,0.65,arth,0.65,4068269.042504209,5132668.189978662,1064399.1474744529,625887.5450006472,True,1.4991566815732116,0.6078482748297231,3899479.156698184,3964332.266379964,741867.0957088058
29880,25591153.400006212,32312447.85016891,42160.0,23457539.909999926,29602216.639999896,10240.0,49048693.31000614,61914664.49016881,0.55,arth,0.65,arth,0.65,31881650.65150399,40244531.91860973,8362881.26710574,4904869.331000611,True,1.4090039166077775,0.6230385834376819,30558901.315962873,29198890.913328514,5959049.537870428
29881,31639946.80006198,39962081.62995495,55095.0,32480967.469999917,41037771.15999985,14320.0,64120914.270061895,80999852.7899548,0.55,arth,0.65,arth,0.65,41678594.27554023,52649904.31347062,10971310.037930384,6412091.427006185,True,1.4183027152124685,0.6216937149481513,39949376.00240613,38423361.22770441,7773396.032693207
3100F,0.0,0.0,0.0,0.0,0.0,0.0,0.0,0.0,0.55,ctdsync,0.55,ctdsync,0.55,0.0,0.0,0.0,0.0,False,0.0,0.0,0.0,0.0,0.0
35301,19925614.37005384,25069204.16014112,29288.0,0.0,0.0,0.0,19925614.37005384,25069204.16014112,0.3,cea,0.3,cea,0.3,5977684.311016152,7520761.248042337,1543076.937026185,0.0,False,2.003759027344787,0.5000518633255941,5729674.00449527,7785595.285530346,896745.653428739
35450,0.0,0.0,0.0,0.0,0.0,0.0,0.0,0.0,0.65,renlstent,0.7,renlstent,0.7,0.0,0.0,0.0,0.0,True,1.43,0.7,0.0,0.0,0.0
35471,0.0,0.0,0.0,0.0,0.0,0.0,0.0,0.0,0.65,renlstent,0.7,renlstent,0.7,0.0,0.0,0.0,0.0,True,1.43,0.7,0.0,0.0,0.0
37191,3873693.5799902603,4877360.79002904,19045.0,7623116.329999981,9604116.869999973,1903.0,11496809.909990242,14481477.660029013,0.55,ivc,0.55,ivc,0.55,6323245.450494633,7964812.713015958,1641567.2625213247,0.0,False,1.8983170539359406,0.5505549326487951,6060898.032867729,7802291.038682927,1044388.1919356617
37192,5803.72999998,7263.59000004,22.0,0.0,0.0,0.0,5803.72999998,7263.59000004,0.55,ivc,0.55,ivc,0.55,3192.051499989,3994.974500022,802.9230000329999,0.0,False,1.7955571177979242,0.5995241049494332,3059.615320734138,3725.4820142688136,574.1135455450203
37205,0.0,0.0,0.0,0.0,0.0,0.0,0.0,0.0,0.65,renlstent,0.7,renlstent,0.7,0.0,0.0,0.0,0.0,True,1.43,0.7,0.0,0.0,0.0
37207,0.0,0.0,0.0,0.0,0.0,0.0,0.0,0.0,0.65,renlstent,0.7,renlstent,0.7,0.0,0.0,0.0,0.0,True,1.43,0.7,0.0,0.0,0.0
37236,5544381.620062981,6972923.750027319,10511.0,35475947.709999956,41935246.4699996,4031.0,41020329.33006294,48908170.22002692,0.65,renlstent,0.7,renlstent,0.7,28714230.53104406,34235719.15401884,5521488.622974783,2051016.466503147,True,1.7161328952219845,0.6145891558234278,27522895.4345433,32030333.12395289,5294236.410658099
45330,2671673.2300135307,3536596.59004293,46331.0,0.0,0.0,0.0,2671673.2300135307,3536596.59004293,0.15,colon,0.15,colon,0.15,400750.9845020296,530489.4885064395,129738.50400440989,0.0,False,1.5660762363647522,0.6274228266107027,384124.0819535412,407944.285793465,75432.0946389856
45331,4114239.81983113,5269627.499930089,36534.0,0.0,0.0,0.0,4114239.81983113,5269627.499930089,0.15,colon,0.15,colon,0.15,617135.9729746695,790444.1249895134,173308.1520148439,0.0,False,1.423709562608961,0.6296808419267865,591531.395372529,571104.5510001146,116579.60971379894
45332,24773.559999881003,31799.310000179998,293.0,0.0,0.0,0.0,24773.559999881003,31799.310000179998,0.15,colon,0.15,colon,0.15,3716.0339999821504,4769.896500026999,1053.8625000448487,0.0,False,1.8622065949335518,0.5425139727763225,3561.858121259487,4498.014964146643,604.8001104906615
45333,59006.749999871,75131.25000052,542.0,0.0,0.0,0.0,59006.749999871,75131.25000052,0.15,colon,0.15,colon,0.15,8851.012499980648,11269.687500078,2418.6750000973516,0.0,False,1.5260723595181909,0.6315795904705818,8483.7896409389,8779.735594480806,1677.0356549963333
45334,386782.43000358,493588.77999494004,3244.0,0.0,0.0,0.0,386782.43000358,493588.77999494004,0.15,colon,0.15,colon,0.15,58017.364500537,74038.316999241,16020.952498703999,0.0,False,1.7315773014869313,0.5744978040150379,55610.26107977005,65300.00844979531,9999.254550089556
45335,220185.73000041198,278685.92999871,2999.0,0.0,0.0,0.0,220185.73000041198,278685.92999871,0.15,colon,0.15,colon,0.15,33027.85950006179,41802.8894998065,8775.029999744707,0.0,False,1.3951045426406123,0.6347013407806699,31657.554691016678,29950.255934450874,6288.848012341441
45336,0.0,0.0,0.0,0.0,0.0,0.0,0.0,0.0,0.15,colon,0.15,colon,0.15,0.0,0.0,0.0,0.0,False,1.43,0.7,0.0,0.0,0.0
45337,143854.280000055,183639.7499931,1665.0,0.0,0.0,0.0,143854.280000055,183639.7499931,0.15,colon,0.15,colon,0.15,21578.14200000825,27545.962498965,5967.820498956749,0.0,False,2.010079247081746,0.5004174312405406,20682.878661710038,28192.95402611973,3239.423517176325
45338,1155454.78001546,1466333.20001502,6550.0,0.0,0.0,0.0,1155454.78001546,1466333.20001502,0.15,colon,0.15,colon,0.15,173318.217002319,219949.980002253,46631.762999934,0.0,False,1.417954037965062,0.625088798999757,166127.35480754197,159742.222673373,32501.782833227655
45339,0.0,0.0,0.0,0.0,0.0,0.0,0.0,0.0,0.15,colon,0.15,colon,0.15,0.0,0.0,0.0,0.0,False,1.43,0.7,0.0,0.0,0.0
45340,108148.069999585,139545.25999976997,1076.0,0.0,0.0,0.0,108148.069999585,139545.25999976997,0.15,colon,0.15,colon,0.15,16222.21049993775,20931.788999965494,4709.578500027745,0.0,False,1.5884980861150195,0.5927393095069903,15549.161340897783,16749.81771560896,2884.6625551230445
45341,185059.49999285,239410.54000465,1715.0,0.0,0.0,0.0,185059.49999285,239410.54000465,0.15,colon,0.15,colon,0.15,27758.9249989275,35911.5810006975,8152.656001769999,0.0,False,1.830620037671234,0.5475716977442289,26607.22491918477,33030.428812712256,4560.000506765234
45342,55667.28000066001,71617.19000097,393.0,0.0,0.0,0.0,55667.28000066001,71617.19000097,0.15,colon,0.15,colon,0.15,8350.092000099,10742.5785001455,2392.4865000464997,0.0,False,1.9084560229995071,0.5451196286220559,8003.652012860852,10358.25919062281,1365.5397150161903
45343,0.0,0.0,0.0,0.0,0.0,0.0,0.0,0.0,0.15,colon,0.15,colon,0.15,0.0,0.0,0.0,0.0,False,1.43,0.7,0.0,0.0,0.0
45344,0.0,0.0,0.0,0.0,0.0,0.0,0.0,0.0,0.15,colon,0.15,colon,0.15,0.0,0.0,0.0,0.0,False,1.43,0.7,0.0,0.0,0.0
45345,0.0,0.0,0.0,0.0,0.0,0.0,0.0,0.0,0.15,colon,0.15,colon,0.15,0.0,0.0,0.0,0.0,False,1.43,0.7,0.0,0.0,0.0
45378,58925314.79974557,76658141.86936966,322517.0,0.0,0.0,0.0,58925314.79974557,76658141.86936966,0.15,colon,0.15,colon,0.15,8838797.219961835,11498721.280405449,2659924.0604436137,0.0,False,1.5209656399606726,0.6088136729550653,8472081.165091079,8738279.465592213,1614354.1799969955
45379,151626.52000206,190546.39000463,1020.0,0.0,0.0,0.0,151626.52000206,190546.39000463,0.15,colon,0.15,colon,0.15,22743.978000308998,28581.958500694498,5837.9805003855,0.0,False,1.7199224051852755,0.5652220987720779,21800.344870508947,25426.620274752087,3856.6196939281854
45380,253961581.4231959,312111886.13479656,1337772.0,0.0,0.0,0.0,253961581.4231959,312111886.13479656,0.15,colon,0.15,colon,0.15,38094237.213479385,46816782.92021948,8722545.706740096,0.0,False,1.3932446586783303,0.6308481655785678,36513731.62696269,34498485.14066853,7209503.899571485
45381,7507827.910037382,9137332.58018082,85316.0,0.0,0.0,0.0,7507827.910037382,9137332.58018082,0.15,colon,0.15,colon,0.15,1126174.186505607,1370599.887027123,244425.70052151592,0.0,False,1.3287314829951062,0.6412767831403248,1079449.9383420767,972649.0130151617,216656.80787339635
45382,4973932.02989988,6263136.119995541,22914.0,0.0,0.0,0.0,4973932.02989988,6263136.119995541,0.15,colon,0.15,colon,0.15,746089.804484982,939470.4179993311,193380.6135143491,0.0,False,1.7520789280389513,0.5635868106825243,715135.014724435,849685.3461608448,126145.91201773174
45383,0.0,0.0,0.0,0.0,0.0,0.0,0.0,0.0,0.15,colon,0.15,colon,0.15,0.0,0.0,0.0,0.0,False,1.43,0.7,0.0,0.0,0.0
45384,11510464.969828509,14211069.38985597,54350.0,0.0,0.0,0.0,11510464.969828509,14211069.38985597,0.15,colon,0.15,colon,0.15,1726569.7454742764,2131660.4084783955,405090.6630041192,0.0,False,1.4594213779111362,0.6251227855035695,1654935.4688003438,1637865.3180498364,323795.4265971206
45385,434171231.70172477,528191609.7944539,1522156.0,0.0,0.0,0.0,434171231.70172477,528191609.7944539,0.15,colon,0.15,colon,0.15,65125684.75525871,79228741.46916808,14103056.713909373,0.0,False,1.4327076739030191,0.6235116915610984,62423661.66434904,60648944.406081215,12181987.75974786
45386,424969.24000202003,541409.83999558,2234.0,0.0,0.0,0.0,424969.24000202003,541409.83999558,0.15,colon,0.15,colon,0.15,63745.386000303,81211.475999337,17466.089999033997,0.0,False,1.6018499168035376,0.5933579740277822,61100.63062369469,66371.8518197766,11347.149927227621
45387,0.0,0.0,0.0,0.0,0.0,0.0,0.0,0.0,0.15,colon,0.15,colon,0.15,0.0,0.0,0.0,0.0,False,0.0,0.0,0.0,0.0,0.0
45388,8148584.59989395,10062978.14005545,22960.0,0.0,0.0,0.0,8148584.59989395,10062978.14005545,0.15,colon,0.15,colon,0.15,1222287.6899840925,1509446.7210083173,287159.0310242248,0.0,False,1.5105227531705754,0.6432104893793156,1171575.7539102845,1200090.688316828,235856.4789710944
45389,94425.73000168,119827.47000056,392.0,319583.4799999995,401339.16999999975,75.0,414009.2100016795,521166.64000055974,0.15,colon,0.15,colon,0.15,62101.38150025192,78174.99600008396,16073.614499832045,0.0,False,1.940599929577704,0.516291187274037,59524.83482098616,78334.05876794356,9618.718795836894
45390,13183088.570093058,16180495.830066621,33328.0,34484451.58999989,42321632.0899998,16298.0,47667540.16009295,58502127.92006642,0.15,colon,0.15,colon,0.15,7150131.024013942,8775319.188009962,1625188.1639960203,0.0,False,1.5889960795150788,0.5923289287141086,6853476.651741024,7384994.6073652385,1270568.8348859071
45391,125109.29000059,160074.42000053,707.0,0.0,0.0,0.0,125109.29000059,160074.42000053,0.15,colon,0.15,colon,0.15,18766.3935000885,24011.163000079498,5244.769499990998,0.0,False,2.0241791205941273,0.514195606117092,17987.787812318875,24691.252229626116,2894.8791241229583
45392,34675.82999978,43882.1199995,146.0,0.0,0.0,0.0,34675.82999978,43882.1199995,0.15,colon,0.15,colon,0.15,5201.374499967,6582.317999925,1380.9434999579998,0.0,False,2.0228573625009343,0.5130614341631079,4985.572791989646,6839.06515654886,800.5873981717461
62311,0.0,0.0,0.0,0.0,0.0,0.0,0.0,0.0,0.35,spinj,0.35,spinj,0.35,0.0,0.0,0.0,0.0,False,0.0,0.0,0.0,0.0,0.0
64475,0.0,0.0,0.0,0.0,0.0,0.0,0.0,0.0,0.35,spinj,0.35,spinj,0.35,0.0,0.0,0.0,0.0,False,1.43,0.7,0.0,0.0,0.0
64483,178739656.00183094,229631698.34135145,903960.0,0.0,0.0,0.0,178739656.00183094,229631698.34135145,0.35,spinj,0.35,spinj,0.35,62558879.600640826,80371094.419473,17812214.81883218,0.0,False,1.3735309476515396,0.6778829240136641,59963351.61720999,55852262.168226406,12722278.86801035
64493,113123021.8486673,144863056.33913794,625203.0,0.0,0.0,0.0,113123021.8486673,144863056.33913794,0.35,spinj,0.35,spinj,0.35,39593057.64703355,50702069.71869828,11109012.071664728,0.0,False,1.3687859793568504,0.6768974935391686,37950366.95742259,35226374.42163259,8040132.444848647
70450,156288521.42905042,207182606.56303713,4973151.7,0.0,0.0,0.0,156288521.42905042,207182606.56303713,0.6,sync,0.6,sync,0.6,93773112.85743025,124309563.93782227,30536451.080392018,0.0,False,2.1339734427341277,0.5218852569438638,89882526.2601539,130071066.11217313,14681641.529407775
70460,972651.150009095,1272623.429991689,19477.0,0.0,0.0,0.0,972651.150009095,1272623.429991689,0.6,sync,0.6,sync,0.6,583590.6900054569,763574.0579950134,179983.36798955651,0.0,False,1.820470723210902,0.6062301545414077,559377.8847818264,690566.3475706993,106137.08225728046
70470,3912976.270004907,5162262.450026078,62791.0,0.0,0.0,0.0,3912976.270004907,5162262.450026078,0.6,sync,0.6,sync,0.6,2347785.762002944,3097357.470015647,749571.7080127029,0.0,False,1.7479349755190428,0.6322089644976734,2250377.629324099,2667454.9514798727,445287.36163747864
70486,24570468.370152853,32550323.46920903,516361.0,0.0,0.0,0.0,24570468.370152853,32550323.46920903,0.5,rhinoct,0.5,rhinoct,0.5,12285234.185076427,16275161.734604515,3989927.5495280884,0.0,False,1.75491164559768,0.647141801423992,11775527.66037645,14013675.351185476,2385086.57443379
70487,1458969.680002058,1955162.659997724,32374.0,0.0,0.0,0.0,1458969.680002058,1955162.659997724,0.5,rhinoct,0.5,rhinoct,0.5,729484.840001029,977581.329998862,248096.48999783304,0.0,False,1.998234464234974,0.5601988874564259,699218.9796180077,947493.1364775447,122596.97873547158
70488,274342.85999410204,361474.789994134,3750.0,0.0,0.0,0.0,274342.85999410204,361474.789994134,0.5,rhinoct,0.5,rhinoct,0.5,137171.42999705102,180737.394997067,43565.965000015975,0.0,False,1.6769057775836655,0.6603799111775441,131480.2749227053,149515.31626295432,27175.57702726478
70498,49509218.63032726,63925902.0597625,749918.0,0.0,0.0,0.0,49509218.63032726,63925902.0597625,0.55,ctdsync,0.55,ctdsync,0.55,27230070.246679995,35159246.13286938,7929175.8861893825,0.0,False,2.090929032590347,0.5307049086316962,26100312.013041146,37008493.884867564,4335339.582689692
70547,4621259.430072079,5898948.74003836,61552.0,0.0,0.0,0.0,4621259.430072079,5898948.74003836,0.55,ctdsync,0.55,ctdsync,0.55,2541692.686539644,3244421.807021098,702729.1204814543,0.0,False,1.691473992693483,0.6501205124242054,2436239.4793321486,2794484.599855674,495721.9655394026
70548,824272.949994011,1062870.2900048739,11599.0,0.0,0.0,0.0,824272.949994011,1062870.2900048739,0.55,ctdsync,0.55,ctdsync,0.55,453350.1224967061,584578.6595026806,131228.53700597456,0.0,False,1.8430222537936574,0.5962145215802799,434540.91528673645,543097.3369389814,81088.17791782046
70549,4853323.01001158,6212311.36004631,41740.0,0.0,0.0,0.0,4853323.01001158,6212311.36004631,0.55,ctdsync,0.55,ctdsync,0.55,2669327.655506369,3416771.248025471,747443.5925191017,0.0,False,1.6899861633286624,0.6531913391427954,2558578.9549055737,2932232.4220775967,523074.5117733311
70551,83120881.03878658,109431833.9713638,1124148.0,0.0,0.0,0.0,83120881.03878658,109431833.9713638,0.6,sync,0.6,sync,0.6,49872528.62327194,65659100.382818274,15786571.759546332,0.0,False,1.7685131721777267,0.6201205371791099,47803349.24422131,57330145.470043644,9278093.772103177
70552,1576740.420002717,2030567.0600106982,18188.0,0.0,0.0,0.0,1576740.420002717,2030567.0600106982,0.6,sync,0.6,sync,0.6,946044.2520016301,1218340.236006419,272295.9840047888,0.0,False,1.8169121154238408,0.5990264608082965,906793.4798441158,1117271.5210727504,170011.6620133706
70553,127000756.32868977,165264874.26662523,1030414.0,0.0,0.0,0.0,127000756.32868977,165264874.26662523,0.6,sync,0.6,sync,0.6,76200453.79721385,99158924.55997513,22958470.76276128,0.0,False,1.704341469028604,0.6450270321292202,73038945.60775499,84416535.68750334,14745405.767914984
71010,0.0,0.0,0.0,0.0,0.0,0.0,0.0,0.0,0.6,preopx,0.6,preopx,0.6,0.0,0.0,0.0,0.0,False,0.0,0.0,0.0,0.0,0.0
71015,0.0,0.0,0.0,0.0,0.0,0.0,0.0,0.0,0.6,preopx,0.6,preopx,0.6,0.0,0.0,0.0,0.0,False,0.0,0.0,0.0,0.0,0.0
71020,0.0,0.0,0.0,0.0,0.0,0.0,0.0,0.0,0.6,preopx,0.6,preopx,0.6,0.0,0.0,0.0,0.0,False,0.0,0.0,0.0,0.0,0.0
71021,0.0,0.0,0.0,0.0,0.0,0.0,0.0,0.0,0.6,preopx,0.6,preopx,0.6,0.0,0.0,0.0,0.0,False,1.43,0.7,0.0,0.0,0.0
71022,0.0,0.0,0.0,0.0,0.0,0.0,0.0,0.0,0.6,preopx,0.6,preopx,0.6,0.0,0.0,0.0,0.0,False,1.43,0.7,0.0,0.0,0.0
71023,0.0,0.0,0.0,0.0,0.0,0.0,0.0,0.0,0.6,preopx,0.6,preopx,0.6,0.0,0.0,0.0,0.0,False,1.43,0.7,0.0,0.0,0.0
71030,0.0,0.0,0.0,0.0,0.0,0.0,0.0,0.0,0.6,preopx,0.6,preopx,0.6,0.0,0.0,0.0,0.0,False,0.0,0.0,0.0,0.0,0.0
71034,0.0,0.0,0.0,0.0,0.0,0.0,0.0,0.0,0.6,preopx,0.6,preopx,0.6,0.0,0.0,0.0,0.0,False,1.43,0.7,0.0,0.0,0.0
71035,0.0,0.0,0.0,0.0,0.0,0.0,0.0,0.0,0.6,preopx,0.6,preopx,0.6,0.0,0.0,0.0,0.0,False,0.0,0.0,0.0,0.0,0.0
72010,0.0,0.0,0.0,0.0,0.0,0.0,0.0,0.0,0.5,backscan,0.5,backscan,0.5,0.0,0.0,0.0,0.0,False,0.0,0.0,0.0,0.0,0.0
72020,989835.1100012145,1303871.630019847,101545.0,0.0,0.0,0.0,989835.1100012145,1303871.630019847,0.5,backscan,0.5,backscan,0.5,494917.5550006073,651935.8150099235,157018.26000931626,0.0,False,1.6462883818209713,0.6605118619308008,474383.7415484545,529605.0634918818,98069.67472670719
72052,1654179.280009194,2254010.050011766,60903.0,0.0,0.0,0.0,1654179.280009194,2254010.050011766,0.5,backscan,0.5,backscan,0.5,827089.640004597,1127005.025005883,299915.38500128605,0.0,False,1.5262998313402931,0.7142710259555103,792774.2187703638,820551.4057275081,177229.84971697716
72100,29801670.310270667,41047242.670189336,1679681.1,0.0,0.0,0.0,29801670.310270667,41047242.670189336,0.5,backscan,0.5,backscan,0.5,14900835.155135334,20523621.335094668,5622786.179959334,0.0,False,1.5262775626486558,0.7108628442072089,14282609.015720148,14782826.735306084,3177735.017832681
72110,19454029.350277793,26683040.109912977,790496.0,0.0,0.0,0.0,19454029.350277793,26683040.109912977,0.5,backscan,0.5,backscan,0.5,9727014.675138896,13341520.054956488,3614505.379817592,0.0,False,1.500096283466977,0.7242530713217479,9323447.045000156,9484448.066212993,2113446.0759783178
72114,2692712.7299751337,3657186.44000868,90596.0,0.0,0.0,0.0,2692712.7299751337,3657186.44000868,0.5,backscan,0.5,backscan,0.5,1346356.3649875668,1828593.22000434,482236.8550167731,0.0,False,1.5019141166789503,0.723176531534294,1290496.898780636,1314372.5599259995,292095.9978722486
72120,902522.4900037653,1210597.849984712,46315.0,0.0,0.0,0.0,902522.4900037653,1210597.849984712,0.5,backscan,0.5,backscan,0.5,451261.24500188266,605298.924992356,154037.67999047332,0.0,False,1.5146596019675014,0.7179655262216653,432538.7039858472,444279.665529642,97197.00516936617
72131,23011382.5999931,30147655.999830443,541998.0,0.0,0.0,0.0,23011382.5999931,30147655.999830443,0.5,backscan,0.5,backscan,0.5,11505691.29999655,15073827.999915222,3568136.6999186724,0.0,False,1.9450642904420594,0.5837673521086815,11028327.51201797,14546551.034907557,2014994.0833136635
72132,3027773.979978325,3890716.83999089,63190.0,0.0,0.0,0.0,3027773.979978325,3890716.83999089,0.5,backscan,0.5,backscan,0.5,1513886.9899891624,1945358.419995445,431471.43000628264,0.0,False,2.0452327482964012,0.5425314786459322,1451076.7850853568,2012563.311944706,246399.40415449796
72133,269168.73999817,348131.78000320797,3925.0,0.0,0.0,0.0,269168.73999817,348131.78000320797,0.5,backscan,0.5,backscan,0.5,134584.369999085,174065.89000160398,39481.520002518984,0.0,False,1.7399136374277107,0.6371151425273065,129000.55039274,152207.36748491615,25723.72202217444
72141,52889599.618258335,69373745.18990776,619943.5,0.0,0.0,0.0,52889599.618258335,69373745.18990776,0.5,backscan,0.5,backscan,0.5,26444799.809129167,34686872.59495388,8242072.785824712,0.0,False,1.604082098065738,0.6844139208816599,25347621.944707856,27572759.474491626,5429756.737288999
72142,256301.650001752,329065.059999222,2731.0,0.0,0.0,0.0,256301.650001752,329065.059999222,0.5,backscan,0.5,backscan,0.5,128150.825000876,164532.529999611,36381.704998735004,0.0,False,1.721527879783244,0.635072184813014,122833.92906998859,143399.89173655052,24415.507325668957
72146,18951818.430047248,24544377.349702723,243938.0,0.0,0.0,0.0,18951818.430047248,24544377.349702723,0.5,backscan,0.5,backscan,0.5,9475909.215023624,12272188.674851362,2796279.459827738,0.0,False,1.6495299932934642,0.6666433705575788,9082759.790144986,10160017.701539805,1895115.6174602907
72147,223665.080003097,283193.780002176,2508.0,0.0,0.0,0.0,223665.080003097,283193.780002176,0.5,backscan,0.5,backscan,0.5,111832.5400015485,141596.890001088,29764.349999539496,0.0,False,1.769761222227768,0.6149984479442565,107192.67929935662,128645.98024068456,20633.051559184893
72148,129983697.94547887,171098745.44825017,1421759.0,0.0,0.0,0.0,129983697.94547887,171098745.44825017,0.5,backscan,0.5,backscan,0.5,64991848.972739436,85549372.72412509,20557523.75138565,0.0,False,1.578169866481338,0.6946070797957529,62295378.64301941,66669315.45019426,13543139.52764434
72149,480792.69000833604,613432.909993088,4632.0,0.0,0.0,0.0,480792.69000833604,613432.909993088,0.5,backscan,0.5,backscan,0.5,240396.34500416802,306716.454996544,66320.10999237598,0.0,False,1.684470602147869,0.6503417640770282,230422.45409442065,263211.37441515655,46901.93492630415
72156,14131963.96011248,18149415.63989684,121357.0,0.0,0.0,0.0,14131963.96011248,18149415.63989684,0.5,backscan,0.5,backscan,0.5,7065981.98005624,9074707.81994842,2008725.8398921797,0.0,False,1.7292386096571546,0.6347308797781815,6772818.897904972,7942199.755785726,1345499.0876093623
72157,12538620.03987519,16033757.53960328,106867.0,0.0,0.0,0.0,12538620.03987519,16033757.53960328,0.5,backscan,0.5,backscan,0.5,6269310.019937595,8016878.76980164,1747568.7498640446,0.0,False,1.7466805787106892,0.6278267463191332,6009200.348897632,7117813.334931859,1180812.153445008
72158,27142083.910029143,34942791.03988203,223353.0,0.0,0.0,0.0,27142083.910029143,34942791.03988203,0.5,backscan,0.5,backscan,0.5,13571041.955014572,17471395.519941013,3900353.5649264418,0.0,False,1.7059347031653826,0.6454129187305496,13007988.086668225,15048352.428962281,2627677.73952021
72200,220983.4799962778,295783.8000001056,15557.0,0.0,0.0,0.0,220983.4799962778,295783.8000001056,0.5,backscan,0.5,backscan,0.5,110491.7399981389,147891.9000000528,37400.160001913886,0.0,False,1.5158220400588687,0.7135557970594664,105907.5082322587,108865.77957686146,23652.606480857798
72202,738400.1500078382,1005373.250000489,44659.0,0.0,0.0,0.0,738400.1500078382,1005373.250000489,0.5,backscan,0.5,backscan,0.5,369200.0750039191,502686.6250002445,133486.5499963254,0.0,False,1.5495400652159363,0.7052233312137629,353882.19955162884,371858.7003945459,78110.55203359047
72220,1414437.9700247904,1935567.3200197152,116288.0,0.0,0.0,0.0,1414437.9700247904,1935567.3200197152,0.5,backscan,0.5,backscan,0.5,707218.9850123952,967783.6600098576,260564.67499746243,0.0,False,1.5394170216702063,0.6909564065891208,677876.9207406044,707658.213324665,146597.24656673096
73620,6230728.510010165,8424283.63985316,409320.0,0.0,0.0,0.0,6230728.510010165,8424283.63985316,0.35,plant,0.35,plant,0.35,2180754.978503558,2948499.273948606,767744.2954450483,0.0,False,1.472413051391737,0.7244024706404654,2090276.8464167083,2087131.8599534947,473923.28828684165
73630,47757559.80077816,65128830.37026359,2645833.0,0.0,0.0,0.0,47757559.80077816,65128830.37026359,0.35,plant,0.35,plant,0.35,16715145.930272354,22795090.629592255,6079944.699319901,0.0,False,1.4899960188399337,0.7276287269438514,16021645.19486744,16188575.578782314,3648726.106177431
73650,895741.8799906881,1239751.3199847466,64854.0,0.0,0.0,0.0,895741.8799906881,1239751.3199847466,0.35,plant,0.35,plant,0.35,313509.6579967408,433912.9619946613,120403.30399792054,0.0,False,1.4870517542826749,0.71937006277476,300502.3423990037,303033.30649059964,67658.83870608268
73718,14931624.399720589,19435216.410340093,148791.0,0.0,0.0,0.0,14931624.399720589,19435216.410340093,0.35,plant,0.35,plant,0.35,5226068.539902206,6802325.743619032,1576257.2037168266,0.0,False,1.5690881994991333,0.6948983615098855,5009242.291970094,5330105.609227241,1089475.9396549207
73719,96022.00000110001,124336.439998985,995.0,0.0,0.0,0.0,96022.00000110001,124336.439998985,0.35,plant,0.35,plant,0.35,33607.700000385004,43517.75399964475,9910.053999259748,0.0,False,1.690388879357882,0.644642818172715,32213.33797909244,36926.553521940354,6499.488732165403
73720,7786325.910073847,10042501.379887242,65871.0,0.0,0.0,0.0,7786325.910073847,10042501.379887242,0.35,plant,0.35,plant,0.35,2725214.068525846,3514875.4829605343,789661.4144346882,0.0,False,1.7177775987474393,0.6358541333460745,2612146.676321051,3042852.591158294,519851.5889175095
75552,0.0,0.0,0.0,0.0,0.0,0.0,0.0,0.0,0.4,preopst,0.5,preopst,0.5,0.0,0.0,0.0,0.0,True,1.43,0.7,0.0,0.0,0.0
75553,0.0,0.0,0.0,0.0,0.0,0.0,0.0,0.0,0.4,preopst,0.5,preopst,0.5,0.0,0.0,0.0,0.0,True,1.43,0.7,0.0,0.0,0.0
75554,0.0,0.0,0.0,0.0,0.0,0.0,0.0,0.0,0.4,preopst,0.5,preopst,0.5,0.0,0.0,0.0,0.0,True,1.43,0.7,0.0,0.0,0.0
75555,0.0,0.0,0.0,0.0,0.0,0.0,0.0,0.0,0.4,preopst,0.5,preopst,0.5,0.0,0.0,0.0,0.0,True,1.43,0.7,0.0,0.0,0.0
75556,0.0,0.0,0.0,0.0,0.0,0.0,0.0,0.0,0.4,preopst,0.5,preopst,0.5,0.0,0.0,0.0,0.0,True,1.43,0.7,0.0,0.0,0.0
75557,279172.360000124,364504.7899916,2776.0,0.0,0.0,0.0,279172.360000124,364504.7899916,0.4,preopst,0.5,preopst,0.5,139586.180000062,182252.3949958,42666.21499573797,27917.236000012403,True,1.8837290142594645,0.5755465511526171,133794.83848942118,170912.64921624467,24101.50334628123
75558,0.0,0.0,0.0,0.0,0.0,0.0,0.0,0.0,0.4,preopst,0.5,preopst,0.5,0.0,0.0,0.0,0.0,True,1.43,0.7,0.0,0.0,0.0
75559,2551.9700000000003,3326.84,25.0,0.0,0.0,0.0,2551.9700000000003,3326.84,0.4,preopst,0.5,preopst,0.5,1275.9850000000001,1663.42,387.43499999999995,255.197,True,1.9153960386139435,0.5677315308160181,1223.0451968085108,1588.6107993150285,217.32507520448306
75560,0.0,0.0,0.0,0.0,0.0,0.0,0.0,0.0,0.4,preopst,0.5,preopst,0.5,0.0,0.0,0.0,0.0,True,1.43,0.7,0.0,0.0,0.0
75561,5799639.620005678,7503713.35012854,47770.0,0.0,0.0,0.0,5799639.620005678,7503713.35012854,0.4,preopst,0.5,preopst,0.5,2899819.810002839,3751856.67506427,852036.8650614307,579963.9620005679,True,1.836353614171971,0.593627608052102,2779508.137034637,3461311.482555025,516423.9292782259
75562,0.0,0.0,0.0,0.0,0.0,0.0,0.0,0.0,0.4,preopst,0.5,preopst,0.5,0.0,0.0,0.0,0.0,True,1.43,0.7,0.0,0.0,0.0
75563,713182.90998108,930925.92001356,4954.0,0.0,0.0,0.0,713182.90998108,930925.92001356,0.4,preopst,0.5,preopst,0.5,356591.45499054,465462.96000678,108871.50501624,71318.29099810799,True,1.8240371351436058,0.6004233934512935,341796.70313454955,422783.4363854625,64231.75544434626
75564,0.0,0.0,0.0,0.0,0.0,0.0,0.0,0.0,0.4,preopst,0.5,preopst,0.5,0.0,0.0,0.0,0.0,True,1.43,0.7,0.0,0.0,0.0
75574,21129107.46020018,27424422.5302815,171670.0,0.0,0.0,0.0,21129107.46020018,27424422.5302815,0.4,preopst,0.5,preopst,0.5,10564553.73010009,13712211.26514075,3147657.53504066,2112910.746020017,True,1.7463597076038901,0.6305092742932012,10126237.139170406,11992182.125991067,1998314.731679082
75940,0.0,0.0,0.0,0.0,0.0,0.0,0.0,0.0,0.55,ivc,0.55,ivc,0.55,0.0,0.0,0.0,0.0,False,1.43,0.7,0.0,0.0,0.0
75960,0.0,0.0,0.0,0.0,0.0,0.0,0.0,0.0,0.65,renlstent,0.7,renlstent,0.7,0.0,0.0,0.0,0.0,True,1.43,0.7,0.0,0.0,0.0
75966,0.0,0.0,0.0,0.0,0.0,0.0,0.0,0.0,0.65,renlstent,0.7,renlstent,0.7,0.0,0.0,0.0,0.0,True,1.43,0.7,0.0,0.0,0.0
76070,0.0,0.0,0.0,0.0,0.0,0.0,0.0,0.0,0.3,bmd,0.3,bmd,0.3,0.0,0.0,0.0,0.0,False,1.43,0.7,0.0,0.0,0.0
76071,0.0,0.0,0.0,0.0,0.0,0.0,0.0,0.0,0.3,bmd,0.3,bmd,0.3,0.0,0.0,0.0,0.0,False,1.43,0.7,0.0,0.0,0.0
76075,0.0,0.0,0.0,0.0,0.0,0.0,0.0,0.0,0.3,bmd,0.3,bmd,0.3,0.0,0.0,0.0,0.0,False,1.43,0.7,0.0,0.0,0.0
76076,0.0,0.0,0.0,0.0,0.0,0.0,0.0,0.0,0.3,bmd,0.3,bmd,0.3,0.0,0.0,0.0,0.0,False,1.43,0.7,0.0,0.0,0.0
76078,0.0,0.0,0.0,0.0,0.0,0.0,0.0,0.0,0.3,bmd,0.3,bmd,0.3,0.0,0.0,0.0,0.0,False,1.43,0.7,0.0,0.0,0.0
76880,0.0,0.0,0.0,0.0,0.0,0.0,0.0,0.0,0.35,plant,0.35,plant,0.35,0.0,0.0,0.0,0.0,False,1.43,0.7,0.0,0.0,0.0
76881,7193882.000015528,9402016.050041791,182058.0,0.0,0.0,0.0,7193882.000015528,9402016.050041791,0.35,plant,0.35,plant,0.35,2517858.7000054345,3290705.6175146266,772846.9175091921,0.0,False,1.450932730963012,0.7353927674967097,2413394.34968606,2374608.339855612,555484.5232687992
76882,8947488.380031785,11916771.959983937,327808.0,0.0,0.0,0.0,8947488.380031785,11916771.959983937,0.35,plant,0.35,plant,0.35,3131620.9330111244,4170870.185994378,1039249.2529832534,0.0,False,1.6961302782287428,0.6491736930828474,3001691.979407472,3452564.104869824,609889.7779255152
76977,3642.8500000271997,3642.8500000271997,548.0,0.0,0.0,0.0,3642.8500000271997,3642.8500000271997,0.3,bmd,0.3,bmd,0.3,1092.8550000081598,1092.8550000081598,0.0,0.0,False,1.3997604046202505,0.7434261749174458,1047.5131436248428,994.3278520517457,243.73710371864144
77057,0.0,0.0,0.0,0.0,0.0,0.0,0.0,0.0,0.1,cncr,0.1,cncr,0.1,0.0,0.0,0.0,0.0,False,1.43,0.7,0.0,0.0,0.0
77078,569089.639995478,569089.639995478,10744.0,0.0,0.0,0.0,569089.639995478,569089.639995478,0.3,bmd,0.3,bmd,0.3,170726.89199864338,170726.89199864338,0.0,0.0,False,1.4982826811625596,0.7244404519497369,163643.54222423158,166268.1445686808,37104.44003984134
77079,0.0,0.0,0.0,0.0,0.0,0.0,0.0,0.0,0.3,bmd,0.3,bmd,0.3,0.0,0.0,0.0,0.0,False,1.43,0.7,0.0,0.0,0.0
77080,61448706.730362944,61448716.1404316,2831498.0,0.0,0.0,0.0,61448706.730362944,61448716.1404316,0.3,bmd,0.3,bmd,0.3,18434612.019108884,18434614.84212948,2.8230205960571766,0.0,False,1.5496280195361634,0.7053487080659507,17669771.73320969,18568414.354158014,3900848.93141265
77081,2331786.299991619,2331786.299991619,110683.0,0.0,0.0,0.0,2331786.299991619,2331786.299991619,0.3,bmd,0.3,bmd,0.3,699535.8899974857,699535.8899974857,0.0,0.0,False,1.5283133935797808,0.7132197953617962,670512.5924337603,694921.5454823913,149676.85329367162
77083,0.0,0.0,0.0,0.0,0.0,0.0,0.0,0.0,0.3,bmd,0.3,bmd,0.3,0.0,0.0,0.0,0.0,False,1.43,0.7,0.0,0.0,0.0
78350,0.0,0.0,0.0,0.0,0.0,0.0,0.0,0.0,0.3,bmd,0.3,bmd,0.3,0.0,0.0,0.0,0.0,False,0.0,0.0,0.0,0.0,0.0
78351,0.0,0.0,0.0,0.0,0.0,0.0,0.0,0.0,0.3,bmd,0.3,bmd,0.3,0.0,0.0,0.0,0.0,False,0.0,0.0,0.0,0.0,0.0
78451,2117075.630001984,2764125.060013422,22185.0,0.0,0.0,0.0,2117075.630001984,2764125.060013422,0.4,preopst,0.5,preopst,0.5,1058537.815000992,1382062.530006711,323524.71500571887,211707.56300019834,True,1.6736829950493086,0.6568433960264464,1014619.756719036,1151576.8813794774,208588.07196829974
78452,251875907.60094687,322548979.41937274,1336466.0,0.0,0.0,0.0,251875907.60094687,322548979.41937274,0.4,preopst,0.5,preopst,0.5,125937953.80047344,161274489.70968637,35336535.90921293,25187590.760094687,True,1.5197135365011636,0.7158232915386574,120712868.48321977,124403248.54739447,27044796.18572948
78453,33815.659999507,44207.66000040899,860.0,0.0,0.0,0.0,33815.659999507,44207.66000040899,0.4,preopst,0.5,preopst,0.5,16907.8299997535,22103.830000204496,5196.000000450997,3381.565999950699,True,1.9873223885028415,0.5346365855346309,16206.334925295645,21840.850914681578,2711.863349960463
78454,231915.43000011,310375.100000125,4739.0,0.0,0.0,0.0,231915.43000011,310375.100000125,0.4,preopst,0.5,preopst,0.5,115957.715000055,155187.5500000625,39229.8350000075,23191.54300001099,True,2.0687474170061044,0.5088225087173955,111146.7034202655,155926.69520239098,17700.568635439427
78460,0.0,0.0,0.0,0.0,0.0,0.0,0.0,0.0,0.4,preopst,0.5,preopst,0.5,0.0,0.0,0.0,0.0,True,1.43,0.7,0.0,0.0,0.0
78461,0.0,0.0,0.0,0.0,0.0,0.0,0.0,0.0,0.4,preopst,0.5,preopst,0.5,0.0,0.0,0.0,0.0,True,1.43,0.7,0.0,0.0,0.0
78464,0.0,0.0,0.0,0.0,0.0,0.0,0.0,0.0,0.4,preopst,0.5,preopst,0.5,0.0,0.0,0.0,0.0,True,1.43,0.7,0.0,0.0,0.0
78465,0.0,0.0,0.0,0.0,0.0,0.0,0.0,0.0,0.4,preopst,0.5,preopst,0.5,0.0,0.0,0.0,0.0,True,1.43,0.7,0.0,0.0,0.0
78472,746436.340005408,965339.3000040661,9424.0,0.0,0.0,0.0,746436.340005408,965339.3000040661,0.4,preopst,0.5,preopst,0.5,373218.170002704,482669.65000203304,109451.47999932902,74643.63400054077,True,1.59643273196249,0.6867639944809508,357733.58635365573,387281.50679104764,76893.84037317827
78473,41331.929999515996,53478.81000058501,344.0,0.0,0.0,0.0,41331.929999515996,53478.81000058501,0.4,preopst,0.5,preopst,0.5,20665.964999757998,26739.405000292503,6073.440000534505,4133.1929999516,True,1.5694315508615253,0.6964225962833093,19808.54730295953,21081.981374753126,4317.673499949439
78481,85766.18000078,110156.18000146,716.0,0.0,0.0,0.0,85766.18000078,110156.18000146,0.4,preopst,0.5,preopst,0.5,42883.09000039,55078.09000073,12195.000000339998,8576.618000078,True,1.4464719636574697,0.7438069411509293,41103.897968458936,40318.97181036668,9569.022000087027
78483,8145.200000067,10237.530000045,141.0,0.0,0.0,0.0,8145.200000067,10237.530000045,0.4,preopst,0.5,preopst,0.5,4072.6000000335,5118.7650000225,1046.1649999890005,814.5200000066998,True,2.0844315670578992,0.5,3903.6304255640257,5517.886400045388,610.890000005025
78491,124065.150000654,156654.519999182,231.0,0.0,0.0,0.0,124065.150000654,156654.519999182,0.4,preopst,0.5,preopst,0.5,62032.575000327,78327.259999591,16294.684999263998,12406.515000065396,True,1.446892215098277,0.7434234956391863,59458.883058824074,58340.39240280754,13834.94212507293
78492,104906262.94319409,131983052.70442489,100344.0,0.0,0.0,0.0,104906262.94319409,131983052.70442489,0.4,preopst,0.5,preopst,0.5,52453131.471597046,65991526.352212444,13538394.880615398,10490626.294319406,True,1.4325799271343382,0.7490266833520955,50276884.52756271,48843147.120006435,11786638.529280527
81240,516724.97999861004,516724.97999861004,8035.0,0.0,0.0,0.0,516724.97999861004,516724.97999861004,0.35,hyperco,0.35,hyperco,0.35,180853.74299951352,180853.74299951352,0.0,0.0,False,1.001670059385224,0.8496116140964595,173350.2366410231,117751.25666873578,46096.63215156088
81241,1551127.5600090001,1551127.5600090001,21587.0,0.0,0.0,0.0,1551127.5600090001,1551127.5600090001,0.35,hyperco,0.35,hyperco,0.35,542894.64600315,542894.64600315,0.0,0.0,False,1.0020769693537912,0.8495169838712113,520370.29366897687,353614.4440044033,138359.4666697275
82270,566156.7800052505,566156.7800052505,132660.0,0.0,0.0,0.0,566156.7800052505,566156.7800052505,0.15,colon,0.15,colon,0.15,84923.51700078757,84923.51700078757,0.0,0.0,False,1.3969428186845234,0.7575015090493837,81400.09448692513,77111.6431875941,19298.907684563274
82652,6197808.480000336,6197808.480000336,164562.0,0.0,0.0,0.0,6197808.480000336,6197808.480000336,0.35,vitd,0.35,vitd,0.35,2169232.968000117,2169232.968000117,0.0,0.0,False,1.43,0.7,2079232.8767745805,2016302.043756109,455538.9232800246
83090,4452943.689896139,4452943.689896139,253867.0,0.0,0.0,0.0,4452943.689896139,4452943.689896139,0.75,homocy,0.75,homocy,0.75,3339707.7674221043,3339707.7674221043,0.0,0.0,False,1.0524312235757953,0.837786109319502,3201145.423880124,2284628.2758348617,839388.2330198055
83970,69721721.9803886,69721721.9803886,1728163.0,0.0,0.0,0.0,69721721.9803886,69721721.9803886,0.4,pth,0.4,pth,0.4,27888688.79215544,27888688.79215544,0.0,0.0,False,1.0859889438203916,0.8298601622571257,26731604.895459633,19686424.995853513,6943113.541858979
84152,154716.499998646,154716.499998646,8618.0,0.0,0.0,0.0,154716.499998646,154716.499998646,0.8,psa,0.8,psa,0.8,123773.19999891681,123773.19999891681,0.0,0.0,False,1.1685999154963582,0.8107665103370929,118637.92893513197,94016.87818864123,30105.349630913053
84153,57487009.12157839,57487049.58141823,3197288.0,0.0,0.0,0.0,57487009.12157839,57487049.58141823,0.8,psa,0.8,psa,0.8,45989607.29726271,45989639.66513459,32.36787187308073,0.0,False,1.126412398205589,0.8205370837428766,44081527.84556778,33672121.50135791,11320853.476252818
84154,8546011.539778912,8546011.539778912,474976.0,0.0,0.0,0.0,8546011.539778912,8546011.539778912,0.8,psa,0.8,psa,0.8,6836809.2318231305,6836809.2318231305,0.0,0.0,False,1.0671025233447027,0.8343569896327522,6553154.380715576,4742124.648888134,1711301.8708072067
84480,8135039.159932447,8135039.159932447,586129.0,0.0,0.0,0.0,8135039.159932447,8135039.159932447,0.5,t3,0.5,t3,0.5,4067519.5799662233,4067519.5799662233,0.0,0.0,False,1.0872351861900125,0.829466608375371,3898760.788882519,2874527.7651064643,1012161.5011484991
84481,24624052.520419665,24624055.91050378,1486987.0,0.0,0.0,0.0,24624052.520419665,24624055.91050378,0.5,t3,0.5,t3,0.5,12312026.260209832,12312027.95525189,1.6950420569628477,0.0,False,1.0888959981781574,0.8291513545328376,11801208.149413895,8714235.480734468,3062559.9752090545
85300,180216.399992493,180216.399992493,15551.0,0.0,0.0,0.0,180216.399992493,180216.399992493,0.35,hyperco,0.35,hyperco,0.35,63075.73999737255,63075.73999737255,0.0,0.0,False,1.0050529026802102,0.8487986578276143,60458.767805992204,41206.39612248998,16061.581035376017
85303,220743.01999559198,220743.01999559198,16307.0,0.0,0.0,0.0,220743.01999559198,220743.01999559198,0.35,hyperco,0.35,hyperco,0.35,77260.05699845719,77260.05699845719,0.0,0.0,False,1.004831325127448,0.8488572225812968,74054.58654852121,50461.66154456824,19674.827220054915
85306,321783.14000574604,321783.14000574604,21471.0,0.0,0.0,0.0,321783.14000574604,321783.14000574604,0.35,hyperco,0.35,hyperco,0.35,112624.0990020111,112624.0990020111,0.0,0.0,False,1.0037436560631554,0.8490758854774069,107951.39702214045,73479.72118051331,28687.921975868314
85613,508808.450001688,508808.450001688,54302.0,0.0,0.0,0.0,508808.450001688,508808.450001688,0.35,hyperco,0.35,hyperco,0.35,178082.95750059077,178082.95750059077,0.0,0.0,False,1.0038665932749362,0.8490892681572391,170694.40926386413,116201.49571318815,45362.49841663599
86147,5767292.879900753,5767292.879900753,231766.0,0.0,0.0,0.0,5767292.879900753,5767292.879900753,0.35,hyperco,0.35,hyperco,0.35,2018552.5079652632,2018552.5079652632,0.0,0.0,False,1.0413913968574604,0.8403560130306038,1934804.0528475558,1366367.090335049,508890.8213059844
92920,6555008.97005974,8243854.7099993,18433.0,24667125.11999992,30729972.989999935,5608.0,31222134.09005966,38973827.699999236,0.4,pci,0.45,pci,0.45,14049960.340526847,17538222.464999657,3488262.12447281,1561106.704502983,True,1.9665149356420948,0.5154447317731974,13467036.454058181,17959146.95563634,2172593.4117440763
92924,693308.72999316,871105.68000495,1531.0,5989354.989999995,6947962.099999983,603.0,6682663.7199931545,7819067.780004933,0.4,pci,0.45,pci,0.45,3007198.6739969198,3518580.5010022195,511381.82700529974,334133.18599965796,True,2.0460406305167633,0.5016219745313056,2882431.9205013034,3999352.9361719913,452543.08099747763
92928,81689281.20950831,102840851.25011106,192204.0,30221746.360000007,35775890.86999968,3535.0,111911027.56950831,138616742.12011075,0.4,pci,0.45,pci,0.45,50359962.406278744,62377533.95404984,12017571.547771096,5595551.378475413,True,2.0221072288140847,0.506002754317257,48270559.710699104,66191608.61595217,7644683.905467169
92933,6627529.4299539905,8327822.709972749,13480.0,4085783.759999976,4527050.219999995,278.0,10713313.189953966,12854872.929972745,0.4,pci,0.45,pci,0.45,4820990.935479285,5784692.818487735,963701.8830084503,535665.6594976988,True,2.046259919094329,0.5004945521389189,4620971.098794507,6412250.339032418,723863.9097355478
92937,4545184.28995555,5722178.35004757,10999.0,5172782.230000008,6131821.359999963,602.0,9717966.519955557,11853999.710047532,0.4,pci,0.45,pci,0.45,4373084.933980001,5334299.86952139,961214.9355413886,485898.3259977782,True,2.0429784699409566,0.5008737922520503,4191648.43139998,5807176.9387738025,657109.090416861
92943,3497487.57001728,4407204.89998476,7092.0,9114352.929999994,10749253.219999904,1027.0,12611840.500017274,15156458.119984664,0.4,pci,0.45,pci,0.45,5675328.225007773,6820406.153993099,1145077.9289853256,630592.0250008637,True,2.060333314029977,0.5004785672147357,5439862.479502133,7600494.076524787,852114.041557572
92980,0.0,0.0,0.0,0.0,0.0,0.0,0.0,0.0,0.4,pci,0.45,pci,0.45,0.0,0.0,0.0,0.0,True,1.43,0.7,0.0,0.0,0.0
92982,0.0,0.0,0.0,0.0,0.0,0.0,0.0,0.0,0.4,pci,0.45,pci,0.45,0.0,0.0,0.0,0.0,True,1.43,0.7,0.0,0.0,0.0
93015,41816852.870036095,53501292.02989476,816403.0,0.0,0.0,0.0,41816852.870036095,53501292.02989476,0.4,preopst,0.5,preopst,0.5,20908426.435018048,26750646.01494738,5842219.579929333,4181685.2870036084,True,1.4300806591359283,0.7499678508868413,20040949.16803326,19435478.56749569,4704194.291668831
93016,11915863.409762004,15762198.089954257,771492.0,0.0,0.0,0.0,11915863.409762004,15762198.089954257,0.4,preopst,0.5,preopst,0.5,5957931.704881002,7881099.0449771285,1923167.3400961263,1191586.3409762,True,1.9399315709649978,0.5559384790496122,5710740.921380621,7512686.87776878,993673.0470879022
93017,1766216.1200338202,2268667.109974356,75972.0,0.0,0.0,0.0,1766216.1200338202,2268667.109974356,0.4,preopst,0.5,preopst,0.5,883108.0600169101,1134333.554987178,251225.49497026787,176621.61200338195,True,1.4299943018782422,0.7500013251445948,846468.4702928044,820845.6709485046,198699.6645775665
93018,9525099.869935222,12519297.269685522,915320.0,0.0,0.0,0.0,9525099.869935222,12519297.269685522,0.4,preopst,0.5,preopst,0.5,4762549.934967611,6259648.634842761,1497098.6998751499,952509.9869935219,True,1.9477257754155897,0.5529973934794883,4564954.778091296,6029491.822276167,790103.3101058987
93303,1070355.099988332,1451514.60000471,12159.0,0.0,0.0,0.0,1070355.099988332,1451514.60000471,0.5,preopec,0.5,preopec,0.5,535177.549994166,725757.300002355,190579.750008189,0.0,False,1.618105112548743,0.6769837309324113,512973.37504759966,562882.7943484659,108691.94835189526
93304,60477.529999477,82416.520001018,1517.0,0.0,0.0,0.0,60477.529999477,82416.520001018,0.5,preopec,0.5,preopec,0.5,30238.7649997385,41208.260000509,10969.495000770497,0.0,False,1.7571977286588016,0.6182263297830526,28984.17794123872,34538.06796374205,5608.320210888169
93306,579660097.00476,772148355.1176388,6741204.0,0.0,0.0,0.0,579660097.00476,772148355.1176388,0.5,preopec,0.5,preopec,0.5,289830048.50238,386074177.5588194,96244129.0564394,0.0,False,1.6380480410439016,0.6652078133173227,277805184.78791964,308591103.07023865,57839163.83937653
93307,976755.22999599,1281308.4400087679,21507.0,0.0,0.0,0.0,976755.22999599,1281308.4400087679,0.5,preopec,0.5,preopec,0.5,488377.614997995,640654.2200043839,152276.6050063889,0.0,False,1.7724137799361475,0.6070889324576588,468115.1394821208,562644.689512618,88946.59347760509
93308,13106911.840059169,16997732.959837116,546726.0,0.0,0.0,0.0,13106911.840059169,16997732.959837116,0.5,preopec,0.5,preopec,0.5,6553455.920029584,8498866.479918558,1945410.5598889738,0.0,False,1.872453408651989,0.574434423200612,6281557.216964528,7976176.56934147,1129359.201417849
93312,27019971.25997517,34357636.880045995,325566.0,0.0,0.0,0.0,27019971.25997517,34357636.880045995,0.5,preopec,0.5,preopec,0.5,13509985.629987584,17178818.440022998,3668832.810035413,0.0,False,2.0431861783293996,0.5032311612473178,12949464.949594485,17942220.340602636,2039593.7271039684
93315,145544.230000014,184764.19999698,1464.0,0.0,0.0,0.0,145544.230000014,184764.19999698,0.5,preopec,0.5,preopec,0.5,72772.115000007,92382.09999849,19609.984998482993,0.0,False,2.0392577560408687,0.5055719066770404,69752.84639894289,96460.71495922052,11037.461080042318
93318,81478.51000024399,104279.11000288,1028.0,0.0,0.0,0.0,81478.51000024399,104279.11000288,0.5,preopec,0.5,preopec,0.5,40739.25500012199,52139.55500144,11400.300001318006,0.0,False,2.0132946557995375,0.5044561335885489,39049.00931394672,53313.08084245013,6165.35011879185
93350,3975133.670000453,5336302.300000748,66021.0,0.0,0.0,0.0,3975133.670000453,5336302.300000748,0.4,preopst,0.5,preopst,0.5,1987566.8350002265,2668151.150000374,680584.3150001473,397513.36700004525,True,1.846909731848599,0.5934503582369292,1905103.955675749,2386056.7446699343,353856.67507521715
93351,25378298.18954325,33673205.74997141,177820.0,0.0,0.0,0.0,25378298.18954325,33673205.74997141,0.4,preopst,0.5,preopst,0.5,12689149.094771625,16836602.874985706,4147453.7802140806,2537829.8189543243,True,1.51498258584903,0.7181175800015096,12162684.39828642,12495495.940083647,2733690.3120647236
93503,3341003.1800000397,4191851.5900151543,48382.0,47866.55999999997,60077.39999999987,37.0,3388869.74000004,4251928.990015154,0.55,rhcath,0.55,rhcath,0.55,1863878.357000022,2338560.9445083346,474682.58750831266,0.0,False,2.002787678852746,0.5001125261191236,1786547.233677681,2426419.1953819636,279644.6740494128
93880,163248806.45602468,216412238.50956157,1721858.0,0.0,0.0,0.0,163248806.45602468,216412238.50956157,0.55,ctdsync,0.55,ctdsync,0.55,89786843.55081359,119026731.18025887,29239887.629445285,0.0,False,1.4962656600603692,0.7228485717897983,86061644.72264154,87324230.97469188,19470687.4878659
93882,1680822.319996844,2284272.080014896,28412.0,0.0,0.0,0.0,1680822.319996844,2284272.080014896,0.55,ctdsync,0.55,ctdsync,0.55,924452.2759982643,1256349.644008193,331897.3680099286,0.0,False,1.5006592102980167,0.7214482387985042,886097.3411430174,901737.0845975437,200083.33991166492
94010,13592536.019744104,18124491.33019498,844050.0,0.0,0.0,0.0,13592536.019744104,18124491.33019498,0.5,pft,0.5,pft,0.5,6796268.009872052,9062245.66509749,2265977.655225438,0.0,False,1.4880142767912796,0.7275983586441661,6514295.188185872,6573413.487933156,1483486.0346666274
95812,2702851.799972608,3460499.97996643,20153.0,0.0,0.0,0.0,2702851.799972608,3460499.97996643,0.55,eeg,0.55,eeg,0.55,1486568.4899849347,1903274.9889815366,416706.4989966019,0.0,False,1.5432373784463094,0.702846941808199,1424891.7122089642,1491183.2385874058,313449.03509230306
95813,3958653.43000812,5065109.529978749,25689.0,0.0,0.0,0.0,3958653.43000812,5065109.529978749,0.55,eeg,0.55,eeg,0.55,2177259.386504466,2785810.2414883124,608550.8549838462,0.0,False,1.6015548601819412,0.6790819488141386,2086926.28429843,2266550.2290164367,443561.2641783986
95816,46503879.76045576,59082764.22007292,276691.0,0.0,0.0,0.0,46503879.76045576,59082764.22007292,0.55,eeg,0.55,eeg,0.55,25577133.868250668,32495520.32104011,6918386.452789441,0.0,False,1.5060627965339513,0.7165949918228756,24515954.909887083,25038500.344611548,5498533.810551504
95819,27928619.039854027,35638132.19022598,155392.0,0.0,0.0,0.0,27928619.039854027,35638132.19022598,0.55,eeg,0.55,eeg,0.55,15360740.471919715,19600972.70462429,4240232.232704576,0.0,False,1.500787957484967,0.715182658799614,14723433.15446773,14984589.306900887,3295720.563551514
95822,951625.740003372,1210916.120006376,20713.0,0.0,0.0,0.0,951625.740003372,1210916.120006376,0.55,eeg,0.55,eeg,0.55,523394.1570018546,666003.8660035068,142609.7090016522,0.0,False,1.9782241903166735,0.512066325124843,501678.86750922457,673004.1385934566,80403.75677032644
95827,0.0,0.0,0.0,0.0,0.0,0.0,0.0,0.0,0.55,eeg,0.55,eeg,0.55,0.0,0.0,0.0,0.0,False,1.43,0.7,0.0,0.0,0.0
95830,7601.19000002,9508.49999998,19.0,0.0,0.0,0.0,7601.19000002,9508.49999998,0.55,eeg,0.55,eeg,0.55,4180.654500011001,5229.674999989001,1049.0204999779999,0.0,False,1.4559048937033237,0.7386382045160861,4007.2018133084175,3956.312974541745,926.3973400770664
95957,5950095.42999434,7487916.64006022,28992.0,0.0,0.0,0.0,5950095.42999434,7487916.64006022,0.55,eeg,0.55,eeg,0.55,3272552.486496887,4118354.1520331213,845801.6655362342,0.0,False,1.4479081034048538,0.7358498922447337,3136776.372695421,3079930.921610755,722432.2183661909
C9600,17643785.139845997,22150332.759969,3798.0,722523460.6599998,854093233.769993,83141.0,740167245.7998458,876243566.529962,0.4,pci,0.45,pci,0.45,333075260.60993063,394309604.9384829,61234344.328552246,37008362.28999227,True,1.25,0.65,319256180.6484548,270623649.24556863,64949675.81893647
C9602,0.0,0.0,0.0,88883091.84999952,98113701.12999965,5798.0,88883091.84999952,98113701.12999965,0.4,pci,0.45,pci,0.45,39997391.33249979,44151165.508499846,4153774.1760000587,4444154.592499979,True,0.0,0.0,38337925.09636416,0.0,0.0
C9604,0.0,0.0,0.0,33931369.45999996,40276972.39999965,3980.0,33931369.45999996,40276972.39999965,0.4,pci,0.45,pci,0.45,15269116.256999984,18124637.57999984,2855521.3229998574,1696568.4729999974,True,0.0,0.0,14635610.369741477,0.0,0.0
C9607,0.0,0.0,0.0,56158665.829999894,61956452.00999973,3632.0,56158665.829999894,61956452.00999973,0.4,pci,0.45,pci,0.45,25271399.623499952,27880403.404499877,2609003.780999925,2807933.2914999947,True,0.0,0.0,24222905.383801553,0.0,0.0
G0102,139031.180000116,240387.8800049125,10522.0,0.0,0.0,0.0,139031.180000116,240387.8800049125,0.1,cncr,0.1,cncr,0.1,13903.1180000116,24038.78800049125,10135.670000479651,0.0,False,1.4344072137695,0.747026165715951,13326.28650852176,12962.776289518395,3115.797879313526
G0103,26093051.830902148,26093051.830902148,1382647.0,0.0,0.0,0.0,26093051.830902148,26093051.830902148,0.8,psa,0.8,psa,0.8,20874441.46472172,20874441.46472172,0.0,0.0,False,1.1165061106226923,0.8228457459821272,20008374.212461993,15149186.943278378,5152933.607699757
G0104,308383.510000628,308383.510000628,4016.0,0.0,0.0,0.0,308383.510000628,308383.510000628,0.15,colon,0.15,colon,0.15,46257.5265000942,46257.5265000942,0.0,0.0,False,1.4386618165820755,0.6267349491229929,44338.33125168604,43256.80911839236,8697.36255527761
G0105,113448236.3482424,113448236.3482424,427908.0,0.0,0.0,0.0,113448236.3482424,113448236.3482424,0.15,colon,0.15,colon,0.15,17017235.452236358,17017235.452236358,0.0,0.0,False,1.3976992458369666,0.6285957873657272,16311201.215388257,15460235.152583553,3209088.7553659435
G0106,0.0,0.0,0.0,0.0,0.0,0.0,0.0,0.0,0.15,colon,0.15,colon,0.15,0.0,0.0,0.0,0.0,False,1.6762699208952345,0.6581082384719276,0.0,0.0,0.0
G0120,1807.379999997,2264.060000004,33.0,0.0,0.0,0.0,1807.379999997,2264.060000004,0.15,colon,0.15,colon,0.15,271.10699999955,339.60900000059996,68.50200000104996,0.0,False,1.69333304459694,0.6290685363952224,259.85894361659,298.3983871185074,51.16346510886494
G0121,79982046.58121292,79982046.58121292,304855.0,0.0,0.0,0.0,79982046.58121292,79982046.58121292,0.15,colon,0.15,colon,0.15,11997306.987181937,11997306.987181937,0.0,0.0,False,1.4284335457611088,0.6235837648302669,11499546.378139284,11139281.243535133,2244397.757667414
G0122,0.0,0.0,0.0,0.0,0.0,0.0,0.0,0.0,0.15,colon,0.15,colon,0.15,0.0,0.0,0.0,0.0,False,0.0,0.0,0.0,0.0,0.0
G0123,1058717.849980536,1058717.849980536,53376.0,0.0,0.0,0.0,1058717.849980536,1058717.849980536,0.2,cerv,0.2,cerv,0.2,211743.5699961072,211743.5699961072,0.0,0.0,False,1.122155583887059,0.8215722356644922,202958.46443243895,154445.99912515283,52188.7914567848
G0124,803037.320001878,810519.490005911,35402.0,0.0,0.0,0.0,803037.320001878,810519.490005911,0.2,cerv,0.2,cerv,0.2,160607.4640003756,162103.8980011822,1496.434000806621,0.0,False,1.3478445397829235,0.7469237659373558,153943.96283440257,140708.03071083766,35988.45955464265
G0141,40227.539999415,40227.539999415,1781.0,0.0,0.0,0.0,40227.539999415,40227.539999415,0.2,cerv,0.2,cerv,0.2,8045.507999883001,8045.507999883001,0.0,0.0,False,1.3684776307708209,0.7458551433773326,7711.705008398494,7156.563521917923,1800.2350568388636
G0143,6600.990000000001,6600.990000000001,249.0,0.0,0.0,0.0,6600.990000000001,6600.990000000001,0.2,cerv,0.2,cerv,0.2,1320.1980000000003,1320.1980000000003,0.0,0.0,False,1.0725301204819278,0.8331325301204819,1265.423827659575,920.3688780000002,329.9699700000001
G0144,37962.29,37962.29,881.0,0.0,0.0,0.0,37962.29,37962.29,0.2,cerv,0.2,cerv,0.2,7592.4580000000005,7592.4580000000005,0.0,0.0,False,1.080533484676504,0.8312712826333712,7277.451763829788,5332.538315000001,1893.4176900000002
G0145,8905399.020172995,8905399.020172995,343184.0,0.0,0.0,0.0,8905399.020172995,8905399.020172995,0.2,cerv,0.2,cerv,0.2,1781079.804034599,1781079.804034599,0.0,0.0,False,1.050327800412473,0.8382833525761615,1707183.9398246533,1215966.4614049804,447914.8647995449
G0147,949.76,949.76,56.0,0.0,0.0,0.0,949.76,949.76,0.2,cerv,0.2,cerv,0.2,189.952,189.952,0.0,0.0,False,1.0,0.85,182.07101276595748,123.4688,48.43776
G0148,0.0,0.0,0.0,0.0,0.0,0.0,0.0,0.0,0.2,cerv,0.2,cerv,0.2,0.0,0.0,0.0,0.0,False,1.54,0.675,0.0,0.0,0.0
G0202,0.0,0.0,0.0,0.0,0.0,0.0,0.0,0.0,0.1,cncr,0.1,cncr,0.1,0.0,0.0,0.0,0.0,False,1.43,0.7,0.0,0.0,0.0
G0289,156350.50000039997,195854.30999987,2408.0,0.0,0.0,0.0,156350.50000039997,195854.30999987,0.55,arth,0.65,arth,0.65,101627.82500025998,127305.3014999155,25677.476499655517,15635.050000039992,True,1.5277017161375723,0.6044048364644568,97411.35140982368,100917.05172914693,18427.304684856168
G0290,0.0,0.0,0.0,0.0,0.0,0.0,0.0,0.0,0.4,pci,0.45,pci,0.45,0.0,0.0,0.0,0.0,True,1.43,0.7,0.0,0.0,0.0
G0328,6214294.790201975,6214294.790201975,352524.0,0.0,0.0,0.0,6214294.790201975,6214294.790201975,0.15,colon,0.15,colon,0.15,932144.2185302962,932144.2185302962,0.0,0.0,False,1.1926325532507371,0.8051981854103103,893470.1498891457,722608.6005734053,225168.24999039187
P3000,16184.44000036,16184.44000036,955.0,0.0,0.0,0.0,16184.44000036,16184.44000036,0.2,cerv,0.2,cerv,0.2,3236.888000072,3236.888000072,0.0,0.0,False,1.0346929229148574,0.8419318783918937,3102.5915830477365,2176.9703188626413,817.5717582134397
P3001,16359.410000082,16459.08000015,747.0,0.0,0.0,0.0,16359.410000082,16459.08000015,0.2,cerv,0.2,cerv,0.2,3271.8820000164,3291.81600003,19.93400001359987,0.0,False,1.7442050360197086,0.6193667356549165,3136.1337042710393,3709.4414900990473,607.9484621394711
Q0091,16519193.840126762,16519193.840126762,394388.0,0.0,0.0,0.0,16519193.840126762,16519193.840126762,0.2,cerv,0.2,cerv,0.2,3303838.7680253526,3303838.7680253526,0.0,0.0,False,1.4368980941422678,0.7474188659814033,3166764.6063732374,3085731.758933829,740805.4276148716
