hcpcs_cd,max_share,max_share_measure,n_measures,phys_paid,phys_alowd,phys_srvcs,hopd_paid,hopd_alowd,hopd_srvcs,combined_paid,combined_alowd,lv_paid,lv_alowd,patient_oop
0146T,0.4,preopst,2,0.0,0.0,0.0,0.0,0.0,0.0,0.0,0.0,0.0,0.0,0.0
0147T,0.4,preopst,2,0.0,0.0,0.0,0.0,0.0,0.0,0.0,0.0,0.0,0.0,0.0
0148T,0.4,preopst,2,0.0,0.0,0.0,0.0,0.0,0.0,0.0,0.0,0.0,0.0,0.0
0149T,0.4,preopst,2,0.0,0.0,0.0,0.0,0.0,0.0,0.0,0.0,0.0,0.0,0.0
20552,0.35,spinj,1,9450373.299984885,12501639.580006765,275695.0,0.0,0.0,0.0,9450373.299984885,12501639.580006765,3307630.65499471,4375573.853002368,1067943.1980076577
20553,0.35,spinj,1,14543409.03991267,19018434.410024427,356867.0,0.0,0.0,0.0,14543409.03991267,19018434.410024427,5090193.163969435,6656452.043508549,1566258.8795391144
22520,0.55,vert,1,0.0,0.0,0.0,0.0,0.0,0.0,0.0,0.0,0.0,0.0,0.0
22521,0.55,vert,1,0.0,0.0,0.0,0.0,0.0,0.0,0.0,0.0,0.0,0.0,0.0
22523,0.55,vert,1,0.0,0.0,0.0,0.0,0.0,0.0,0.0,0.0,0.0,0.0,0.0
22524,0.55,vert,1,0.0,0.0,0.0,0.0,0.0,0.0,0.0,0.0,0.0,0.0,0.0
29877,0.55,arth,1,1443917.3299998,1822666.6299999,2570.0,1631556.8299999947,2067471.199999995,731.0,3075474.159999795,3890137.829999895,1691510.7879998873,2139575.806499942,448065.01850005495
29879,0.55,arth,1,3308666.41000649,4169831.69996718,6733.0,2950209.039999986,3726580.8999999915,1329.0,6258875.450006476,7896412.599967171,3442381.497503562,4343026.929981945,900645.4324783832
29880,0.55,arth,1,25591153.400006212,32312447.85016891,42160.0,23457539.909999926,29602216.639999896,10240.0,49048693.31000614,61914664.49016881,26976781.32050338,34053065.46959285,7076284.149089467
29881,0.55,arth,1,31639946.80006198,39962081.62995495,55095.0,32480967.469999917,41037771.15999985,14320.0,64120914.270061895,80999852.7899548,35266502.84853405,44549919.03447514,9283416.185941093
3100F,0.55,ctdsync,2,0.0,0.0,0.0,0.0,0.0,0.0,0.0,0.0,0.0,0.0,0.0
35301,0.3,cea,1,19925614.37005384,25069204.16014112,29288.0,0.0,0.0,0.0,19925614.37005384,25069204.16014112,5977684.311016152,7520761.248042337,1543076.937026185
35450,0.65,renlstent,1,0.0,0.0,0.0,0.0,0.0,0.0,0.0,0.0,0.0,0.0,0.0
35471,0.65,renlstent,1,0.0,0.0,0.0,0.0,0.0,0.0,0.0,0.0,0.0,0.0,0.0
37191,0.55,ivc,1,3873693.5799902603,4877360.79002904,19045.0,7623116.329999981,9604116.869999973,1903.0,11496809.909990242,14481477.660029013,6323245.450494633,7964812.713015958,1641567.2625213247
37192,0.55,ivc,1,5803.72999998,7263.59000004,22.0,0.0,0.0,0.0,5803.72999998,7263.59000004,3192.051499989,3994.974500022,802.9230000329999
37205,0.65,renlstent,1,0.0,0.0,0.0,0.0,0.0,0.0,0.0,0.0,0.0,0.0,0.0
37207,0.65,renlstent,1,0.0,0.0,0.0,0.0,0.0,0.0,0.0,0.0,0.0,0.0,0.0
37236,0.65,renlstent,1,5544381.620062981,6972923.750027319,10511.0,35475947.709999956,41935246.4699996,4031.0,41020329.33006294,48908170.22002692,26663214.06454091,31790310.643017497,5127096.578476585
45330,0.15,colon,2,2671673.2300135307,3536596.59004293,46331.0,0.0,0.0,0.0,2671673.2300135307,3536596.59004293,400750.9845020296,530489.4885064395,129738.50400440989
45331,0.15,colon,2,4114239.81983113,5269627.499930089,36534.0,0.0,0.0,0.0,4114239.81983113,5269627.499930089,617135.9729746695,790444.1249895134,173308.1520148439
45332,0.15,colon,2,24773.559999881003,31799.310000179998,293.0,0.0,0.0,0.0,24773.559999881003,31799.310000179998,3716.0339999821504,4769.896500026999,1053.8625000448487
45333,0.15,colon,2,59006.749999871,75131.25000052,542.0,0.0,0.0,0.0,59006.749999871,75131.25000052,8851.012499980648,11269.687500078,2418.6750000973516
45334,0.15,colon,2,386782.43000358,493588.77999494004,3244.0,0.0,0.0,0.0,386782.43000358,493588.77999494004,58017.364500537,74038.316999241,16020.952498703999
45335,0.15,colon,2,220185.73000041198,278685.92999871,2999.0,0.0,0.0,0.0,220185.73000041198,278685.92999871,33027.85950006179,41802.8894998065,8775.029999744707
45336,0.15,colon,2,0.0,0.0,0.0,0.0,0.0,0.0,0.0,0.0,0.0,0.0,0.0
45337,0.15,colon,2,143854.280000055,183639.7499931,1665.0,0.0,0.0,0.0,143854.280000055,183639.7499931,21578.14200000825,27545.962498965,5967.820498956749
45338,0.15,colon,2,1155454.78001546,1466333.20001502,6550.0,0.0,0.0,0.0,1155454.78001546,1466333.20001502,173318.217002319,219949.980002253,46631.762999934
45339,0.15,colon,2,0.0,0.0,0.0,0.0,0.0,0.0,0.0,0.0,0.0,0.0,0.0
45340,0.15,colon,2,108148.069999585,139545.25999976997,1076.0,0.0,0.0,0.0,108148.069999585,139545.25999976997,16222.21049993775,20931.788999965494,4709.578500027745
45341,0.15,colon,2,185059.49999285,239410.54000465,1715.0,0.0,0.0,0.0,185059.49999285,239410.54000465,27758.9249989275,35911.5810006975,8152.656001769999
45342,0.15,colon,2,55667.28000066001,71617.19000097,393.0,0.0,0.0,0.0,55667.28000066001,71617.19000097,8350.092000099,10742.5785001455,2392.4865000464997
45343,0.15,colon,2,0.0,0.0,0.0,0.0,0.0,0.0,0.0,0.0,0.0,0.0,0.0
45344,0.15,colon,2,0.0,0.0,0.0,0.0,0.0,0.0,0.0,0.0,0.0,0.0,0.0
45345,0.15,colon,2,0.0,0.0,0.0,0.0,0.0,0.0,0.0,0.0,0.0,0.0,0.0
45378,0.15,colon,2,58925314.79974557,76658141.86936966,322517.0,0.0,0.0,0.0,58925314.79974557,76658141.86936966,8838797.219961835,11498721.280405449,2659924.0604436137
45379,0.15,colon,2,151626.52000206,190546.39000463,1020.0,0.0,0.0,0.0,151626.52000206,190546.39000463,22743.978000308998,28581.958500694498,5837.9805003855
45380,0.15,colon,2,253961581.4231959,312111886.13479656,1337772.0,0.0,0.0,0.0,253961581.4231959,312111886.13479656,38094237.213479385,46816782.92021948,8722545.706740096
45381,0.15,colon,2,7507827.910037382,9137332.58018082,85316.0,0.0,0.0,0.0,7507827.910037382,9137332.58018082,1126174.186505607,1370599.887027123,244425.70052151592
45382,0.15,colon,2,4973932.02989988,6263136.119995541,22914.0,0.0,0.0,0.0,4973932.02989988,6263136.119995541,746089.804484982,939470.4179993311,193380.6135143491
45383,0.15,colon,2,0.0,0.0,0.0,0.0,0.0,0.0,0.0,0.0,0.0,0.0,0.0
45384,0.15,colon,2,11510464.969828509,14211069.38985597,54350.0,0.0,0.0,0.0,11510464.969828509,14211069.38985597,1726569.7454742764,2131660.4084783955,405090.6630041192
45385,0.15,colon,2,434171231.70172477,528191609.7944539,1522156.0,0.0,0.0,0.0,434171231.70172477,528191609.7944539,65125684.75525871,79228741.46916808,14103056.713909373
45386,0.15,colon,2,424969.24000202003,541409.83999558,2234.0,0.0,0.0,0.0,424969.24000202003,541409.83999558,63745.386000303,81211.475999337,17466.089999033997
45387,0.15,colon,2,0.0,0.0,0.0,0.0,0.0,0.0,0.0,0.0,0.0,0.0,0.0
45388,0.15,colon,2,8148584.59989395,10062978.14005545,22960.0,0.0,0.0,0.0,8148584.59989395,10062978.14005545,1222287.6899840925,1509446.7210083173,287159.0310242248
45389,0.15,colon,2,94425.73000168,119827.47000056,392.0,319583.4799999995,401339.16999999975,75.0,414009.2100016795,521166.64000055974,62101.38150025192,78174.99600008396,16073.614499832045
45390,0.15,colon,2,13183088.570093058,16180495.830066621,33328.0,34484451.58999989,42321632.0899998,16298.0,47667540.16009295,58502127.92006642,7150131.024013942,8775319.188009962,1625188.1639960203
45391,0.15,colon,2,125109.29000059,160074.42000053,707.0,0.0,0.0,0.0,125109.29000059,160074.42000053,18766.3935000885,24011.163000079498,5244.769499990998
45392,0.15,colon,2,34675.82999978,43882.1199995,146.0,0.0,0.0,0.0,34675.82999978,43882.1199995,5201.374499967,6582.317999925,1380.9434999579998
62311,0.35,spinj,1,0.0,0.0,0.0,0.0,0.0,0.0,0.0,0.0,0.0,0.0,0.0
64475,0.35,spinj,1,0.0,0.0,0.0,0.0,0.0,0.0,0.0,0.0,0.0,0.0,0.0
64483,0.35,spinj,1,178739656.00183094,229631698.34135145,903960.0,0.0,0.0,0.0,178739656.00183094,229631698.34135145,62558879.600640826,80371094.419473,17812214.81883218
64493,0.35,spinj,1,113123021.8486673,144863056.33913794,625203.0,0.0,0.0,0.0,113123021.8486673,144863056.33913794,39593057.64703355,50702069.71869828,11109012.071664728
70450,0.6,sync,2,156288521.42905042,207182606.56303713,4973151.7,0.0,0.0,0.0,156288521.42905042,207182606.56303713,93773112.85743025,124309563.93782227,30536451.080392018
70460,0.6,sync,2,972651.150009095,1272623.429991689,19477.0,0.0,0.0,0.0,972651.150009095,1272623.429991689,583590.6900054569,763574.0579950134,179983.36798955651
70470,0.6,sync,2,3912976.270004907,5162262.450026078,62791.0,0.0,0.0,0.0,3912976.270004907,5162262.450026078,2347785.762002944,3097357.470015647,749571.7080127029
70486,0.5,rhinoct,1,24570468.370152853,32550323.46920903,516361.0,0.0,0.0,0.0,24570468.370152853,32550323.46920903,12285234.185076427,16275161.734604515,3989927.5495280884
70487,0.5,rhinoct,1,1458969.680002058,1955162.659997724,32374.0,0.0,0.0,0.0,1458969.680002058,1955162.659997724,729484.840001029,977581.329998862,248096.48999783304
70488,0.5,rhinoct,1,274342.85999410204,361474.789994134,3750.0,0.0,0.0,0.0,274342.85999410204,361474.789994134,137171.42999705102,180737.394997067,43565.965000015975
70498,0.55,ctdsync,2,49509218.63032726,63925902.0597625,749918.0,0.0,0.0,0.0,49509218.63032726,63925902.0597625,27230070.246679995,35159246.13286938,7929175.8861893825
70547,0.55,ctdsync,2,4621259.430072079,5898948.74003836,61552.0,0.0,0.0,0.0,4621259.430072079,5898948.74003836,2541692.686539644,3244421.807021098,702729.1204814543
70548,0.55,ctdsync,2,824272.949994011,1062870.2900048739,11599.0,0.0,0.0,0.0,824272.949994011,1062870.2900048739,453350.1224967061,584578.6595026806,131228.53700597456
70549,0.55,ctdsync,2,4853323.01001158,6212311.36004631,41740.0,0.0,0.0,0.0,4853323.01001158,6212311.36004631,2669327.655506369,3416771.248025471,747443.5925191017
70551,0.6,sync,2,83120881.03878658,109431833.9713638,1124148.0,0.0,0.0,0.0,83120881.03878658,109431833.9713638,49872528.62327194,65659100.382818274,15786571.759546332
70552,0.6,sync,2,1576740.420002717,2030567.0600106982,18188.0,0.0,0.0,0.0,1576740.420002717,2030567.0600106982,946044.2520016301,1218340.236006419,272295.9840047888
70553,0.6,sync,2,127000756.32868977,165264874.26662523,1030414.0,0.0,0.0,0.0,127000756.32868977,165264874.26662523,76200453.79721385,99158924.55997513,22958470.76276128
71010,0.6,preopx,1,0.0,0.0,0.0,0.0,0.0,0.0,0.0,0.0,0.0,0.0,0.0
71015,0.6,preopx,1,0.0,0.0,0.0,0.0,0.0,0.0,0.0,0.0,0.0,0.0,0.0
71020,0.6,preopx,1,0.0,0.0,0.0,0.0,0.0,0.0,0.0,0.0,0.0,0.0,0.0
71021,0.6,preopx,1,0.0,0.0,0.0,0.0,0.0,0.0,0.0,0.0,0.0,0.0,0.0
71022,0.6,preopx,1,0.0,0.0,0.0,0.0,0.0,0.0,0.0,0.0,0.0,0.0,0.0
71023,0.6,preopx,1,0.0,0.0,0.0,0.0,0.0,0.0,0.0,0.0,0.0,0.0,0.0
71030,0.6,preopx,1,0.0,0.0,0.0,0.0,0.0,0.0,0.0,0.0,0.0,0.0,0.0
71034,0.6,preopx,1,0.0,0.0,0.0,0.0,0.0,0.0,0.0,0.0,0.0,0.0,0.0
71035,0.6,preopx,1,0.0,0.0,0.0,0.0,0.0,0.0,0.0,0.0,0.0,0.0,0.0
72010,0.5,backscan,1,0.0,0.0,0.0,0.0,0.0,0.0,0.0,0.0,0.0,0.0,0.0
72020,0.5,backscan,1,989835.1100012145,1303871.630019847,101545.0,0.0,0.0,0.0,989835.1100012145,1303871.630019847,494917.5550006073,651935.8150099235,157018.26000931626
72052,0.5,backscan,1,1654179.280009194,2254010.050011766,60903.0,0.0,0.0,0.0,1654179.280009194,2254010.050011766,827089.640004597,1127005.025005883,299915.38500128605
72100,0.5,backscan,1,29801670.310270667,41047242.670189336,1679681.1,0.0,0.0,0.0,29801670.310270667,41047242.670189336,14900835.155135334,20523621.335094668,5622786.179959334
72110,0.5,backscan,1,19454029.350277793,26683040.109912977,790496.0,0.0,0.0,0.0,19454029.350277793,26683040.109912977,9727014.675138896,13341520.054956488,3614505.379817592
72114,0.5,backscan,1,2692712.7299751337,3657186.44000868,90596.0,0.0,0.0,0.0,2692712.7299751337,3657186.44000868,1346356.3649875668,1828593.22000434,482236.8550167731
72120,0.5,backscan,1,902522.4900037653,1210597.849984712,46315.0,0.0,0.0,0.0,902522.4900037653,1210597.849984712,451261.24500188266,605298.924992356,154037.67999047332
72131,0.5,backscan,1,23011382.5999931,30147655.999830443,541998.0,0.0,0.0,0.0,23011382.5999931,30147655.999830443,11505691.29999655,15073827.999915222,3568136.6999186724
72132,0.5,backscan,1,3027773.979978325,3890716.83999089,63190.0,0.0,0.0,0.0,3027773.979978325,3890716.83999089,1513886.9899891624,1945358.419995445,431471.43000628264
72133,0.5,backscan,1,269168.73999817,348131.78000320797,3925.0,0.0,0.0,0.0,269168.73999817,348131.78000320797,134584.369999085,174065.89000160398,39481.520002518984
72141,0.5,backscan,1,52889599.618258335,69373745.18990776,619943.5,0.0,0.0,0.0,52889599.618258335,69373745.18990776,26444799.809129167,34686872.59495388,8242072.785824712
72142,0.5,backscan,1,256301.650001752,329065.059999222,2731.0,0.0,0.0,0.0,256301.650001752,329065.059999222,128150.825000876,164532.529999611,36381.704998735004
72146,0.5,backscan,1,18951818.430047248,24544377.349702723,243938.0,0.0,0.0,0.0,18951818.430047248,24544377.349702723,9475909.215023624,12272188.674851362,2796279.459827738
72147,0.5,backscan,1,223665.080003097,283193.780002176,2508.0,0.0,0.0,0.0,223665.080003097,283193.780002176,111832.5400015485,141596.890001088,29764.349999539496
72148,0.5,backscan,1,129983697.94547887,171098745.44825017,1421759.0,0.0,0.0,0.0,129983697.94547887,171098745.44825017,64991848.972739436,85549372.72412509,20557523.75138565
72149,0.5,backscan,1,480792.69000833604,613432.909993088,4632.0,0.0,0.0,0.0,480792.69000833604,613432.909993088,240396.34500416802,306716.454996544,66320.10999237598
72156,0.5,backscan,1,14131963.96011248,18149415.63989684,121357.0,0.0,0.0,0.0,14131963.96011248,18149415.63989684,7065981.98005624,9074707.81994842,2008725.8398921797
72157,0.5,backscan,1,12538620.03987519,16033757.53960328,106867.0,0.0,0.0,0.0,12538620.03987519,16033757.53960328,6269310.019937595,8016878.76980164,1747568.7498640446
72158,0.5,backscan,1,27142083.910029143,34942791.03988203,223353.0,0.0,0.0,0.0,27142083.910029143,34942791.03988203,13571041.955014572,17471395.519941013,3900353.5649264418
72200,0.5,backscan,1,220983.4799962778,295783.8000001056,15557.0,0.0,0.0,0.0,220983.4799962778,295783.8000001056,110491.7399981389,147891.9000000528,37400.160001913886
72202,0.5,backscan,1,738400.1500078382,1005373.250000489,44659.0,0.0,0.0,0.0,738400.1500078382,1005373.250000489,369200.0750039191,502686.6250002445,133486.5499963254
72220,0.5,backscan,1,1414437.9700247904,1935567.3200197152,116288.0,0.0,0.0,0.0,1414437.9700247904,1935567.3200197152,707218.9850123952,967783.6600098576,260564.67499746243
73620,0.35,plant,1,6230728.510010165,8424283.63985316,409320.0,0.0,0.0,0.0,6230728.510010165,8424283.63985316,2180754.978503558,2948499.273948606,767744.2954450483
73630,0.35,plant,1,47757559.80077816,65128830.37026359,2645833.0,0.0,0.0,0.0,47757559.80077816,65128830.37026359,16715145.930272354,22795090.629592255,6079944.699319901
73650,0.35,plant,1,895741.8799906881,1239751.3199847466,64854.0,0.0,0.0,0.0,895741.8799906881,1239751.3199847466,313509.6579967408,433912.9619946613,120403.30399792054
73718,0.35,plant,1,14931624.399720589,19435216.410340093,148791.0,0.0,0.0,0.0,14931624.399720589,19435216.410340093,5226068.539902206,6802325.743619032,1576257.2037168266
73719,0.35,plant,1,96022.00000110001,124336.439998985,995.0,0.0,0.0,0.0,96022.00000110001,124336.439998985,33607.700000385004,43517.75399964475,9910.053999259748
73720,0.35,plant,1,7786325.910073847,10042501.379887242,65871.0,0.0,0.0,0.0,7786325.910073847,10042501.379887242,2725214.068525846,3514875.4829605343,789661.4144346882
75552,0.4,preopst,2,0.0,0.0,0.0,0.0,0.0,0.0,0.0,0.0,0.0,0.0,0.0
75553,0.4,preopst,2,0.0,0.0,0.0,0.0,0.0,0.0,0.0,0.0,0.0,0.0,0.0
75554,0.4,preopst,2,0.0,0.0,0.0,0.0,0.0,0.0,0.0,0.0,0.0,0.0,0.0
75555,0.4,preopst,2,0.0,0.0,0.0,0.0,0.0,0.0,0.0,0.0,0.0,0.0,0.0
75556,0.4,preopst,2,0.0,0.0,0.0,0.0,0.0,0.0,0.0,0.0,0.0,0.0,0.0
75557,0.4,preopst,2,279172.360000124,364504.7899916,2776.0,0.0,0.0,0.0,279172.360000124,364504.7899916,111668.94400004961,145801.91599664,34132.97199659038
75558,0.4,preopst,2,0.0,0.0,0.0,0.0,0.0,0.0,0.0,0.0,0.0,0.0,0.0
75559,0.4,preopst,2,2551.9700000000003,3326.84,25.0,0.0,0.0,0.0,2551.9700000000003,3326.84,1020.7880000000001,1330.736,309.948
75560,0.4,preopst,2,0.0,0.0,0.0,0.0,0.0,0.0,0.0,0.0,0.0,0.0,0.0
75561,0.4,preopst,2,5799639.620005678,7503713.35012854,47770.0,0.0,0.0,0.0,5799639.620005678,7503713.35012854,2319855.8480022713,3001485.3400514163,681629.492049145
75562,0.4,preopst,2,0.0,0.0,0.0,0.0,0.0,0.0,0.0,0.0,0.0,0.0,0.0
75563,0.4,preopst,2,713182.90998108,930925.92001356,4954.0,0.0,0.0,0.0,713182.90998108,930925.92001356,285273.163992432,372370.36800542404,87097.20401299204
75564,0.4,preopst,2,0.0,0.0,0.0,0.0,0.0,0.0,0.0,0.0,0.0,0.0,0.0
75574,0.4,preopst,2,21129107.46020018,27424422.5302815,171670.0,0.0,0.0,0.0,21129107.46020018,27424422.5302815,8451642.984080072,10969769.0121126,2518126.0280325282
75940,0.55,ivc,1,0.0,0.0,0.0,0.0,0.0,0.0,0.0,0.0,0.0,0.0,0.0
75960,0.65,renlstent,1,0.0,0.0,0.0,0.0,0.0,0.0,0.0,0.0,0.0,0.0,0.0
75966,0.65,renlstent,1,0.0,0.0,0.0,0.0,0.0,0.0,0.0,0.0,0.0,0.0,0.0
76070,0.3,bmd,1,0.0,0.0,0.0,0.0,0.0,0.0,0.0,0.0,0.0,0.0,0.0
76071,0.3,bmd,1,0.0,0.0,0.0,0.0,0.0,0.0,0.0,0.0,0.0,0.0,0.0
76075,0.3,bmd,1,0.0,0.0,0.0,0.0,0.0,0.0,0.0,0.0,0.0,0.0,0.0
76076,0.3,bmd,1,0.0,0.0,0.0,0.0,0.0,0.0,0.0,0.0,0.0,0.0,0.0
76078,0.3,bmd,1,0.0,0.0,0.0,0.0,0.0,0.0,0.0,0.0,0.0,0.0,0.0
76880,0.35,plant,1,0.0,0.0,0.0,0.0,0.0,0.0,0.0,0.0,0.0,0.0,0.0
76881,0.35,plant,1,7193882.000015528,9402016.050041791,182058.0,0.0,0.0,0.0,7193882.000015528,9402016.050041791,2517858.7000054345,3290705.6175146266,772846.9175091921
76882,0.35,plant,1,8947488.380031785,11916771.959983937,327808.0,0.0,0.0,0.0,8947488.380031785,11916771.959983937,3131620.9330111244,4170870.185994378,1039249.2529832534
76977,0.3,bmd,1,3642.8500000271997,3642.8500000271997,548.0,0.0,0.0,0.0,3642.8500000271997,3642.8500000271997,1092.8550000081598,1092.8550000081598,0.0
77057,0.1,cncr,1,0.0,0.0,0.0,0.0,0.0,0.0,0.0,0.0,0.0,0.0,0.0
77078,0.3,bmd,1,569089.639995478,569089.639995478,10744.0,0.0,0.0,0.0,569089.639995478,569089.639995478,170726.89199864338,170726.89199864338,0.0
77079,0.3,bmd,1,0.0,0.0,0.0,0.0,0.0,0.0,0.0,0.0,0.0,0.0,0.0
77080,0.3,bmd,1,61448706.730362944,61448716.1404316,2831498.0,0.0,0.0,0.0,61448706.730362944,61448716.1404316,18434612.019108884,18434614.84212948,2.8230205960571766
77081,0.3,bmd,1,2331786.299991619,2331786.299991619,110683.0,0.0,0.0,0.0,2331786.299991619,2331786.299991619,699535.8899974857,699535.8899974857,0.0
77083,0.3,bmd,1,0.0,0.0,0.0,0.0,0.0,0.0,0.0,0.0,0.0,0.0,0.0
78350,0.3,bmd,1,0.0,0.0,0.0,0.0,0.0,0.0,0.0,0.0,0.0,0.0,0.0
78351,0.3,bmd,1,0.0,0.0,0.0,0.0,0.0,0.0,0.0,0.0,0.0,0.0,0.0
78451,0.4,preopst,2,2117075.630001984,2764125.060013422,22185.0,0.0,0.0,0.0,2117075.630001984,2764125.060013422,846830.2520007937,1105650.0240053688,258819.77200457512
78452,0.4,preopst,2,251875907.60094687,322548979.41937274,1336466.0,0.0,0.0,0.0,251875907.60094687,322548979.41937274,100750363.04037875,129019591.7677491,28269228.72737035
78453,0.4,preopst,2,33815.659999507,44207.66000040899,860.0,0.0,0.0,0.0,33815.659999507,44207.66000040899,13526.2639998028,17683.0640001636,4156.800000360798
78454,0.4,preopst,2,231915.43000011,310375.100000125,4739.0,0.0,0.0,0.0,231915.43000011,310375.100000125,92766.17200004401,124150.04000005001,31383.868000005998
78460,0.4,preopst,2,0.0,0.0,0.0,0.0,0.0,0.0,0.0,0.0,0.0,0.0,0.0
78461,0.4,preopst,2,0.0,0.0,0.0,0.0,0.0,0.0,0.0,0.0,0.0,0.0,0.0
78464,0.4,preopst,2,0.0,0.0,0.0,0.0,0.0,0.0,0.0,0.0,0.0,0.0,0.0
78465,0.4,preopst,2,0.0,0.0,0.0,0.0,0.0,0.0,0.0,0.0,0.0,0.0,0.0
78472,0.4,preopst,2,746436.340005408,965339.3000040661,9424.0,0.0,0.0,0.0,746436.340005408,965339.3000040661,298574.53600216325,386135.72000162647,87561.18399946322
78473,0.4,preopst,2,41331.929999515996,53478.81000058501,344.0,0.0,0.0,0.0,41331.929999515996,53478.81000058501,16532.7719998064,21391.524000234003,4858.752000427605
78481,0.4,preopst,2,85766.18000078,110156.18000146,716.0,0.0,0.0,0.0,85766.18000078,110156.18000146,34306.472000312,44062.472000584006,9756.000000272004
78483,0.4,preopst,2,8145.200000067,10237.530000045,141.0,0.0,0.0,0.0,8145.200000067,10237.530000045,3258.0800000268,4095.0120000180004,836.9319999912004
78491,0.4,preopst,2,124065.150000654,156654.519999182,231.0,0.0,0.0,0.0,124065.150000654,156654.519999182,49626.060000261605,62661.807999672805,13035.7479994112
78492,0.4,preopst,2,104906262.94319409,131983052.70442489,100344.0,0.0,0.0,0.0,104906262.94319409,131983052.70442489,41962505.17727764,52793221.08176996,10830715.904492319
81240,0.35,hyperco,1,516724.97999861004,516724.97999861004,8035.0,0.0,0.0,0.0,516724.97999861004,516724.97999861004,180853.74299951352,180853.74299951352,0.0
81241,0.35,hyperco,1,1551127.5600090001,1551127.5600090001,21587.0,0.0,0.0,0.0,1551127.5600090001,1551127.5600090001,542894.64600315,542894.64600315,0.0
82270,0.15,colon,2,566156.7800052505,566156.7800052505,132660.0,0.0,0.0,0.0,566156.7800052505,566156.7800052505,84923.51700078757,84923.51700078757,0.0
82652,0.35,vitd,1,6197808.480000336,6197808.480000336,164562.0,0.0,0.0,0.0,6197808.480000336,6197808.480000336,2169232.968000117,2169232.968000117,0.0
83090,0.75,homocy,2,4452943.689896139,4452943.689896139,253867.0,0.0,0.0,0.0,4452943.689896139,4452943.689896139,3339707.7674221043,3339707.7674221043,0.0
83970,0.4,pth,1,69721721.9803886,69721721.9803886,1728163.0,0.0,0.0,0.0,69721721.9803886,69721721.9803886,27888688.79215544,27888688.79215544,0.0
84152,0.8,psa,2,154716.499998646,154716.499998646,8618.0,0.0,0.0,0.0,154716.499998646,154716.499998646,123773.19999891681,123773.19999891681,0.0
84153,0.8,psa,2,57487009.12157839,57487049.58141823,3197288.0,0.0,0.0,0.0,57487009.12157839,57487049.58141823,45989607.29726271,45989639.66513459,32.36787187308073
84154,0.8,psa,2,8546011.539778912,8546011.539778912,474976.0,0.0,0.0,0.0,8546011.539778912,8546011.539778912,6836809.2318231305,6836809.2318231305,0.0
84480,0.5,t3,1,8135039.159932447,8135039.159932447,586129.0,0.0,0.0,0.0,8135039.159932447,8135039.159932447,4067519.5799662233,4067519.5799662233,0.0
84481,0.5,t3,1,24624052.520419665,24624055.91050378,1486987.0,0.0,0.0,0.0,24624052.520419665,24624055.91050378,12312026.260209832,12312027.95525189,1.6950420569628477
85300,0.35,hyperco,1,180216.399992493,180216.399992493,15551.0,0.0,0.0,0.0,180216.399992493,180216.399992493,63075.73999737255,63075.73999737255,0.0
85303,0.35,hyperco,1,220743.01999559198,220743.01999559198,16307.0,0.0,0.0,0.0,220743.01999559198,220743.01999559198,77260.05699845719,77260.05699845719,0.0
85306,0.35,hyperco,1,321783.14000574604,321783.14000574604,21471.0,0.0,0.0,0.0,321783.14000574604,321783.14000574604,112624.0990020111,112624.0990020111,0.0
85613,0.35,hyperco,1,508808.450001688,508808.450001688,54302.0,0.0,0.0,0.0,508808.450001688,508808.450001688,178082.95750059077,178082.95750059077,0.0
86147,0.35,hyperco,1,5767292.879900753,5767292.879900753,231766.0,0.0,0.0,0.0,5767292.879900753,5767292.879900753,2018552.5079652632,2018552.5079652632,0.0
92920,0.4,pci,1,6555008.97005974,8243854.7099993,18433.0,24667125.11999992,30729972.989999935,5608.0,31222134.09005966,38973827.699999236,12488853.636023864,15589531.079999695,3100677.4439758305
92924,0.4,pci,1,693308.72999316,871105.68000495,1531.0,5989354.989999995,6947962.099999983,603.0,6682663.7199931545,7819067.780004933,2673065.487997262,3127627.112001973,454561.6240047114
92928,0.4,pci,1,81689281.20950831,102840851.25011106,192204.0,30221746.360000007,35775890.86999968,3535.0,111911027.56950831,138616742.12011075,44764411.02780333,55446696.848044306,10682285.820240974
92933,0.4,pci,1,6627529.4299539905,8327822.709972749,13480.0,4085783.759999976,4527050.219999995,278.0,10713313.189953966,12854872.929972745,4285325.275981586,5141949.171989098,856623.8960075118
92937,0.4,pci,1,4545184.28995555,5722178.35004757,10999.0,5172782.230000008,6131821.359999963,602.0,9717966.519955557,11853999.710047532,3887186.607982223,4741599.884019013,854413.2760367896
92943,0.4,pci,1,3497487.57001728,4407204.89998476,7092.0,9114352.929999994,10749253.219999904,1027.0,12611840.500017274,15156458.119984664,5044736.20000691,6062583.247993866,1017847.0479869563
92980,0.4,pci,1,0.0,0.0,0.0,0.0,0.0,0.0,0.0,0.0,0.0,0.0,0.0
92982,0.4,pci,1,0.0,0.0,0.0,0.0,0.0,0.0,0.0,0.0,0.0,0.0,0.0
93015,0.4,preopst,2,41816852.870036095,53501292.02989476,816403.0,0.0,0.0,0.0,41816852.870036095,53501292.02989476,16726741.14801444,21400516.811957907,4673775.663943468
93016,0.4,preopst,2,11915863.409762004,15762198.089954257,771492.0,0.0,0.0,0.0,11915863.409762004,15762198.089954257,4766345.363904802,6304879.235981703,1538533.8720769007
93017,0.4,preopst,2,1766216.1200338202,2268667.109974356,75972.0,0.0,0.0,0.0,1766216.1200338202,2268667.109974356,706486.4480135281,907466.8439897425,200980.39597621432
93018,0.4,preopst,2,9525099.869935222,12519297.269685522,915320.0,0.0,0.0,0.0,9525099.869935222,12519297.269685522,3810039.947974089,5007718.907874209,1197678.9599001198
93303,0.5,preopec,1,1070355.099988332,1451514.60000471,12159.0,0.0,0.0,0.0,1070355.099988332,1451514.60000471,535177.549994166,725757.300002355,190579.750008189
93304,0.5,preopec,1,60477.529999477,82416.520001018,1517.0,0.0,0.0,0.0,60477.529999477,82416.520001018,30238.7649997385,41208.260000509,10969.495000770497
93306,0.5,preopec,1,579660097.00476,772148355.1176388,6741204.0,0.0,0.0,0.0,579660097.00476,772148355.1176388,289830048.50238,386074177.5588194,96244129.0564394
93307,0.5,preopec,1,976755.22999599,1281308.4400087679,21507.0,0.0,0.0,0.0,976755.22999599,1281308.4400087679,488377.614997995,640654.2200043839,152276.6050063889
93308,0.5,preopec,1,13106911.840059169,16997732.959837116,546726.0,0.0,0.0,0.0,13106911.840059169,16997732.959837116,6553455.920029584,8498866.479918558,1945410.5598889738
93312,0.5,preopec,1,27019971.25997517,34357636.880045995,325566.0,0.0,0.0,0.0,27019971.25997517,34357636.880045995,13509985.629987584,17178818.440022998,3668832.810035413
93315,0.5,preopec,1,145544.230000014,184764.19999698,1464.0,0.0,0.0,0.0,145544.230000014,184764.19999698,72772.115000007,92382.09999849,19609.984998482993
93318,0.5,preopec,1,81478.51000024399,104279.11000288,1028.0,0.0,0.0,0.0,81478.51000024399,104279.11000288,40739.25500012199,52139.55500144,11400.300001318006
93350,0.4,preopst,2,3975133.670000453,5336302.300000748,66021.0,0.0,0.0,0.0,3975133.670000453,5336302.300000748,1590053.4680001813,2134520.9200002993,544467.4520001181
93351,0.4,preopst,2,25378298.18954325,33673205.74997141,177820.0,0.0,0.0,0.0,25378298.18954325,33673205.74997141,10151319.275817301,13469282.299988566,3317963.024171265
93503,0.55,rhcath,1,3341003.1800000397,4191851.5900151543,48382.0,47866.55999999997,60077.39999999987,37.0,3388869.74000004,4251928.990015154,1863878.357000022,2338560.9445083346,474682.58750831266
93880,0.55,ctdsync,2,163248806.45602468,216412238.50956157,1721858.0,0.0,0.0,0.0,163248806.45602468,216412238.50956157,89786843.55081359,119026731.18025887,29239887.629445285
93882,0.55,ctdsync,2,1680822.319996844,2284272.080014896,28412.0,0.0,0.0,0.0,1680822.319996844,2284272.080014896,924452.2759982643,1256349.644008193,331897.3680099286
94010,0.5,pft,1,13592536.019744104,18124491.33019498,844050.0,0.0,0.0,0.0,13592536.019744104,18124491.33019498,6796268.009872052,9062245.66509749,2265977.655225438
95812,0.55,eeg,1,2702851.799972608,3460499.97996643,20153.0,0.0,0.0,0.0,2702851.799972608,3460499.97996643,1486568.4899849347,1903274.9889815366,416706.4989966019
95813,0.55,eeg,1,3958653.43000812,5065109.529978749,25689.0,0.0,0.0,0.0,3958653.43000812,5065109.529978749,2177259.386504466,2785810.2414883124,608550.8549838462
95816,0.55,eeg,1,46503879.76045576,59082764.22007292,276691.0,0.0,0.0,0.0,46503879.76045576,59082764.22007292,25577133.868250668,32495520.32104011,6918386.452789441
95819,0.55,eeg,1,27928619.039854027,35638132.19022598,155392.0,0.0,0.0,0.0,27928619.039854027,35638132.19022598,15360740.471919715,19600972.70462429,4240232.232704576
95822,0.55,eeg,1,951625.740003372,1210916.120006376,20713.0,0.0,0.0,0.0,951625.740003372,1210916.120006376,523394.1570018546,666003.8660035068,142609.7090016522
95827,0.55,eeg,1,0.0,0.0,0.0,0.0,0.0,0.0,0.0,0.0,0.0,0.0,0.0
95830,0.55,eeg,1,7601.19000002,9508.49999998,19.0,0.0,0.0,0.0,7601.19000002,9508.49999998,4180.654500011001,5229.674999989001,1049.0204999779999
95957,0.55,eeg,1,5950095.42999434,7487916.64006022,28992.0,0.0,0.0,0.0,5950095.42999434,7487916.64006022,3272552.486496887,4118354.1520331213,845801.6655362342
C9600,0.4,pci,1,17643785.139845997,22150332.759969,3798.0,722523460.6599998,854093233.769993,83141.0,740167245.7998458,876243566.529962,296066898.31993836,350497426.6119848,54430528.29204643
C9602,0.4,pci,1,0.0,0.0,0.0,88883091.84999952,98113701.12999965,5798.0,88883091.84999952,98113701.12999965,35553236.73999981,39245480.451999865,3692243.712000057
C9604,0.4,pci,1,0.0,0.0,0.0,33931369.45999996,40276972.39999965,3980.0,33931369.45999996,40276972.39999965,13572547.783999987,16110788.95999986,2538241.1759998724
C9607,0.4,pci,1,0.0,0.0,0.0,56158665.829999894,61956452.00999973,3632.0,56158665.829999894,61956452.00999973,22463466.331999958,24782580.803999893,2319114.471999936
G0102,0.1,cncr,1,139031.180000116,240387.8800049125,10522.0,0.0,0.0,0.0,139031.180000116,240387.8800049125,13903.1180000116,24038.78800049125,10135.670000479651
G0103,0.8,psa,2,26093051.830902148,26093051.830902148,1382647.0,0.0,0.0,0.0,26093051.830902148,26093051.830902148,20874441.46472172,20874441.46472172,0.0
G0104,0.15,colon,2,308383.510000628,308383.510000628,4016.0,0.0,0.0,0.0,308383.510000628,308383.510000628,46257.5265000942,46257.5265000942,0.0
G0105,0.15,colon,2,113448236.3482424,113448236.3482424,427908.0,0.0,0.0,0.0,113448236.3482424,113448236.3482424,17017235.452236358,17017235.452236358,0.0
G0106,0.15,colon,2,0.0,0.0,0.0,0.0,0.0,0.0,0.0,0.0,0.0,0.0,0.0
G0120,0.15,colon,2,1807.379999997,2264.060000004,33.0,0.0,0.0,0.0,1807.379999997,2264.060000004,271.10699999955,339.60900000059996,68.50200000104996
G0121,0.15,colon,2,79982046.58121292,79982046.58121292,304855.0,0.0,0.0,0.0,79982046.58121292,79982046.58121292,11997306.987181937,11997306.987181937,0.0
G0122,0.15,colon,2,0.0,0.0,0.0,0.0,0.0,0.0,0.0,0.0,0.0,0.0,0.0
G0123,0.2,cerv,2,1058717.849980536,1058717.849980536,53376.0,0.0,0.0,0.0,1058717.849980536,1058717.849980536,211743.5699961072,211743.5699961072,0.0
G0124,0.2,cerv,2,803037.320001878,810519.490005911,35402.0,0.0,0.0,0.0,803037.320001878,810519.490005911,160607.4640003756,162103.8980011822,1496.434000806621
G0141,0.2,cerv,2,40227.539999415,40227.539999415,1781.0,0.0,0.0,0.0,40227.539999415,40227.539999415,8045.507999883001,8045.507999883001,0.0
G0143,0.2,cerv,2,6600.990000000001,6600.990000000001,249.0,0.0,0.0,0.0,6600.990000000001,6600.990000000001,1320.1980000000003,1320.1980000000003,0.0
G0144,0.2,cerv,2,37962.29,37962.29,881.0,0.0,0.0,0.0,37962.29,37962.29,7592.4580000000005,7592.4580000000005,0.0
G0145,0.2,cerv,2,8905399.020172995,8905399.020172995,343184.0,0.0,0.0,0.0,8905399.020172995,8905399.020172995,1781079.804034599,1781079.804034599,0.0
G0147,0.2,cerv,2,949.76,949.76,56.0,0.0,0.0,0.0,949.76,949.76,189.952,189.952,0.0
G0148,0.2,cerv,2,0.0,0.0,0.0,0.0,0.0,0.0,0.0,0.0,0.0,0.0,0.0
G0202,0.1,cncr,1,0.0,0.0,0.0,0.0,0.0,0.0,0.0,0.0,0.0,0.0,0.0
G0289,0.55,arth,1,156350.50000039997,195854.30999987,2408.0,0.0,0.0,0.0,156350.50000039997,195854.30999987,85992.77500021999,107719.8704999285,21727.095499708506
G0290,0.4,pci,1,0.0,0.0,0.0,0.0,0.0,0.0,0.0,0.0,0.0,0.0,0.0
G0328,0.15,colon,2,6214294.790201975,6214294.790201975,352524.0,0.0,0.0,0.0,6214294.790201975,6214294.790201975,932144.2185302962,932144.2185302962,0.0
P3000,0.2,cerv,2,16184.44000036,16184.44000036,955.0,0.0,0.0,0.0,16184.44000036,16184.44000036,3236.888000072,3236.888000072,0.0
P3001,0.2,cerv,2,16359.410000082,16459.08000015,747.0,0.0,0.0,0.0,16359.410000082,16459.08000015,3271.8820000164,3291.81600003,19.93400001359987
Q0091,0.2,cerv,2,16519193.840126762,16519193.840126762,394388.0,0.0,0.0,0.0,16519193.840126762,16519193.840126762,3303838.7680253526,3303838.7680253526,0.0
