HCPCS_CD,pos_group,paid,services,hcpcs_total_paid,paid_share
20552,alf,5144.89,158.0,9414403.19,0.0005464913596928708
20552,asc,150863.8,6318.0,9414403.19,0.016024786378413012
20552,custodial,0.0,0.0,9414403.19,0.0
20552,er,30629.02,1116.0,9414403.19,0.0032534213143255025
20552,fqhc,0.0,0.0,9414403.19,0.0
20552,home,5945.41,102.0,9414403.19,0.0006315227720770689
20552,hopd_on_campus,515016.75,18976.0,9414403.19,0.054705193691624764
20552,indep_clinic,14059.150000000001,286.0,9414403.19,0.0014933660388513701
20552,indep_lab,0.0,0.0,9414403.19,0.0
20552,inp_psy,0.0,0.0,9414403.19,0.0
20552,inpatient,10017.46,96.0,9414403.19,0.0010640568284392756
20552,nf,1721.19,0.0,9414403.19,0.00018282518448203407
20552,office,8443748.33,259957.0,9414403.19,0.8968968249595438
20552,other,228594.02,6874.0,9414403.19,0.02428130762901817
20552,phl_state,298.5,0.0,9414403.19,3.170673636721522e-05
20552,rehab_inp,936.79,0.0,9414403.19,9.950604208188793e-05
20552,rural_hc,0.0,0.0,9414403.19,0.0
20552,snf,7427.88,252.0,9414403.19,0.0007889910650831177
20553,alf,30843.66,913.0,14499497.67,0.002127222659845429
20553,asc,102147.7,3347.0,14499497.67,0.007044913025597252
20553,custodial,181.06,21.0,14499497.67,1.2487329155865854e-05
20553,er,2563.9,14.0,14499497.67,0.00017682681554581056
20553,fqhc,0.0,0.0,14499497.67,0.0
20553,home,27388.45,797.0,14499497.67,0.0018889240595326086
20553,hopd_on_campus,776374.9,28010.0,14499497.67,0.05354495153348302
20553,indep_clinic,13987.039999999999,265.0,14499497.67,0.0009646568673161488
20553,inp_psy,182.46,0.0,14499497.67,1.2583884225004327e-05
20553,inpatient,12066.55,178.0,14499497.67,0.0008322046925091853
20553,nf,3606.34,29.0,14499497.67,0.0002487217200263187
20553,office,13067000.92,332158.0,14499497.67,0.9012036980450786
20553,other,447203.21,13788.0,14499497.67,0.030842669186069812
20553,phl_state,109.14,0.0,14499497.67,7.527157318409363e-06
20553,rehab_inp,228.28,0.0,14499497.67,1.5743993702093543e-05
20553,rural_hc,48.26,0.0,14499497.67,3.328391169016271e-06
20553,snf,15565.800000000001,586.0,14499497.67,0.001073540639425476
29877,asc,948308.85,673.0,1442146.17,0.6575677762261782
29877,er,3461.0,0.0,1442146.17,0.0023998954280757827
29877,hopd_on_campus,407018.17,409.0,1442146.17,0.28223087122992535
29877,indep_clinic,0.0,0.0,1442146.17,0.0
29877,inpatient,54816.64,0.0,1442146.17,0.03801046047918984
29877,office,3411.0,0.0,1442146.17,0.0023652248786958955
29877,other,25130.510000000002,0.0,1442146.17,0.017425771757934912
29879,asc,2295441.19,2932.0,3304025.16,0.6947408324215061
29879,er,533.66,0.0,3304025.16,0.0001615181404974531
29879,hopd_on_campus,940211.65,1234.0,3304025.16,0.28456552370805793
29879,inpatient,19769.72,0.0,3304025.16,0.005983525863949535
29879,office,4878.68,0.0,3304025.16,0.0014765868187274942
29879,other,43190.26,23.0,3304025.16,0.013072013047261419
29880,asc,20566089.71,26829.0,25542269.15,0.805178646784403
29880,er,0.0,0.0,25542269.15,0.0
29880,esrd,0.0,0.0,25542269.15,0.0
29880,home,0.0,0.0,25542269.15,0.0
29880,hopd_on_campus,4609044.93,11043.0,25542269.15,0.18044774733727995
29880,indep_clinic,378.23,0.0,25542269.15,1.4808003070471131e-05
29880,inpatient,136049.88,17.0,25542269.15,0.00532646019823184
29880,nf,0.0,0.0,25542269.15,0.0
29880,office,19413.07,0.0,25542269.15,0.0007600370149572243
29880,other,211293.33,150.0,25542269.15,0.008272300662057662
29880,snf,0.0,0.0,25542269.15,0.0
29881,asc,25031883.96,33457.0,31575426.23,0.7927647208200489
29881,er,1971.3400000000001,0.0,31575426.23,6.24327280854571e-05
29881,home,0.0,0.0,31575426.23,0.0
29881,hopd_on_campus,6060480.45,15831.0,31575426.23,0.1919366157040788
29881,indep_clinic,750.27,0.0,31575426.23,2.3761199438288626e-05
29881,inpatient,130097.18000000001,11.0,31575426.23,0.004120203447210917
29881,office,35265.07,0.0,31575426.23,0.0011168517486707574
29881,other,314977.96,247.0,31575426.23,0.009975414352466842
3100F,er,0.0,1052.0,0.0,
3100F,hopd_on_campus,0.0,975.0,0.0,
3100F,inpatient,0.0,772.0,0.0,
3100F,office,0.0,2639.0,0.0,
3100F,other,0.0,125.0,0.0,
35301,er,6672.27,0.0,19875991.14,0.00033569495744905026
35301,hopd_on_campus,750630.17,221.0,19875991.14,0.03776567239906709
35301,inpatient,19114565.36,21948.0,19875991.14,0.9616911793411073
35301,office,0.0,0.0,19875991.14,0.0
35301,other,2424.2400000000002,0.0,19875991.14,0.00012196825722674377
35301,psy_partial,1699.1,0.0,19875991.14,8.548504514980378e-05
37191,asc,2225.26,0.0,3871249.97,0.0005748169240541189
37191,er,29633.47,18.0,3871249.97,0.0076547549834401415
37191,hopd_on_campus,445983.45,1205.0,3871249.97,0.1152039918517584
37191,inpatient,2611899.82,12821.0,3871249.97,0.6746915957999994
37191,office,775140.6,208.0,3871249.97,0.2002300564435006
37191,other,6367.37,0.0,3871249.97,0.0016447839972472766
37191,rehab_inp,0.0,0.0,3871249.97,0.0
37192,hopd_on_campus,2162.4700000000003,0.0,9622.92,0.22472077082631886
37192,inpatient,3629.6,0.0,9622.92,0.3771828093759482
37192,office,3566.8199999999997,0.0,9622.92,0.37065880210996244
37192,other,264.03,0.0,9622.92,0.027437617687770446
37236,asc,658960.65,11.0,5530691.39,0.11914616157962848
37236,er,9423.66,0.0,5530691.39,0.0017038846204723782
37236,hopd_on_campus,1410140.42,1355.0,5530691.39,0.25496639037746055
37236,inpatient,1312514.02,867.0,5530691.39,0.23731463707650485
37236,office,2133369.74,408.0,5530691.39,0.3857329200933774
37236,other,5973.78,0.0,5530691.39,0.0010801145062624801
37236,rehab_inp,309.12,0.0,5530691.39,5.589174629394753e-05
45330,asc,1056528.44,13016.0,2663462.78,0.39667475285688053
45330,er,2666.85,0.0,2663462.78,0.0010012717354360777
45330,hopd_on_campus,483381.48,10423.0,2663462.78,0.18148610283940217
45330,indep_clinic,91.33,0.0,2663462.78,3.42899479150972e-05
45330,inpatient,397250.87,8193.0,2663462.78,0.14914827155947719
45330,office,663080.97,4095.0,2663462.78,0.2489544719675039
45330,other,60399.28,978.0,2663462.78,0.022676975422198316
45330,rehab_inp,21.66,0.0,2663462.78,8.13227057747734e-06
45330,snf,41.9,0.0,2663462.78,1.5731400609247485e-05
45331,asc,2930258.89,13697.0,4103357.27,0.7141125418016551
45331,custodial,205.94,0.0,4103357.27,5.0188171891744634e-05
45331,er,1216.6,0.0,4103357.27,0.0002964889284427334
45331,hopd_on_campus,437240.54,7011.0,4103357.27,0.10655678051645744
45331,indep_clinic,265.74,0.0,4103357.27,6.476160434355744e-05
45331,inpatient,364277.76,5579.0,4103357.27,0.08877554061969359
45331,office,326720.15,1019.0,4103357.27,0.07962264275369813
45331,other,43059.13,368.0,4103357.27,0.010493634155331543
45331,psy_partial,0.0,0.0,4103357.27,0.0
45331,rehab_inp,54.96,0.0,4103357.27,1.3393910494174446e-05
45331,snf,57.56,0.0,4103357.27,1.4027537992079349e-05
45332,asc,5426.7699999999995,0.0,25821.64,0.2101636456863313
45332,er,719.21,0.0,25821.64,0.02785299462001639
45332,hopd_on_campus,9432.47,0.0,25821.64,0.36529321917585406
45332,inpatient,9108.13,0.0,25821.64,0.35273243682430705
45332,office,961.01,0.0,25821.64,0.03721723329734285
45332,other,174.05,0.0,25821.64,0.006740470396148348
45333,asc,28469.66,0.0,59006.75,0.48248141102500985
45333,hopd_on_campus,13528.03,11.0,59006.75,0.2292624148932114
45333,inpatient,3034.52,0.0,59006.75,0.05142665881445767
45333,office,9306.65,0.0,59006.75,0.15772178606684828
45333,other,4667.89,38.0,59006.75,0.07910772920047283
45334,asc,116664.03,40.0,384196.62,0.30365709620246006
45334,er,2470.87,0.0,384196.62,0.006431264283376569
45334,hopd_on_campus,89882.84,479.0,384196.62,0.23395010606808564
45334,inpatient,130690.08,727.0,384196.62,0.34016457510740206
45334,office,41903.49,56.0,384196.62,0.10906782573985163
45334,other,2585.31,0.0,384196.62,0.006729132598824008
45335,asc,166730.92,103.0,219912.18,0.7581704660469466
45335,er,133.76999999999998,0.0,219912.18,0.0006082882721639156
45335,hopd_on_campus,25014.27,116.0,219912.18,0.11374663286044458
45335,inpatient,9581.91,46.0,219912.18,0.04357152932593365
45335,office,16865.37,0.0,219912.18,0.07669138653438841
45335,other,1585.94,0.0,219912.18,0.0072116969601229005
45337,asc,95.12,0.0,143707.5,0.0006619000400118297
45337,er,2455.57,0.0,143707.5,0.017087277977836927
45337,hopd_on_campus,8873.74,0.0,143707.5,0.0617486213315241
45337,inpatient,132100.19,836.0,143707.5,0.9192296157124715
45337,office,182.88,0.0,143707.5,0.0012725849381556285
45338,asc,884879.81,1896.0,1152943.73,0.7674960945405376
45338,er,230.25,0.0,1152943.73,0.00019970619034460598
45338,hopd_on_campus,187180.35,805.0,1152943.73,0.16234994399943525
45338,inpatient,34699.82,43.0,1152943.73,0.030096715994977482
45338,office,37047.19,53.0,1152943.73,0.032132695669371485
45338,other,8906.31,0.0,1152943.73,0.0077248436053336264
45340,asc,60428.33,24.0,107600.51,0.5615989180720427
45340,hopd_on_campus,31286.0,100.0,107600.51,0.29076070364350504
45340,inpatient,12227.99,0.0,107600.51,0.11364249109971691
45340,office,2867.11,0.0,107600.51,0.02664587742195646
45340,other,791.08,0.0,107600.51,0.007352009762779006
45341,asc,57128.06,120.0,185212.94,0.30844529545289867
45341,er,93.91,0.0,185212.94,0.0005070380071716371
45341,hopd_on_campus,119975.53,795.0,185212.94,0.6477707767070703
45341,inpatient,7048.7,0.0,185212.94,0.03805727612768309
45341,office,818.1,0.0,185212.94,0.004417077986019768
45341,other,148.64,0.0,185212.94,0.0008025357191565556
45342,asc,7152.73,0.0,55667.28,0.12849073998226607
45342,hopd_on_campus,35489.56,85.0,55667.28,0.6375299817055907
45342,inpatient,7269.88,0.0,55667.28,0.13059520781327918
45342,office,137.14,0.0,55667.28,0.002463565670893207
45342,other,5617.97,16.0,55667.28,0.10092050482797077
45378,asc,36328953.71,169013.0,58765393.74,0.6182031872488225
45378,er,15005.32,0.0,58765393.74,0.00025534279692550224
45378,home,260.95,0.0,58765393.74,4.440538612819307e-06
45378,hopd_on_campus,12469639.74,99418.1,58765393.74,0.21219358786516998
45378,indep_clinic,6201.51,13.0,58765393.74,0.0001055299659428437
45378,indep_lab,0.0,0.0,58765393.74,0.0
45378,inpatient,6170972.09,45436.0,58765393.74,0.1050103078914553
45378,nf,972.81,0.0,58765393.74,1.6554130553503546e-05
45378,office,3234862.27,12448.0,58765393.74,0.055047061954731996
45378,other,537882.25,3579.0,58765393.74,0.009153044262407081
45378,rehab_inp,218.36,0.0,58765393.74,3.7157923414264185e-06
45378,rehab_outp,249.67,0.0,58765393.74,4.248588907693414e-06
45378,rural_hc,0.0,0.0,58765393.74,0.0
45378,snf,175.06,0.0,58765393.74,2.97896412937401e-06
45379,asc,60247.9,38.0,151586.16,0.3974498727324447
45379,er,502.09000000000003,0.0,151586.16,0.0033122416980547564
45379,hopd_on_campus,45164.59,0.0,151586.16,0.2979466595103405
45379,inpatient,42273.25,0.0,151586.16,0.27887275461031535
45379,office,2192.86,0.0,151586.16,0.014466096377136277
45379,other,1205.47,0.0,151586.16,0.007952375071708394
45380,alf,85.74,0.0,253342882.84,3.384346109858927e-07
45380,ambulance_land,0.0,0.0,253342882.84,0.0
45380,asc,200360828.31,873046.0,253342882.84,0.790868194377258
45380,er,22324.75,62.0,253342882.84,8.812069141132853e-05
45380,esrd,0.0,0.0,253342882.84,0.0
45380,fqhc,0.0,0.0,253342882.84,0.0
45380,home,0.0,0.0,253342882.84,0.0
45380,hopd_on_campus,36045645.06,370916.1,253342882.84,0.1422800777188788
45380,indep_clinic,9083.33,37.0,253342882.84,3.585389847220071e-05
45380,indep_lab,0.0,0.0,253342882.84,0.0
45380,inpatient,4532518.83,37303.0,253342882.84,0.017890847294346673
45380,nf,684.8,0.0,253342882.84,2.7030560019027215e-06
45380,office,9609099.51,36588.0,253342882.84,0.03792922620237441
45380,other,2761287.61,27280.0,253342882.84,0.010899408655359405
45380,rehab_inp,0.0,0.0,253342882.84,0.0
45380,rural_hc,724.96,0.0,253342882.84,2.861576342201222e-06
45380,snf,599.94,0.0,253342882.84,2.368094944190302e-06
45381,asc,6529591.31,39960.0,7489013.52,0.871889374022655
45381,er,553.55,0.0,7489013.52,7.391494200427081e-05
45381,hopd_on_campus,490623.15,23342.0,7489013.52,0.06551238673688495
45381,indep_clinic,691.49,0.0,7489013.52,9.23339233068977e-05
45381,inp_psy,170.3,0.0,7489013.52,2.2739977641274177e-05
45381,inpatient,153905.34,3949.0,7489013.52,0.020550816150749853
45381,office,284589.04,1592.0,7489013.52,0.038000871441877165
45381,other,28889.34,1115.0,7489013.52,0.003857562804880609
45381,rehab_inp,0.0,0.0,7489013.52,0.0
45382,alf,0.0,0.0,4961948.95,0.0
45382,asc,1561530.04,4114.0,4961948.95,0.314700948303791
45382,er,9298.37,0.0,4961948.95,0.0018739350391744761
45382,hopd_on_campus,1235161.22,4159.0,4961948.95,0.24892662791300985
45382,indep_clinic,606.84,0.0,4961948.95,0.00012229871893381733
45382,inpatient,1830819.31,7465.0,4961948.95,0.36897181499620224
45382,office,287251.72000000003,383.0,4961948.95,0.05789090595138026
45382,other,37281.45,0.0,4961948.95,0.0075134690775083435
45384,asc,7811870.68,29310.0,11496680.87,0.6794892167864446
45384,er,2414.22,0.0,11496680.87,0.0002099927820297929
45384,fqhc,0.0,0.0,11496680.87,0.0
45384,hopd_on_campus,2515639.08,16247.0,11496680.87,0.2188143785537643
45384,indep_clinic,0.0,0.0,11496680.87,0.0
45384,inpatient,99815.45,235.0,11496680.87,0.008682110178465796
45384,nf,384.55,0.0,11496680.87,3.344878442294276e-05
45384,office,1031856.5900000001,2425.0,11496680.87,0.08975256438513285
45384,other,34313.32,108.0,11496680.87,0.0029846283799647645
45384,rural_hc,386.98,0.0,11496680.87,3.3660149775036774e-05
45385,alf,395.69,0.0,432907658.56,9.140286436978298e-07
45385,asc,323679013.85,1010508.1,432907658.56,0.7476860421612035
45385,er,30224.55,45.0,432907658.56,6.981754515625171e-05
45385,esrd,0.0,0.0,432907658.56,0.0
45385,fqhc,609.96,0.0,432907658.56,1.408984082261185e-06
45385,home,0.0,0.0,432907658.56,0.0
45385,hopd_on_campus,83765922.37,430988.0,432907658.56,0.1934960509791726
45385,indep_clinic,9631.02,19.0,432907658.56,2.224728486448147e-05
45385,inp_psy,210.77,0.0,432907658.56,4.868705735100498e-07
45385,inpatient,5763198.15,29109.0,432907658.56,0.013312765519488342
45385,office,13233882.76,35968.0,432907658.56,0.030569758927389855
45385,other,6424173.66,31071.0,432907658.56,0.014839593462885398
45385,rehab_inp,0.0,0.0,432907658.56,0.0
45385,snf,395.78,0.0,432907658.56,9.142365402277719e-07
45386,asc,228848.12,108.0,424621.42,0.5389462453401432
45386,hopd_on_campus,146902.73,391.0,424621.42,0.3459616568565948
45386,inpatient,27612.260000000002,0.0,424621.42,0.06502794889621914
45386,office,14718.65,14.0,424621.42,0.034662994627072743
45386,other,6539.66,0.0,424621.42,0.015401154279970145
45387,asc,0.0,0.0,0.0,
45387,office,0.0,0.0,0.0,
45388,asc,3633307.47,10364.0,8123463.6899999995,0.44726087401272063
45388,er,470.55,0.0,8123463.6899999995,5.792479882433007e-05
45388,hopd_on_campus,1584703.21,6125.0,8123463.6899999995,0.19507728112957196
45388,indep_clinic,2204.06,0.0,8123463.6899999995,0.0002713202254739197
45388,inpatient,431506.1,1508.0,8123463.6899999995,0.05311848694925354
45388,office,2437998.32,982.0,8123463.6899999995,0.30011807931156026
45388,other,33273.98,14.0,8123463.6899999995,0.004096033572595436
45389,asc,10228.119999999999,0.0,94174.72,0.10860791516024682
45389,hopd_on_campus,20771.05,0.0,94174.72,0.220558659478892
45389,inpatient,63175.55,37.0,94174.72,0.6708334253608612
45390,asc,7668264.83,9872.0,13141394.76,0.5835198599573916
45390,er,517.8199999999999,0.0,13141394.76,3.9403732210841826e-05
45390,hopd_on_campus,4938140.03,15709.0,13141394.76,0.37576985701934734
45390,inpatient,282056.44,301.0,13141394.76,0.021463204260367262
45390,office,19675.43,107.0,13141394.76,0.0014972101789292875
45390,other,232485.52,331.0,13141394.76,0.017691084108335545
45390,snf,254.69,0.0,13141394.76,1.9380743418136235e-05
45391,asc,9635.92,0.0,125855.88,0.07656312919189791
45391,hopd_on_campus,110479.89,238.0,125855.88,0.8778285925139135
45391,inpatient,4375.22,0.0,125855.88,0.0347637313409592
45391,office,257.25,0.0,125855.88,0.0020440046186161504
45391,other,1107.6,0.0,125855.88,0.008800542334613208
45392,asc,1899.79,0.0,34796.6,0.05459700085640551
45392,er,256.53,0.0,34796.6,0.007372272003586556
45392,hopd_on_campus,25297.59,0.0,34796.6,0.7270132714115747
45392,inpatient,6664.59,0.0,34796.6,0.191529919589845
45392,office,678.0999999999999,0.0,34796.6,0.01948753613858825
62311,asc,0.0,0.0,0.0,
62311,office,0.0,0.0,0.0,
64483,asc,99470883.25,483101.0,178496717.85,0.5572700968854257
64483,er,5803.94,17.0,178496717.85,3.251566790643932e-05
64483,fqhc,0.0,0.0,178496717.85,0.0
64483,group_home,367.28,0.0,178496717.85,2.057628870849291e-06
64483,home,596.61,0.0,178496717.85,3.342414399470147e-06
64483,hopd_on_campus,11534073.34,121322.0,178496717.85,0.0646178455207937
64483,indep_clinic,839.66,0.0,178496717.85,4.704064086520681e-06
64483,indep_lab,0.0,0.0,178496717.85,0.0
64483,inpatient,162277.34,489.0,178496717.85,0.0009091334672964128
64483,office,65087780.8,305766.0,178496717.85,0.3646441323066602
64483,other,2231475.5,22643.0,178496717.85,0.012501493175214706
64483,rehab_inp,2529.05,14.0,178496717.85,1.4168607862724352e-05
64483,rural_hc,0.0,0.0,178496717.85,0.0
64483,snf,91.08,0.0,178496717.85,5.1026148321976e-07
64493,asc,64807937.75,323271.0,112934980.45,0.5738517640129454
64493,er,1203.05,0.0,112934980.45,1.0652589615780112e-05
64493,fqhc,0.0,0.0,112934980.45,0.0
64493,group_home,477.19,0.0,112934980.45,4.2253515969860865e-06
64493,home,800.86,0.0,112934980.45,7.09133695165925e-06
64493,hopd_on_campus,7053273.5,77589.0,112934980.45,0.062454285394087566
64493,indep_clinic,316.36,0.0,112934980.45,2.801257845349899e-06
64493,inpatient,45351.11,181.0,112934980.45,0.0004015683167367122
64493,office,39508529.6,221207.0,112934980.45,0.3498342979524552
64493,other,1515833.33,15345.0,112934980.45,0.013422177291393864
64493,rehab_inp,469.59999999999997,0.0,112934980.45,4.158144784980125e-06
64493,snf,788.0999999999999,0.0,112934980.45,6.978351586547779e-06
70450,alf,82.73,0.0,156054844.65,5.301341344803934e-07
70450,asc,1804.72,0.0,156054844.65,1.1564652183965376e-05
70450,er,91159083.57000001,3318170.0,156054844.65,0.5841477320005778
70450,esrd,0.0,0.0,156054844.65,0.0
70450,fqhc,998.25,22.0,156054844.65,6.396789553306572e-06
70450,home,123.21,0.0,156054844.65,7.895301185704009e-07
70450,hopd_on_campus,13541163.55,473286.0,156054844.65,0.08677182422865588
70450,indep_clinic,488042.54,8508.0,156054844.65,0.003127378333524873
70450,indep_lab,8151.799999999999,176.0,156054844.65,5.22367634166236e-05
70450,inp_psy,2939.39,38.0,156054844.65,1.8835621582863815e-05
70450,inpatient,37692813.48,1295885.0,156054844.65,0.24153568294875744
70450,nf,2399.64,43.0,156054844.65,1.537690166160439e-05
70450,office,11479120.85,180804.0,156054844.65,0.07355824726714115
70450,other,1661324.83,51574.0,156054844.65,0.010645775424185142
70450,rehab_inp,3239.53,45.0,156054844.65,2.075891977122288e-05
70450,rehab_outp,238.08,0.0,156054844.65,1.5256174874542736e-06
70450,rural_hc,234.37,0.0,156054844.65,1.501843794248396e-06
70450,snf,13084.11,220.0,156054844.65,8.384302345335742e-05
70460,asc,42.12,0.0,971138.43,4.337177759508497e-05
70460,er,113272.69,1670.0,971138.43,0.11663907688217014
70460,hopd_on_campus,270355.4,5438.0,971138.43,0.27839017759805884
70460,indep_clinic,12840.87,14.0,971138.43,0.013222491874819536
70460,indep_lab,530.27,0.0,971138.43,0.0005460292617603445
70460,inpatient,175033.46,2891.0,971138.43,0.18023533472977687
70460,nf,41.65,0.0,971138.43,4.288780951650734e-05
70460,office,353383.81,2378.0,971138.43,0.36388613516200774
70460,other,45562.31,498.0,971138.43,0.046916390694167046
70460,rehab_inp,40.51,0.0,971138.43,4.1713929496127546e-05
70460,snf,35.34,0.0,971138.43,3.639028063177358e-05
70470,asc,51.71,0.0,3903215.47,1.3248051612175025e-05
70470,er,283673.28,5168.0,3903215.47,0.07267681791597326
70470,hopd_on_campus,1080437.55,22605.0,3903215.47,0.27680704749820023
70470,indep_clinic,94363.19,651.0,3903215.47,0.02417575732758612
70470,indep_lab,1589.81,16.0,3903215.47,0.00040730777283991444
70470,inp_psy,49.86,0.0,3903215.47,1.2774083414872301e-05
70470,inpatient,475503.63,9053.0,3903215.47,0.12182356666054103
70470,office,1805615.4,13961.0,3903215.47,0.4625969060324512
70470,other,161554.69,2539.0,3903215.47,0.041390154154108225
70470,rehab_inp,49.77,0.0,3903215.47,1.2751025502571089e-05
70470,rural_hc,46.84,0.0,3903215.47,1.2000362357653804e-05
70470,snf,279.74,0.0,3903215.47,7.166911541268307e-05
70486,asc,175.72,0.0,24512830.07,7.168490928962736e-06
70486,er,6550690.04,234212.0,24512830.07,0.26723515894711214
70486,fqhc,131.62,0.0,24512830.07,5.369433052982446e-06
70486,home,101.43,0.0,24512830.07,4.137833114754669e-06
70486,hopd_on_campus,2526788.9,86224.0,24512830.07,0.10308026012436677
70486,indep_clinic,313637.23,3856.0,24512830.07,0.012794819247894374
70486,indep_lab,9092.11,112.0,24512830.07,0.0003709122926253778
70486,inp_psy,65.6,0.0,24512830.07,2.6761495842246496e-06
70486,inpatient,1011387.53,32948.0,24512830.07,0.04125951704115085
70486,nf,94.44,0.0,24512830.07,3.852676322167316e-06
70486,office,13560056.9,167406.0,24512830.07,0.5531820218749633
70486,other,540363.94,15420.0,24512830.07,0.022044127032941976
70486,rehab_inp,0.0,0.0,24512830.07,0.0
70486,rural_hc,29.19,0.0,24512830.07,1.190804975053621e-06
70486,snf,215.42000000000002,0.0,24512830.07,8.78805096697674e-06
70487,er,568923.45,13902.0,1457924.02,0.3902284633461214
70487,fqhc,0.0,0.0,1457924.02,0.0
70487,hopd_on_campus,268840.04,5522.0,1457924.02,0.184399211695545
70487,indep_clinic,12440.23,13.0,1457924.02,0.00853283835737887
70487,inpatient,269081.51,5641.0,1457924.02,0.1845648376106733
70487,office,282890.15,1452.0,1457924.02,0.1940362776929898
70487,other,55661.62,672.0,1457924.02,0.038178683687507944
70487,rural_hc,0.0,0.0,1457924.02,0.0
70487,snf,87.02000000000001,0.0,1457924.02,5.968760978367035e-05
70488,er,20922.77,55.0,273518.67,0.0764948513386673
70488,hopd_on_campus,53673.99,518.0,273518.67,0.19623519666865885
70488,indep_clinic,7695.88,0.0,273518.67,0.02813658021955138
70488,inpatient,23454.31,63.0,273518.67,0.0857503072824974
70488,office,160330.46,554.0,273518.67,0.586177389645833
70488,other,7441.26,12.0,273518.67,0.027205674844792135
70498,asc,859.63,0.0,49414235.17,1.7396404033020268e-05
70498,er,24131639.86,412503.0,49414235.17,0.48835400926433076
70498,fqhc,195.14,0.0,49414235.17,3.9490644614585055e-06
70498,hopd_on_campus,7139069.21,116335.0,49414235.17,0.14447393924927565
70498,indep_clinic,218497.12,1241.0,49414235.17,0.00442174444769414
70498,inp_psy,127.94,0.0,49414235.17,2.5891324546428265e-06
70498,inpatient,12073848.76,200694.0,49414235.17,0.24433948473475886
70498,nf,60.03,0.0,49414235.17,1.2148321185884703e-06
70498,office,5247525.26,35212.0,49414235.17,0.10619460651261557
70498,other,600749.3,8303.0,49414235.17,0.01215741370747194
70498,rehab_inp,186.67,0.0,49414235.17,3.7776563647661125e-06
70498,rehab_outp,60.36,0.0,49414235.17,1.22151035612194e-06
70498,snf,1415.89,0.0,49414235.17,2.8653484064438268e-05
70547,asc,89.48,0.0,4613486.98,1.9395307798180887e-05
70547,er,316309.47,7083.0,4613486.98,0.0685619080255863
70547,hopd_on_campus,619136.96,14403.0,4613486.98,0.13420151886935636
70547,indep_clinic,133702.03,764.0,4613486.98,0.028980688702409645
70547,indep_lab,5299.8,33.0,4613486.98,0.0011487623186052646
70547,inpatient,909808.56,22533.0,4613486.98,0.1972062702125584
70547,office,2576231.27,16355.0,4613486.98,0.5584130357727811
70547,other,52909.409999999996,745.0,4613486.98,0.011468420790904668
70548,asc,56.37,0.0,822670.52,6.852074874398076e-05
70548,er,105370.82,1793.0,822670.52,0.12808386521495874
70548,hopd_on_campus,197392.88,3152.0,822670.52,0.2399415989769513
70548,indep_clinic,4288.150000000001,0.0,822670.52,0.005212475585000907
70548,inpatient,203272.87,3369.0,822670.52,0.24708904118747319
70548,office,292727.97000000003,1242.0,822670.52,0.3558264978305045
70548,other,19503.88,187.0,822670.52,0.02370800888793244
70548,rehab_inp,57.58,0.0,822670.52,6.999156843495498e-05
70549,asc,73.1,0.0,4831530.53,1.5129781245530076e-05
70549,er,345843.17,4909.0,4831530.53,0.07158045837702695
70549,hopd_on_campus,861013.2,12970.0,4831530.53,0.1782071322231715
70549,indep_clinic,172413.08,647.0,4831530.53,0.03568498200093128
70549,indep_lab,514.08,0.0,4831530.53,0.00010640106624763479
70549,inpatient,664242.63,9771.0,4831530.53,0.13748078913619116
70549,office,2687930.45,9547.0,4831530.53,0.5563310494076501
70549,other,99433.85,910.0,4831530.53,0.02058019697538784
70549,snf,66.97,0.0,4831530.53,1.3861032147922699e-05
70551,asc,1281.69,11.0,82902442.0,1.546022009822099e-05
70551,er,6238599.74,120083.0,82902442.0,0.07525230366555427
70551,fqhc,377.36,0.0,82902442.0,4.551856264981917e-06
70551,home,0.0,0.0,82902442.0,0.0
70551,hopd_on_campus,16437144.78,314472.0,82902442.0,0.19827093609618882
70551,indep_clinic,2203763.26,18544.0,82902442.0,0.02658260971371627
70551,inp_psy,615.64,11.0,82902442.0,7.426077991767721e-06
70551,inpatient,20392632.61,389229.0,82902442.0,0.24598349720506424
70551,nf,131.94,0.0,82902442.0,1.5915092103077011e-06
70551,office,35818026.9,282889.0,82902442.0,0.4320503236804532
70551,other,1807277.56,32566.0,82902442.0,0.021800052162516514
70551,psy_partial,0.0,0.0,82902442.0,0.0
70551,rehab_inp,626.21,0.0,82902442.0,7.553577251680958e-06
70551,rehab_outp,52.61,0.0,82902442.0,6.346013305615291e-07
70551,snf,1911.7,0.0,82902442.0,2.305963435914228e-05
70552,er,67031.73,595.0,1573545.28,0.042599174521371255
70552,hopd_on_campus,470689.78,6203.0,1573545.28,0.29912693710345595
70552,indep_clinic,14342.29,18.0,1573545.28,0.009114634438736965
70552,inpatient,412533.29,5079.0,1573545.28,0.2621680451419866
70552,office,577484.61,2215.0,1573545.28,0.36699586426899644
70552,other,31463.579999999998,221.0,1573545.28,0.01999534452545274
70553,asc,3412.9799999999996,38.0,126644001.0,2.6949401259045815e-05
70553,er,3239294.3,38547.0,126644001.0,0.025577952958071814
70553,fqhc,1106.5800000000002,0.0,126644001.0,8.737721418008581e-06
70553,hopd_on_campus,34635687.48,429034.0,126644001.0,0.2734885759018305
70553,indep_clinic,4423685.84,23528.0,126644001.0,0.03493008595014303
70553,indep_lab,0.0,0.0,126644001.0,0.0
70553,inp_psy,211.78,0.0,126644001.0,1.6722465993474101e-06
70553,inpatient,15299839.84,184164.0,126644001.0,0.12080982691000106
70553,nf,117.22,0.0,126644001.0,9.255866766243433e-07
70553,office,63280723.3,311801.0,126644001.0,0.49967406904650774
70553,other,5756020.65,68522.0,126644001.0,0.04545040116033605
70553,rehab_inp,771.86,0.0,126644001.0,6.0947221653238835e-06
70553,rural_hc,247.49,0.0,126644001.0,1.9542181078123076e-06
70553,snf,2881.68,0.0,126644001.0,2.275417688359356e-05
71010,home,0.0,0.0,0.0,
71010,office,0.0,0.0,0.0,
71010,other,0.0,14.0,0.0,
71015,er,0.0,0.0,0.0,
71015,other,0.0,0.0,0.0,
71020,office,0.0,0.0,0.0,
71020,other,0.0,0.0,0.0,
71030,office,0.0,0.0,0.0,
71035,other,0.0,0.0,0.0,
72010,office,0.0,0.0,0.0,
72020,alf,5711.23,321.0,988645.12,0.005776825156432269
72020,asc,2348.7400000000002,456.0,988645.12,0.002375715969750602
72020,custodial,90.38,0.0,988645.12,9.141804088407375e-05
72020,er,11920.86,1380.0,988645.12,0.012057774583462265
72020,fqhc,71.4,0.0,988645.12,7.222005000135944e-05
72020,group_home,64.06,0.0,988645.12,6.479574794239616e-05
72020,home,2248.3,30.0,988645.12,0.002274122386807513
72020,hopd_on_campus,189662.39,33131.0,988645.12,0.191840718335817
72020,indep_clinic,1467.27,65.0,988645.12,0.0014841220275279364
72020,inp_psy,12.58,0.0,988645.12,1.272448500023952e-05
72020,inpatient,145860.68,24554.0,988645.12,0.14753593281277713
72020,nf,20796.56,1965.0,988645.12,0.021035414608631255
72020,office,390396.35,31436.0,988645.12,0.3948801669096389
72020,other,212535.49000000002,13430.0,988645.12,0.21497652261713487
72020,phl_state,158.55,0.0,988645.12,0.0001603709933853717
72020,rehab_inp,802.22,38.0,988645.12,0.0008114337326623329
72020,rehab_outp,19.83,0.0,988645.12,2.0057753382730497e-05
72020,rural_hc,0.0,0.0,988645.12,0.0
72020,snf,4478.2300000000005,584.0,988645.12,0.004529663788761735
72052,alf,86.12,0.0,1650921.8800000001,5.216479413308157e-05
72052,asc,24.64,0.0,1650921.8800000001,1.492499451276277e-05
72052,custodial,38.51,0.0,1650921.8800000001,2.332636114799084e-05
72052,er,10925.05,726.0,1650921.8800000001,0.0066175451015283646
72052,fqhc,1163.78,41.0,1650921.8800000001,0.0007049273585252864
72052,home,229.23,0.0,1650921.8800000001,0.00013884969529872606
72052,hopd_on_campus,215018.53,20019.0,1650921.8800000001,0.13024149271072716
72052,indep_clinic,37726.57,1049.0,1650921.8800000001,0.022851820220590933
72052,indep_lab,0.0,0.0,1650921.8800000001,0.0
72052,inpatient,9830.64,399.0,1650921.8800000001,0.005954636690622817
72052,nf,485.21,0.0,1650921.8800000001,0.00029390245890980617
72052,office,1322987.89,32236.0,1650921.8800000001,0.8013631087135388
72052,other,52097.73,3471.0,1650921.8800000001,0.03155675058349823
72052,phl_state,58.06,0.0,1650921.8800000001,3.5168229765057084e-05
72052,rural_hc,169.83999999999997,0.0,1650921.8800000001,0.00010287585503440052
72052,snf,80.08,0.0,1650921.8800000001,4.850623216647901e-05
72100,alf,268699.96,13112.0,29707138.19,0.009044962805957851
72100,asc,53173.17,6183.0,29707138.19,0.00178991223119227
72100,cmhc,8.37,0.0,29707138.19,2.81750465038652e-07
72100,custodial,11504.47,464.0,29707138.19,0.00038726281631101806
72100,er,1057056.47,142450.0,29707138.19,0.03558257490975101
72100,fqhc,13951.8,687.0,29707138.19,0.00046964469989561116
72100,group_home,2812.58,49.0,29707138.19,9.467690835823321e-05
72100,home,319261.69,14142.0,29707138.19,0.01074696889205806
72100,hopd_on_campus,2747864.91,368767.0,29707138.19,0.09249847267095505
72100,indep_clinic,273442.86,13085.0,29707138.19,0.00920461803661876
72100,indep_lab,271.89,23.0,29707138.19,9.152345751416858e-06
72100,inp_psy,86.82000000000001,0.0,29707138.19,2.9225299133399964e-06
72100,inpatient,614720.62,74530.1,29707138.19,0.02069269062769994
72100,nf,659738.62,39366.0,29707138.19,0.022208083989122884
72100,office,22404248.74,1030659.0,29707138.19,0.7541705497415333
72100,other,1196947.66,102062.0,29707138.19,0.04029158420931019
72100,phl_state,549.62,0.0,29707138.19,1.850127725143894e-05
72100,psy_partial,8.32,0.0,29707138.19,2.8006736787593606e-07
72100,rehab_inp,6788.52,745.0,29707138.19,0.00022851477502081126
72100,rehab_outp,310.21000000000004,32.0,29707138.19,1.0442271416922372e-05
72100,rural_hc,5645.85,415.0,29707138.19,0.0001900502823223983
72100,snf,70045.04,6274.0,29707138.19,0.002357852161726521
72110,alf,4227.61,22.0,19369291.1,0.0002182635377915302
72110,asc,2411.4,856.0,19369291.1,0.00012449603795773402
72110,custodial,178.3,0.0,19369291.1,9.205293011472164e-06
72110,er,209128.92,23569.0,19369291.1,0.010796932057053963
72110,fqhc,6779.8,284.0,19369291.1,0.00035002829814458205
72110,home,8466.17,66.0,19369291.1,0.0004370924034488799
72110,hopd_on_campus,1709914.14,195823.0,19369291.1,0.08827964488591943
72110,indep_clinic,176169.46,6336.0,19369291.1,0.009095297246061833
72110,indep_lab,61.46,0.0,19369291.1,3.173063984773299e-06
72110,inp_psy,20.310000000000002,0.0,19369291.1,1.0485670278351075e-06
72110,inpatient,67807.88,6481.0,19369291.1,0.0035007930672279483
72110,nf,25620.17,1043.0,19369291.1,0.001322721098450526
72110,office,16627291.23,533276.0,19369291.1,0.8584357137365755
72110,other,526146.66,47226.0,19369291.1,0.027163960585010773
72110,phl_state,1614.33,44.0,19369291.1,8.334481585647706e-05
72110,rehab_inp,413.45,0.0,19369291.1,2.1345644394801828e-05
72110,rehab_outp,399.52,37.0,19369291.1,2.062646474449444e-05
72110,rural_hc,1686.08,71.0,19369291.1,8.70491331507739e-05
72110,snf,954.21,15.0,19369291.1,4.9264064186634064e-05
72114,alf,407.49,0.0,2690923.42,0.0001514312882229848
72114,asc,102.97,0.0,2690923.42,3.826567461366106e-05
72114,er,6189.22,235.0,2690923.42,0.002300035725282736
72114,fqhc,78.35000000000001,0.0,2690923.42,2.9116399009229334e-05
72114,home,310.87,0.0,2690923.42,0.00011552539834076736
72114,hopd_on_campus,275219.12,24939.0,2690923.42,0.10227683105155033
72114,indep_clinic,75248.06999999999,1812.0,2690923.42,0.02796366089080305
72114,indep_lab,38.75,0.0,2690923.42,1.440026115644718e-05
72114,inpatient,7062.53,297.0,2690923.42,0.0026245748754901393
72114,nf,722.31,0.0,2690923.42,0.0002684245841526029
72114,office,2258074.48,56022.0,2690923.42,0.839144831553772
72114,other,67115.94,4800.0,2690923.42,0.0249416016454307
72114,phl_state,62.839999999999996,0.0,2690923.42,2.3352578350222988e-05
72114,rehab_inp,68.59,0.0,2690923.42,2.5489391296018376e-05
72114,rural_hc,139.87,0.0,2690923.42,5.197843943102625e-05
72114,snf,82.02,0.0,2690923.42,3.0480243098110906e-05
72120,alf,813.34,0.0,901860.53,0.0009018467633792555
72120,asc,55.44,0.0,901860.53,6.147291976509937e-05
72120,er,2475.54,95.0,901860.53,0.002744925537433155
72120,fqhc,188.73,0.0,901860.53,0.00020926739082372304
72120,home,369.74,0.0,901860.53,0.00040997469974653395
72120,hopd_on_campus,107643.29,13039.0,901860.53,0.11935691431135144
72120,indep_clinic,13587.83,412.0,901860.53,0.015066442701511728
72120,indep_lab,3.38,0.0,901860.53,3.747807878896751e-06
72120,inp_psy,9.08,0.0,901860.53,1.0068075603663462e-05
72120,inpatient,4839.62,154.0,901860.53,0.0053662621203746435
72120,nf,2098.89,54.0,901860.53,0.002327288899093965
72120,office,746396.11,26409.0,901860.53,0.8276181129691971
72120,other,22772.17,2148.0,901860.53,0.02525021246910539
72120,phl_state,75.52,0.0,901860.53,8.37380032586635e-05
72120,rehab_inp,67.27,0.0,901860.53,7.4590247341238e-05
72120,rehab_outp,17.03,0.0,901860.53,1.88831858513644e-05
72120,rural_hc,0.0,0.0,901860.53,0.0
72120,snf,447.55,12.0,901860.53,0.000496251898284095
72131,asc,3756.75,89.0,22969493.64,0.00016355388842607501
72131,er,9241379.13,281299.0,22969493.64,0.4023327320505965
72131,fqhc,152.94,0.0,22969493.64,6.658396671560235e-06
72131,hopd_on_campus,3547380.34,100009.0,22969493.64,0.15443876976993734
72131,indep_clinic,351671.27999999997,4394.0,22969493.64,0.01531036275817528
72131,indep_lab,0.0,0.0,22969493.64,0.0
72131,inp_psy,72.72,0.0,22969493.64,3.1659383153907433e-06
72131,inpatient,2482548.16,69737.0,22969493.64,0.10808023019178754
72131,nf,0.0,0.0,22969493.64,0.0
72131,office,6800334.08,83503.0,22969493.64,0.29605938148142824
72131,other,540278.04,13335.0,22969493.64,0.02352154768702163
72131,rehab_inp,323.54999999999995,0.0,22969493.64,1.40860745591952e-05
72131,rural_hc,53.33,0.0,22969493.64,2.321775169964086e-06
72131,snf,1543.32,0.0,22969493.64,6.718998791128771e-05
72132,asc,174.75,0.0,3020572.27,5.785327559800448e-05
72132,er,1163001.43,26585.0,3020572.27,0.38502685121981867
72132,home,0.0,0.0,3020572.27,0.0
72132,hopd_on_campus,807749.48,17286.0,3020572.27,0.26741604166286015
72132,indep_clinic,15539.15,143.0,3020572.27,0.005144439070150108
72132,inpatient,535836.02,11256.0,3020572.27,0.17739553041715503
72132,office,468919.68,3064.0,3020572.27,0.15524199988765705
72132,other,29162.66,305.0,3020572.27,0.009654680435770537
72132,snf,189.10000000000002,0.0,3020572.27,6.260403099045865e-05
72133,er,29202.170000000002,79.0,269077.21,0.108527102685508
72133,hopd_on_campus,53921.45,568.0,269077.21,0.20039396870511625
72133,indep_clinic,12747.52,12.0,269077.21,0.047374952341746074
72133,inpatient,38365.75,142.0,269077.21,0.14258268100817603
72133,office,129052.29,401.0,269077.21,0.47961062923166176
72133,other,5740.03,0.0,269077.21,0.021332278567924794
72133,snf,48.0,0.0,269077.21,0.00017838745986700248
72141,asc,3049.15,27.0,52760071.52,5.779275713915863e-05
72141,er,856982.04,14993.0,52760071.52,0.016243003758536222
72141,fqhc,813.12,0.0,52760071.52,1.5411654620137633e-05
72141,home,92.32,0.0,52760071.52,1.7498080904800105e-06
72141,hopd_on_campus,10394289.709999999,198550.5,52760071.52,0.1970105310804931
72141,indep_clinic,2344619.5100000002,21975.0,52760071.52,0.0444392784629038
72141,indep_lab,96.81,0.0,52760071.52,1.8349103253831222e-06
72141,inp_psy,53.12,0.0,52760071.52,1.006821986203403e-06
72141,inpatient,2588724.41,47591.0,52760071.52,0.049065976133460705
72141,office,34968351.47,316088.0,52760071.52,0.6627805926446553
72141,other,1602398.5,28753.0,52760071.52,0.030371423954430606
72141,phl_state,0.0,0.0,52760071.52,0.0
72141,rural_hc,54.66,0.0,52760071.52,1.0360107260142696e-06
72141,snf,546.7,0.0,52760071.52,1.0362002632857689e-05
72142,er,7811.41,11.0,255773.33,0.030540361655376658
72142,hopd_on_campus,51999.62,275.0,255773.33,0.20330352660302778
72142,indep_clinic,5116.57,0.0,255773.33,0.020004313975972396
72142,inpatient,57770.85,153.0,255773.33,0.22586737248953986
72142,office,128147.79,257.0,255773.33,0.5010209234872143
72142,other,4927.09,0.0,255773.33,0.019263501788869077
72146,asc,897.27,0.0,18908107.43,4.745424698488716e-05
72146,er,526981.31,8659.0,18908107.43,0.02787065347237664
72146,fqhc,608.78,0.0,18908107.43,3.219677073730271e-05
72146,home,279.75,0.0,18908107.43,1.4795240667828172e-05
72146,hopd_on_campus,3999342.7,74282.0,18908107.43,0.2115147015536076
72146,indep_clinic,739921.93,6967.0,18908107.43,0.03913252200090763
72146,indep_lab,50.46,0.0,18908107.43,2.6686964936500786e-06
72146,inp_psy,58.19,0.0,18908107.43,3.077515833640469e-06
72146,inpatient,1777627.03,31902.0,18908107.43,0.0940140115334642
72146,office,11255308.17,103416.0,18908107.43,0.5952636038095538
72146,other,606438.32,10123.0,18908107.43,0.03207292544984233
72146,rehab_inp,0.0,0.0,18908107.43,0.0
72146,snf,593.52,0.0,18908107.43,3.13897095305429e-05
72147,er,9919.23,0.0,223187.86,0.04444341193109697
72147,hopd_on_campus,41567.98,99.0,223187.86,0.18624659961343779
72147,indep_clinic,3290.88,0.0,223187.86,0.014744888006005347
72147,inpatient,69035.62,243.0,223187.86,0.3093161966784394
72147,office,93991.39,92.0,223187.86,0.421131283753516
72147,other,5382.76,0.0,223187.86,0.02411762001750454
72148,asc,8210.38,110.0,129655862.69,6.332440222645824e-05
72148,er,1545807.74,28687.0,129655862.69,0.011922389839755576
72148,fqhc,1590.85,0.0,129655862.69,1.226978839980136e-05
72148,home,0.0,0.0,129655862.69,0.0
72148,hopd_on_campus,23762665.72,457025.0,129655862.69,0.18327490347902908
72148,indep_clinic,5994043.34,51910.0,129655862.69,0.04623040729235226
72148,indep_lab,206.75,17.0,129655862.69,1.594605872118007e-06
72148,inp_psy,53.12,0.0,129655862.69,4.09699946442121e-07
72148,inpatient,3416087.94,63155.0,129655862.69,0.026347346499615506
72148,nf,0.0,0.0,129655862.69,0.0
72148,office,91191462.19,785344.8,129655862.69,0.7033346606781194
72148,other,3733631.0100000002,68380.0,129655862.69,0.028796468840957126
72148,rehab_inp,386.41,0.0,129655862.69,2.9802740268204066e-06
72148,rural_hc,194.38,0.0,129655862.69,1.4991994651622645e-06
72148,snf,1522.86,0.0,129655862.69,1.1745400234165068e-05
72149,er,17834.71,28.0,478872.74,0.03724310972472561
72149,hopd_on_campus,76987.85,524.0,478872.74,0.16076891326075485
72149,indep_clinic,12694.92,0.0,478872.74,0.026510007648378565
72149,inpatient,96071.89,494.0,478872.74,0.2006209207064073
72149,office,267711.66,548.0,478872.74,0.559045520110416
72149,other,7571.71,0.0,478872.74,0.015811528549317718
72156,asc,0.0,0.0,14093514.32,0.0
72156,er,516814.08,4841.0,14093514.32,0.03667034837908335
72156,fqhc,539.76,0.0,14093514.32,3.829846748968996e-05
72156,hopd_on_campus,3584651.21,42545.0,14093514.32,0.2543475763822121
72156,indep_clinic,485693.74,2227.0,14093514.32,0.03446221637641902
72156,inp_psy,81.19,0.0,14093514.32,5.760805868326531e-06
72156,inpatient,2396633.82,27535.0,14093514.32,0.1700522499628751
72156,nf,117.43,0.0,14093514.32,8.332201417878859e-06
72156,office,6435713.86,29463.0,14093514.32,0.4566436528089468
72156,other,672942.28,6900.0,14093514.32,0.047748366001589305
72156,rehab_inp,0.0,0.0,14093514.32,0.0
72156,snf,326.95,0.0,14093514.32,2.3198614098403243e-05
72157,asc,176.95,0.0,12504414.62,1.4151002296179459e-05
72157,er,555797.99,5414.0,12504414.62,0.044448141467657125
72157,fqhc,159.73,0.0,12504414.62,1.2773888650854733e-05
72157,hopd_on_campus,3102965.31,35979.0,12504414.62,0.24814958591000402
72157,indep_clinic,372841.34,1511.0,12504414.62,0.029816776820856893
72157,inpatient,2451854.65,28212.0,12504414.62,0.19607912281462722
72157,nf,117.43,0.0,12504414.62,9.391083354848003e-06
72157,office,5411603.61,21986.0,12504414.62,0.4327754456689633
72157,other,608358.3,6210.0,12504414.62,0.048651481775641894
72157,snf,539.31,0.0,12504414.62,4.312956794773972e-05
72158,asc,927.05,0.0,27049374.91,3.427251103156823e-05
72158,er,1179824.66,12970.0,27049374.91,0.04361744638926297
72158,fqhc,935.82,0.0,27049374.91,3.459673294165599e-05
72158,hopd_on_campus,6606953.27,79661.0,27049374.91,0.24425530319953703
72158,indep_clinic,1001674.11,4997.0,27049374.91,0.037031321919002526
72158,indep_lab,0.0,0.0,27049374.91,0.0
72158,inpatient,3528587.61,41634.0,27049374.91,0.13044987626296314
72158,office,13637063.11,66104.0,27049374.91,0.5041544640263925
72158,other,1091702.18,11866.0,27049374.91,0.04035960844316605
72158,rehab_inp,85.46,0.0,27049374.91,3.159407575381933e-06
72158,snf,1621.6399999999999,0.0,27049374.91,5.995110812710458e-05
72200,alf,1290.07,40.0,220415.11000000002,0.00585291090070912
72200,asc,3505.58,596.0,220415.11000000002,0.01590444502647754
72200,er,870.14,0.0,220415.11000000002,0.003947732984367541
72200,fqhc,26.4,0.0,220415.11000000002,0.00011977400278955466
72200,group_home,78.29,0.0,220415.11000000002,0.0003551934347876604
72200,home,1131.95,25.0,220415.11000000002,0.005135537214304409
72200,hopd_on_campus,27856.73,4248.0,220415.11000000002,0.1263830324518133
72200,indep_clinic,2499.66,32.0,220415.11000000002,0.0113406925686719
72200,inpatient,1412.27,43.0,220415.11000000002,0.0064073193530153165
72200,nf,1469.16,36.0,220415.11000000002,0.0066654232552387175
72200,office,172397.93,6606.0,220415.11000000002,0.7821511419974791
72200,other,7495.99,768.0,220415.11000000002,0.03400851239282098
72200,rehab_inp,25.47,0.0,220415.11000000002,0.0001155546913276499
72200,rural_hc,6.38,0.0,220415.11000000002,2.894538400747571e-05
72200,snf,349.09,44.0,220415.11000000002,0.0015837843421896074
72202,alf,346.1,0.0,733780.77,0.00047166676226742765
72202,asc,219.72,13.0,733780.77,0.0002994354839797723
72202,custodial,42.62,0.0,733780.77,5.808274316046739e-05
72202,er,3351.49,45.0,733780.77,0.004567426862385614
72202,fqhc,234.76999999999998,0.0,733780.77,0.000319945697132401
72202,group_home,8.17,0.0,733780.77,1.1134115711426998e-05
72202,home,553.43,0.0,733780.77,0.0007542170940238731
72202,hopd_on_campus,124816.77,15397.0,733780.77,0.1701009008453574
72202,indep_clinic,19033.95,631.0,733780.77,0.025939559577174528
72202,indep_lab,23.46,0.0,733780.77,3.1971402030609225e-05
72202,inpatient,2835.94,63.0,733780.77,0.003864832816482776
72202,nf,1081.1399999999999,0.0,733780.77,0.0014733828470320908
72202,office,546967.02,20326.0,733780.77,0.7454093134656554
72202,other,34076.83,3281.0,733780.77,0.046440069559195454
72202,rehab_inp,42.71,0.0,733780.77,5.820539559792498e-05
72202,rural_hc,69.57,0.0,733780.77,9.481033415470945e-05
72202,snf,77.08,0.0,733780.77,0.00010504499865811419
72220,alf,45886.57,2482.0,1409103.32,0.032564375762027156
72220,asc,358.42,52.0,1409103.32,0.00025436034030492527
72220,custodial,1786.76,34.0,1409103.32,0.001268012057483478
72220,er,102624.68,16099.0,1409103.32,0.07282977659863862
72220,fqhc,678.11,0.0,1409103.32,0.0004812351162439955
72220,group_home,420.74,0.0,1409103.32,0.0002985870475416948
72220,home,56860.94,2713.0,1409103.32,0.040352569746269565
72220,hopd_on_campus,154222.12,24769.0,1409103.32,0.10944699214816979
72220,indep_clinic,16934.63,651.0,1409103.32,0.012018018664522059
72220,indep_lab,6.54,0.0,1409103.32,4.641249443653287e-06
72220,inp_psy,13.629999999999999,0.0,1409103.32,9.672818030121453e-06
72220,inpatient,28379.329999999998,3696.0,1409103.32,0.020139992289564684
72220,nf,161110.54,11344.0,1409103.32,0.11433550522044048
72220,office,717147.48,33447.0,1409103.32,0.5089388903008191
72220,other,102211.17,6954.0,1409103.32,0.07253632047364703
72220,phl_state,137.8,0.0,1409103.32,9.779268705434602e-05
72220,rehab_inp,806.51,24.0,1409103.32,0.0005723568943120508
72220,rural_hc,352.77,0.0,1409103.32,0.0002503506982014633
72220,snf,19164.58,2133.0,1409103.32,0.013600549887285767
73620,alf,83019.65,5963.0,6223697.95,0.01333928006580075
73620,asc,4113.2,527.0,6223697.95,0.0006608932555925211
73620,custodial,1178.62,0.0,6223697.95,0.000189376156983968
73620,er,137206.7,23902.0,6223697.95,0.02204584816009588
73620,fqhc,1169.35,0.0,6223697.95,0.00018788668881336053
73620,group_home,988.58,23.0,6223697.95,0.00015884125610562448
73620,home,76587.87,4199.0,6223697.95,0.012305846237284056
73620,hopd_on_campus,217123.28,39134.0,6223697.95,0.03488653879804691
73620,indep_clinic,19240.84,744.0,6223697.95,0.0030915446338458633
73620,indep_lab,11.52,0.0,6223697.95,1.8509895712403586e-06
73620,inp_psy,36.28,0.0,6223697.95,5.829331739982658e-06
73620,inpatient,187985.24,31501.0,6223697.95,0.030204749894714923
73620,nf,350237.29,29242.0,6223697.95,0.05627478917096225
73620,office,5000782.24,250985.0,6223697.95,0.8035065776288195
73620,other,100486.35,8312.0,6223697.95,0.016145762665104917
73620,phl_state,201.57999999999998,0.0,6223697.95,3.2389103973145094e-05
73620,rehab_inp,3338.88,491.0,6223697.95,0.0005364784773978306
73620,rural_hc,369.28000000000003,0.0,6223697.95,5.933449903364928e-05
73620,snf,39621.2,4846.0,6223697.95,0.006366182986113585
73630,alf,114923.5,5087.0,47639280.22,0.00241236852171735
73630,asc,8292.54,1031.0,47639280.22,0.00017406938059737128
73630,custodial,6945.99,242.0,47639280.22,0.000145803840190766
73630,er,1496696.31,262252.0,47639280.22,0.03141727379356279
73630,fqhc,9260.57,401.0,47639280.22,0.00019438937694344534
73630,group_home,2674.41,41.0,47639280.22,5.613875750535006e-05
73630,home,228629.26,10073.0,47639280.22,0.0047991753641990695
73630,hopd_on_campus,2019168.28,353166.0,47639280.22,0.04238452534705404
73630,indep_clinic,156229.04,8056.0,47639280.22,0.0032794164663808604
73630,indep_lab,136.34,0.0,47639280.22,2.861924012503479e-06
73630,inp_psy,72.36,0.0,47639280.22,1.5189146365318447e-06
73630,inpatient,616401.14,99062.0,47639280.22,0.012938926389177928
73630,nf,379785.73,23116.0,47639280.22,0.007972113101754164
73630,office,40806225.72,1806782.0,47639280.22,0.856566798061501
73630,other,1758040.2,154924.0,47639280.22,0.03690316461292664
73630,phl_state,647.9300000000001,0.0,47639280.22,1.3600751249973442e-05
73630,psy_partial,6.53,0.0,47639280.22,1.370717603172049e-07
73630,rehab_inp,2140.24,246.0,47639280.22,4.492595165410331e-05
73630,rehab_outp,40.71,0.0,47639280.22,8.54546916158256e-07
73630,rural_hc,3992.54,143.0,47639280.22,8.38077313838979e-05
73630,snf,28970.88,2453.0,47639280.22,0.0006081300948757282
73650,alf,6357.16,28.0,892481.31,0.007123017511705651
73650,asc,284.88,0.0,892481.31,0.0003191999617336524
73650,custodial,254.58999999999997,0.0,892481.31,0.0002852608756591216
73650,er,16950.85,2138.0,892481.31,0.018992946754257518
73650,fqhc,253.82,15.0,892481.31,0.0002843981124938067
73650,group_home,88.28999999999999,0.0,892481.31,9.892644138396578e-05
73650,home,12469.210000000001,168.0,892481.31,0.013971396218930343
73650,hopd_on_campus,58619.56,9436.0,892481.31,0.06568155472073695
73650,indep_clinic,3584.26,11.0,892481.31,0.004016061692093026
73650,indep_lab,5.87,0.0,892481.31,6.577168545972128e-06
73650,inp_psy,12.28,0.0,892481.31,1.375939177930796e-05
73650,inpatient,20734.5,2514.0,892481.31,0.023232419287301378
73650,nf,46924.74,2524.0,892481.31,0.05257784053763546
73650,office,688165.49,30374.0,892481.31,0.7710699174193351
73650,other,32302.95,1697.0,892481.31,0.03619453946884333
73650,phl_state,26.5,0.0,892481.31,2.9692498546552196e-05
73650,rehab_inp,103.57,0.0,892481.31,0.0001160472480930721
73650,rural_hc,86.38,0.0,892481.31,9.678634054532748e-05
73650,snf,5256.41,370.0,892481.31,0.0058896583503804684
73718,alf,211.54,0.0,14898332.790000001,1.4198904198326744e-05
73718,asc,0.0,0.0,14898332.790000001,0.0
73718,er,113561.13,1701.0,14898332.790000001,0.00762240524498312
73718,fqhc,119.77,0.0,14898332.790000001,8.039154560998364e-06
73718,home,0.0,0.0,14898332.790000001,0.0
73718,hopd_on_campus,1665739.36,33300.0,14898332.790000001,0.11180709838338898
73718,indep_clinic,632903.64,3531.0,14898332.790000001,0.04248150775802344
73718,indep_lab,0.0,0.0,14898332.790000001,0.0
73718,inpatient,1504294.7,30160.0,14898332.790000001,0.10097067377966658
73718,nf,170.81,0.0,14898332.790000001,1.1465041250431083e-05
73718,office,10698951.57,66436.0,14898332.790000001,0.7181307949558831
73718,other,282076.08,4971.0,14898332.790000001,0.01893339905719746
73718,snf,304.19,0.0,14898332.790000001,2.0417720847541893e-05
73719,er,1625.51,0.0,95769.29,0.01697318628967595
73719,hopd_on_campus,14444.45,0.0,95769.29,0.15082548904768953
73719,indep_clinic,738.34,0.0,95769.29,0.007709569529021256
73719,inpatient,24289.97,76.0,95769.29,0.25363005197177513
73719,office,52649.37,27.0,95769.29,0.5497521178239915
73719,other,2021.65,0.0,95769.29,0.02110958533784682
73720,er,150100.2,1315.0,7760447.57,0.019341693716255597
73720,fqhc,177.39,0.0,7760447.57,2.2858217699420652e-05
73720,hopd_on_campus,1687995.27,20859.0,7760447.57,0.2175126182831746
73720,indep_clinic,277143.57,793.0,7760447.57,0.035712317814164424
73720,indep_lab,0.0,0.0,7760447.57,0.0
73720,inpatient,1705066.88,21049.0,7760447.57,0.21971244114725716
73720,office,3663692.4899999998,12268.0,7760447.57,0.4720980918887903
73720,other,275623.25,3039.0,7760447.57,0.03551641158758579
73720,snf,648.52,0.0,7760447.57,8.356734507259869e-05
75557,er,789.77,0.0,278989.44,0.002830823991044249
75557,hopd_on_campus,153795.45,1013.0,278989.44,0.5512590369011817
75557,indep_clinic,8819.380000000001,19.0,278989.44,0.03161187749615183
75557,inpatient,40097.46,62.0,278989.44,0.1437239344973057
75557,office,66537.48,58.0,278989.44,0.23849461829092886
75557,other,8949.9,26.0,278989.44,0.032079708823387725
75559,hopd_on_campus,2444.04,0.0,3500.29,0.6982392887446469
75559,inpatient,107.93,0.0,3500.29,0.030834587991280724
75559,office,722.2,0.0,3500.29,0.20632576157975482
75559,other,226.12,0.0,3500.29,0.06460036168431758
75561,asc,421.58000000000004,0.0,5782921.28,7.290087130496094e-05
75561,er,7391.68,13.0,5782921.28,0.0012781913572926934
75561,hopd_on_campus,2860860.12,29532.0,5782921.28,0.4947084667906806
75561,indep_clinic,164181.88,670.0,5782921.28,0.02839082049548494
75561,inpatient,748736.5,6799.0,5782921.28,0.12947374929509675
75561,office,1840563.36,6853.0,5782921.28,0.31827570718721593
75561,other,160766.16,1364.0,5782921.28,0.027800164002924142
75563,er,1639.33,0.0,712535.82,0.002300698370504377
75563,hopd_on_campus,372743.61,3199.0,712535.82,0.5231226270140356
75563,indep_clinic,567.65,0.0,712535.82,0.0007966617032670722
75563,inpatient,51931.82,350.0,712535.82,0.07288310081028629
75563,office,284134.81,785.0,712535.82,0.3987656508272104
75563,other,1518.6,0.0,712535.82,0.0021312612746963375
75574,asc,202.7,0.0,21011375.29,9.647155276716777e-06
75574,er,226253.08,2020.0,21011375.29,0.010768123308314864
75574,hopd_on_campus,8551048.4,102501.0,21011375.29,0.4069723319857946
75574,indep_clinic,111669.18,873.0,21011375.29,0.005314701130161004
75574,inpatient,1265240.17,13829.0,21011375.29,0.06021691357834007
75574,office,10429767.06,54558.0,21011375.29,0.49638669130639285
75574,other,427018.72,4722.0,21011375.29,0.020323216072544864
75574,rural_hc,0.0,0.0,21011375.29,0.0
75574,snf,175.98,0.0,21011375.29,8.375463175118985e-06
76881,alf,17175.5,317.0,7167497.88,0.0023963034642711326
76881,asc,4582.41,218.0,7167497.88,0.000639331894716933
76881,custodial,158.31,0.0,7167497.88,2.208720569583203e-05
76881,er,11805.94,41.0,7167497.88,0.0016471494233633453
76881,fqhc,45.019999999999996,0.0,7167497.88,6.281131958981479e-06
76881,group_home,341.98,0.0,7167497.88,4.771260567153457e-05
76881,home,315802.17000000004,7113.0,7167497.88,0.0440603088116993
76881,hopd_on_campus,305306.86,9055.0,7167497.88,0.04259601678459094
76881,indep_clinic,53591.29,1192.0,7167497.88,0.007476987213283976
76881,indep_lab,32.76,0.0,7167497.88,4.570632673839033e-06
76881,inp_psy,0.0,0.0,7167497.88,0.0
76881,inpatient,29582.86,376.0,7167497.88,0.004127362225323741
76881,nf,32795.42,730.0,7167497.88,0.004575574426259893
76881,office,6258639.46,162625.0,7167497.88,0.87319725304195
76881,other,134660.06,3898.0,7167497.88,0.018787596767311496
76881,rehab_inp,206.87,0.0,7167497.88,2.886223385949575e-05
76881,snf,2770.97,50.0,7167497.88,0.0003866021373695893
76882,alf,10789.3,184.0,8923132.37,0.0012091381762164759
76882,asc,1189.5,18.0,8923132.37,0.00013330520614029622
76882,custodial,166.71,0.0,8923132.37,1.868290114808641e-05
76882,er,472773.79,18888.0,8923132.37,0.05298294033936874
76882,fqhc,321.62,0.0,8923132.37,3.604339672033802e-05
76882,group_home,167.04000000000002,0.0,8923132.37,1.871988367690213e-05
76882,home,19499.1,377.0,8923132.37,0.0021852303867593527
76882,hopd_on_campus,2198166.01,99267.6,8923132.37,0.24634466001987596
76882,indep_clinic,56014.26,2200.0,8923132.37,0.006277421165276293
76882,indep_lab,25.07,0.0,8923132.37,2.809551507303259e-06
76882,inp_psy,0.0,0.0,8923132.37,0.0
76882,inpatient,905405.57,40938.0,8923132.37,0.10146723509829543
76882,nf,67897.23,2936.0,8923132.37,0.007609125045401518
76882,office,4763239.41,161312.0,8923132.37,0.5338079961711921
76882,other,401984.46,15862.0,8923132.37,0.04504970265279165
76882,rehab_inp,3204.96,65.0,8923132.37,0.000359174319858263
76882,rural_hc,10.72,0.0,8923132.37,1.2013718451651751e-06
76882,snf,22277.62,528.0,8923132.37,0.0024966143139261757
76977,alf,3.73,0.0,3588.55,0.0010394170347354781
76977,fqhc,0.0,0.0,3588.55,0.0
76977,home,181.16,31.0,3588.55,0.05048278552618746
76977,inpatient,0.0,0.0,3588.55,0.0
76977,nf,283.19,48.0,3588.55,0.07891488205542628
76977,office,3113.01,1408.0,3588.55,0.8674840813141799
76977,other,0.0,0.0,3588.55,0.0
76977,rural_hc,0.0,0.0,3588.55,0.0
76977,snf,7.46,0.0,3588.55,0.0020788340694709562
77078,er,290.02,18.0,568970.35,0.0005097277916151519
77078,hopd_on_campus,56066.3,5440.0,568970.35,0.09853993270475343
77078,indep_clinic,770.6400000000001,0.0,568970.35,0.0013544466772301934
77078,inpatient,1814.18,162.0,568970.35,0.003188531704683733
77078,office,507992.88,7373.0,568970.35,0.8928283872788803
77078,other,2036.33,254.0,568970.35,0.003578973842837329
77078,snf,0.0,0.0,568970.35,0.0
77080,asc,2984.5,305.0,60994595.7,4.8930564515570676e-05
77080,custodial,29.53,0.0,60994595.7,4.841412531897478e-07
77080,er,10345.02,1014.0,60994595.7,0.0001696055180180496
77080,fqhc,2282.34,279.0,60994595.7,3.741872495106972e-05
77080,home,382.15000000000003,14.0,60994595.7,6.265309173940471e-06
77080,hopd_on_campus,10858631.71,1234102.0,60994595.7,0.1780261281410543
77080,indep_clinic,1286765.83,48945.0,60994595.7,0.02109639083975435
77080,indep_lab,67.96,0.0,60994595.7,1.1141970730367508e-06
77080,inpatient,23443.81,2321.0,60994595.7,0.00038435880639831835
77080,nf,1316.76,101.0,60994595.7,2.1588142111416602e-05
77080,office,46189593.01,1457403.0,60994595.7,0.757273533497657
77080,other,2615640.13,290529.0,60994595.7,0.042883145629244654
77080,phl_state,2829.59,76.0,60994595.7,4.6390831310977936e-05
77080,rehab_inp,9.29,0.0,60994595.7,1.5230857575796668e-07
77080,rural_hc,158.78,0.0,60994595.7,2.603181448745958e-06
77080,snf,115.28999999999999,0.0,60994595.7,1.8901674595410096e-06
77081,alf,145.66000000000003,0.0,2323692.21,6.268472191504228e-05
77081,asc,39.24,0.0,2323692.21,1.688691808283852e-05
77081,custodial,29.56,0.0,2323692.21,1.2721134009396193e-05
77081,er,66.98,0.0,2323692.21,2.8824815830492457e-05
77081,fqhc,0.0,0.0,2323692.21,0.0
77081,home,276.36,16.0,2323692.21,0.00011893141389840095
77081,hopd_on_campus,336894.37,42462.0,2323692.21,0.14498235547297375
77081,indep_clinic,13245.119999999999,826.0,2323692.21,0.005700032019300869
77081,inpatient,4825.03,495.0,2323692.21,0.0020764497032935356
77081,nf,30.76,0.0,2323692.21,1.3237553522632845e-05
77081,office,1844151.12,75488.0,2323692.21,0.7936296864376888
77081,other,123957.25,14422.0,2323692.21,0.05334495225596165
77081,rural_hc,30.76,0.0,2323692.21,1.3237553522632845e-05
77081,snf,0.0,0.0,2323692.21,0.0
78350,hopd_on_campus,0.0,59.0,0.0,
78350,office,0.0,0.0,0.0,
78351,hopd_on_campus,0.0,0.0,0.0,
78351,office,0.0,0.0,0.0,
78351,other,0.0,0.0,0.0,
78451,asc,0.0,0.0,2112218.18,0.0
78451,er,14810.9,176.0,2112218.18,0.00701201236701788
78451,hopd_on_campus,616394.57,11931.0,2112218.18,0.29182334279501365
78451,indep_clinic,224.64,0.0,2112218.18,0.00010635264961122529
78451,inpatient,155862.82,2270.0,2112218.18,0.0737910607321825
78451,office,1303022.01,5321.0,2112218.18,0.6168974504328903
78451,other,21903.24,232.0,2112218.18,0.010369781023284251
78452,alf,371.7,0.0,250061252.1,1.4864358107403078e-06
78452,asc,6802.91,112.0,250061252.1,2.72049745527128e-05
78452,er,485008.42,7664.0,250061252.1,0.0019395584718820977
78452,fqhc,0.0,0.0,250061252.1,0.0
78452,group_home,0.0,0.0,250061252.1,0.0
78452,home,1604.1399999999999,0.0,250061252.1,6.414988273986971e-06
78452,hopd_on_campus,28064390.87,521710.0,250061252.1,0.11223006617105555
78452,indep_clinic,202632.94,630.0,250061252.1,0.0008103332215539203
78452,indep_lab,380.29,0.0,250061252.1,1.520787394313779e-06
78452,inp_psy,58.36,0.0,250061252.1,2.3338281924886834e-07
78452,inpatient,5632702.83,102117.0,250061252.1,0.02252529243414118
78452,nf,0.0,0.0,250061252.1,0.0
78452,office,211577085.5,712367.0,250061252.1,0.8461010401379175
78452,other,4089588.36,72878.0,250061252.1,0.016354346487733994
78452,rehab_inp,117.03,0.0,250061252.1,4.6800533476173856e-07
78452,rehab_outp,58.52,0.0,250061252.1,2.3402266248190158e-07
78452,snf,450.23,0.0,250061252.1,1.800478867553427e-06
78453,asc,39.41,0.0,33815.66,0.0011654363688302991
78453,er,599.32,0.0,33815.66,0.017723149570346992
78453,hopd_on_campus,20780.52,475.0,33815.66,0.6145235668917891
78453,inpatient,7735.02,81.0,33815.66,0.2287407668518077
78453,office,4546.28,0.0,33815.66,0.134443036155438
78453,other,115.11000000000001,0.0,33815.66,0.0034040441617877635
78454,er,20314.5,400.0,231964.35,0.08757595725377627
78454,hopd_on_campus,145186.37,3155.0,231964.35,0.6258994970563364
78454,inpatient,58277.450000000004,1099.0,231964.35,0.25123451082030496
78454,office,7712.66,0.0,231964.35,0.03324933335661277
78454,other,473.37,0.0,231964.35,0.0020407015129695577
78472,er,717.1800000000001,0.0,742693.14,0.0009656478044216216
78472,hopd_on_campus,163132.14,3875.0,742693.14,0.21964945037731196
78472,indep_clinic,352.28,0.0,742693.14,0.00047432779573001034
78472,inpatient,24010.47,318.0,742693.14,0.03232892389446333
78472,office,542297.55,3608.0,742693.14,0.7301771361453534
78472,other,12183.52,171.0,742693.14,0.0164045139827197
78473,er,57.33,0.0,41331.93,0.001387063222065846
78473,hopd_on_campus,6968.13,32.0,41331.93,0.1685895142085066
78473,inpatient,1832.37,28.0,41331.93,0.044333037436190374
78473,office,32188.420000000002,35.0,41331.93,0.7787785375616382
78473,other,285.68,0.0,41331.93,0.006911847571599004
78481,hopd_on_campus,2017.04,59.0,85766.18000000001,0.023517894815881967
78481,inpatient,107.58,0.0,85766.18000000001,0.0012543405804012722
78481,office,83641.56000000001,649.0,85766.18000000001,0.9752277646037169
78483,hopd_on_campus,6877.12,117.0,8145.2,0.8443156705789913
78483,inpatient,1268.08,25.0,8145.2,0.15568432942100868
78491,hopd_on_campus,2354.4900000000002,15.0,124065.15,0.01897785155621865
78491,indep_clinic,342.99,0.0,124065.15,0.0027645958595141347
78491,inpatient,909.1700000000001,0.0,124065.15,0.007328165887035966
78491,office,118052.73,101.0,124065.15,0.951538203919473
78491,other,2405.77,0.0,124065.15,0.0193911827777583
78492,er,680.5,0.0,104727513.62,6.497814914895905e-06
78492,esrd,0.0,0.0,104727513.62,0.0
78492,hopd_on_campus,375778.9,6124.0,104727513.62,0.003588158326411722
78492,indep_clinic,909.0,0.0,104727513.62,8.679667535107094e-06
78492,inpatient,31272.73,494.0,104727513.62,0.0002986104502917158
78492,office,103743506.43,97215.0,104727513.62,0.990604119624472
78492,other,575366.0599999999,1820.0,104727513.62,0.005493934116374565
81240,home,0.0,0.0,513865.2,0.0
81240,hopd_on_campus,0.0,0.0,513865.2,0.0
81240,indep_lab,511869.42,24344.0,513865.2,0.9961161409645953
81240,inpatient,0.0,0.0,513865.2,0.0
81240,office,1995.78,262.0,513865.2,0.003883859035404616
81241,hopd_on_campus,0.0,0.0,1546610.8800000001,0.0
81241,indep_clinic,71.9,0.0,1546610.8800000001,4.6488745766485234e-05
81241,indep_lab,1539140.5,62571.0,1546610.8800000001,0.9951698387121135
81241,inpatient,0.0,0.0,1546610.8800000001,0.0
81241,office,7398.4800000000005,439.0,1546610.8800000001,0.004783672542119967
81241,other,0.0,0.0,1546610.8800000001,0.0
82270,alf,38.61,0.0,559789.5,6.89723547869333e-05
82270,asc,0.0,0.0,559789.5,0.0
82270,er,4.29,0.0,559789.5,7.663594976325922e-06
82270,fqhc,1038.18,149.0,559789.5,0.0018545899842708734
82270,group_home,4.29,0.0,559789.5,7.663594976325922e-06
82270,home,759.33,243.0,559789.5,0.0013564563108096883
82270,hopd_on_campus,223.07999999999998,59.0,559789.5,0.00039850693876894796
82270,indep_clinic,55.769999999999996,12.0,559789.5,9.962673469223699e-05
82270,indep_lab,42962.2,14136.0,559789.5,0.07674706295848707
82270,inpatient,0.0,107.0,559789.5,0.0
82270,nf,34.32,0.0,559789.5,6.130875981060738e-05
82270,office,511703.88,143185.0,559789.5,0.9141005324322804
82270,other,2099.34,186.0,559789.5,0.0037502311136596886
82270,phl_state,25.37,0.0,559789.5,4.532060712106962e-05
82270,rural_hc,832.26,131.0,559789.5,0.0014867374254072289
82270,snf,8.58,0.0,559789.5,1.5327189952651845e-05
83090,alf,245.83999999999997,0.0,4423413.67,5.557698608821272e-05
83090,er,0.0,0.0,4423413.67,0.0
83090,home,333.64,11.0,4423413.67,7.542590969114585e-05
83090,hopd_on_campus,175.6,0.0,4423413.67,3.9697847205866235e-05
83090,indep_clinic,368.76,50.0,4423413.67,8.336547913231909e-05
83090,indep_lab,3883941.7399999998,275541.0,4423413.67,0.8780417183998077
83090,inpatient,0.0,0.0,4423413.67,0.0
83090,nf,316.08,0.0,4423413.67,7.145612497055921e-05
83090,office,537961.77,32031.0,4423413.67,0.12161688011422184
83090,other,0.0,0.0,4423413.67,0.0
83090,snf,70.24,24.0,4423413.67,1.5879138882346492e-05
83970,alf,32954.3,891.0,69062552.08,0.0004771659750109832
83970,er,0.0,0.0,69062552.08,0.0
83970,fqhc,80.9,0.0,69062552.08,1.1714018315785357e-06
83970,group_home,0.0,0.0,69062552.08,0.0
83970,home,15325.0,379.0,69062552.08,0.00022190028515378315
83970,hopd_on_campus,9627.1,548.0,69062552.08,0.00013939681795784573
83970,indep_clinic,9748.47,536.0,69062552.08,0.00014115421029775534
83970,indep_lab,55220671.05,1453426.0,69062552.08,0.7995747244618765
83970,inpatient,0.0,138.0,69062552.08,0.0
83970,nf,70180.75,1951.0,69062552.08,0.0010161910888943795
83970,office,13701404.959999999,366188.0,69062552.08,0.19839123442945897
83970,other,1791.0,55.0,69062552.08,2.593301211813544e-05
83970,snf,768.5500000000001,11.0,69062552.08,1.112831739999609e-05
84152,home,18.02,0.0,154076.2,0.00011695511701352965
84152,hopd_on_campus,0.0,11.0,154076.2,0.0
84152,indep_clinic,630.7,90.0,154076.2,0.004093429095473539
84152,indep_lab,93644.75,5890.0,154076.2,0.607782058487943
84152,nf,18.02,0.0,154076.2,0.00011695511701352965
84152,office,59728.67,3511.0,154076.2,0.3876566919485293
84152,other,36.04,0.0,154076.2,0.0002339102340270593
84153,alf,5910.5599999999995,428.0,56897453.34,0.00010388092353941546
84153,asc,18.02,0.0,56897453.34,3.1671013274212033e-07
84153,custodial,0.0,0.0,56897453.34,0.0
84153,er,18.02,0.0,56897453.34,3.1671013274212033e-07
84153,fqhc,4559.06,636.0,56897453.34,8.012766358375645e-05
84153,group_home,36.04,0.0,56897453.34,6.334202654842407e-07
84153,home,11154.02,1031.2,56897453.34,0.0001960372449949093
84153,hopd_on_campus,6469.18,811.0,56897453.34,0.00011369893765442121
84153,indep_clinic,7117.9,1274.0,56897453.34,0.00012510050243313753
84153,indep_lab,40164861.51,2754229.0,56897453.34,0.7059166825971687
84153,inpatient,0.0,30.0,56897453.34,0.0
84153,nf,17821.600000000002,1336.0,56897453.34,0.00031322315769572546
84153,office,16669904.19,1038161.0,56897453.34,0.29298155209840887
84153,other,8862.44,531.0,56897453.34,0.00015576162868030394
84153,phl_state,0.0,0.0,56897453.34,0.0
84153,rural_hc,54.06,0.0,56897453.34,9.50130398226361e-07
84153,snf,666.74,34.0,56897453.34,1.1718274911458453e-05
84154,alf,288.32,0.0,8469129.08,3.404364218286303e-05
84154,fqhc,0.0,0.0,8469129.08,0.0
84154,home,1544.6799999999998,86.0,8469129.08,0.00018238947421970333
84154,hopd_on_campus,36.04,0.0,8469129.08,4.255455272857879e-06
84154,indep_lab,7145921.62,441420.0,8469129.08,0.8437610942635438
84154,inpatient,0.0,0.0,8469129.08,0.0
84154,nf,1459.62,81.0,8469129.08,0.00017234593855074409
84154,office,1319284.1500000001,77450.0,8469129.08,0.15577565739498683
84154,other,540.59,24.0,8469129.08,6.383064833391346e-05
84154,snf,54.06,0.0,8469129.08,6.383182909286819e-06
84480,alf,7339.2,536.0,8062450.180000001,0.0009102939970042704
84480,er,0.0,0.0,8062450.180000001,0.0
84480,fqhc,222.4,0.0,8062450.180000001,2.758466657588698e-05
84480,group_home,69.5,0.0,8062450.180000001,8.620208304964681e-06
84480,home,3600.1,467.0,8062450.180000001,0.0004465267901971705
84480,hopd_on_campus,222.4,132.0,8062450.180000001,2.758466657588698e-05
84480,indep_clinic,55.6,0.0,8062450.180000001,6.896166643971745e-06
84480,indep_lab,6416998.46,565584.0,8062450.180000001,0.7959117038537781
84480,inpatient,0.0,0.0,8062450.180000001,0.0
84480,nf,15095.4,1227.0,8062450.180000001,0.0018723092438383288
84480,office,1618193.82,130084.0,8062450.180000001,0.20070745044901472
84480,other,291.90000000000003,0.0,8062450.180000001,3.620487488085167e-05
84480,phl_state,83.4,0.0,8062450.180000001,1.0344249965957619e-05
84480,snf,278.0,20.0,8062450.180000001,3.4480833219858725e-05
84481,alf,9112.58,540.0,24395260.92,0.0003735389438909104
84481,asc,0.0,0.0,24395260.92,0.0
84481,custodial,16.6,0.0,24395260.92,6.80460030923088e-07
84481,er,29.01,0.0,24395260.92,1.1891653913902881e-06
84481,fqhc,6374.4,562.0,24395260.92,0.00026129665187446576
84481,group_home,16.6,0.0,24395260.92,6.80460030923088e-07
84481,home,13939.29,977.2,24395260.92,0.0005713933556895115
84481,hopd_on_campus,1397.1,86.0,24395260.92,5.7269319831484705e-05
84481,indep_clinic,1809.4,217.0,24395260.92,7.417014337061658e-05
84481,indep_lab,19332747.19,1263340.0,24395260.92,0.7924796235382917
84481,inpatient,0.0,19.0,24395260.92,0.0
84481,nf,25700.420000000002,1669.0,24395260.92,0.0010535005173455633
84481,office,4996951.9799999995,325440.0,24395260.92,0.2048328975199991
84481,other,6784.55,409.0,24395260.92,0.00027810934354212266
84481,rural_hc,16.6,0.0,24395260.92,6.80460030923088e-07
84481,snf,365.20000000000005,42.0,24395260.92,1.4970120680307936e-05
85300,fqhc,0.0,0.0,178981.48,0.0
85300,home,11.61,0.0,178981.48,6.48670465793444e-05
85300,hopd_on_campus,11.61,0.0,178981.48,6.48670465793444e-05
85300,indep_clinic,23.22,0.0,178981.48,0.0001297340931586888
85300,indep_lab,176877.74,16284.0,178981.48,0.9882460464624607
85300,inpatient,0.0,15.0,178981.48,0.0
85300,nf,23.22,0.0,178981.48,0.0001297340931586888
85300,office,2034.08,141.0,178981.48,0.011364751258063124
85303,fqhc,0.0,0.0,219112.66,0.0
85303,hopd_on_campus,0.0,0.0,219112.66,0.0
85303,indep_lab,216629.03,17164.0,219112.66,0.9886650547713673
85303,inpatient,0.0,0.0,219112.66,0.0
85303,nf,40.68,0.0,219112.66,0.00018565791679951308
85303,office,2442.95,124.0,219112.66,0.011149287311833098
85306,alf,30.02,0.0,319401.43,9.398830806737465e-05
85306,fqhc,0.0,0.0,319401.43,0.0
85306,hopd_on_campus,0.0,0.0,319401.43,0.0
85306,indep_lab,316532.35,23386.0,319401.43,0.9910173226212543
85306,inpatient,0.0,0.0,319401.43,0.0
85306,nf,165.11,14.0,319401.43,0.0005169356943705607
85306,office,2673.95,102.0,319401.43,0.008371753376307677
85306,other,0.0,0.0,319401.43,0.0
85613,hopd_on_campus,0.0,0.0,505942.56,0.0
85613,indep_lab,501362.95,59521.0,505942.56,0.9909483598296218
85613,inpatient,0.0,0.0,505942.56,0.0
85613,nf,56.34,0.0,505942.56,0.00011135651446282757
85613,office,4523.27,455.0,505942.56,0.008940283655915407
85613,other,0.0,0.0,505942.56,0.0
86147,alf,74.82000000000001,0.0,5736765.58,1.3042192321897177e-05
86147,home,220.05,0.0,5736765.58,3.835785111512261e-05
86147,hopd_on_campus,64.8,12.0,5736765.58,1.1295563518563712e-05
86147,indep_clinic,224.45999999999998,24.0,5736765.58,3.912657696569152e-05
86147,indep_lab,5184146.31,247995.0,5736765.58,0.9036705854032822
86147,inpatient,0.0,33.0,5736765.58,0.0
86147,nf,723.26,12.0,5736765.58,0.00012607452577833938
86147,office,551311.88,22984.0,5736765.58,0.09610151788701814
86147,other,0.0,0.0,5736765.58,0.0
92920,asc,646278.09,159.0,6530177.57,0.09896791979578588
92920,er,19069.87,0.0,6530177.57,0.002920268215616072
92920,hopd_on_campus,2692506.81,3301.0,6530177.57,0.41231754896980544
92920,inpatient,3156662.29,3632.0,6530177.57,0.48339608780347454
92920,office,10448.64,0.0,6530177.57,0.0016000544989774295
92920,other,5211.87,0.0,6530177.57,0.0007981207163406431
92924,asc,956.94,0.0,690820.65,0.0013852220543783688
92924,er,973.81,0.0,690820.65,0.0014096422855917811
92924,hopd_on_campus,344588.32,24.0,690820.65,0.498810103606486
92924,inpatient,340393.77,24.0,690820.65,0.4927382671609484
92924,office,2699.13,0.0,690820.65,0.0039071356653857985
92924,other,1208.68,0.0,690820.65,0.0017496292272096963
92928,asc,2927208.45,3528.0,81304315.77,0.03600311277793317
92928,er,146815.26,128.0,81304315.77,0.0018057498991237131
92928,hopd_on_campus,40604232.0,90902.0,81304315.77,0.4994105370109064
92928,inpatient,37430185.8,85310.0,81304315.77,0.46037145070976837
92928,nf,0.0,0.0,81304315.77,0.0
92928,office,101682.1,23.0,81304315.77,0.0012506359476371007
92928,other,93734.41,69.0,81304315.77,0.0011528835721976091
92928,rehab_inp,457.75,0.0,81304315.77,5.6300824336917e-06
92933,alf,0.0,0.0,6595268.21,0.0
92933,asc,6256.01,0.0,6595268.21,0.0009485603618840545
92933,er,4851.26,0.0,6595268.21,0.0007355667496045623
92933,group_home,0.0,0.0,6595268.21,0.0
92933,home,0.0,14.0,6595268.21,0.0
92933,hopd_on_campus,3136303.33,3482.0,6595268.21,0.47553840573831646
92933,inp_psy,0.0,0.0,6595268.21,0.0
92933,inpatient,3438564.4,3829.0,6595268.21,0.5213683948116493
92933,office,5348.46,0.0,6595268.21,0.0008109541310072059
92933,other,3944.75,0.0,6595268.21,0.000598118207538371
92937,asc,13483.05,0.0,4530690.78,0.0029759369276576406
92937,er,4017.48,0.0,4530690.78,0.0008867257102900322
92937,hopd_on_campus,2080442.5,2340.0,4530690.78,0.45918880829028896
92937,inpatient,2425002.05,2812.0,4530690.78,0.5352389222201563
92937,office,3402.84,0.0,4530690.78,0.0007510642781055122
92937,other,4342.86,0.0,4530690.78,0.0009585425735013413
92943,asc,4740.02,0.0,3491966.12,0.001357407213332299
92943,er,3118.8099999999995,0.0,3491966.12,0.0008931386768437488
92943,hopd_on_campus,2154903.74,1825.0,3491966.12,0.6171032781956086
92943,inpatient,1325363.0,625.0,3491966.12,0.3795463513832717
92943,office,2205.67,0.0,3491966.12,0.0006316412943891907
92943,other,1634.8799999999999,0.0,3491966.12,0.0004681832365544256
93015,asc,0.0,0.0,41528283.95,0.0
93015,er,52.83,0.0,41528283.95,1.2721450292433765e-06
93015,esrd,0.0,0.0,41528283.95,0.0
93015,group_home,0.0,0.0,41528283.95,0.0
93015,home,192.60999999999999,0.0,41528283.95,4.638043802433593e-06
93015,hopd_on_campus,3776.39,2787.0,41528283.95,9.093537321568039e-05
93015,indep_clinic,38381.48,742.0,41528283.95,0.0009242250425327291
93015,inpatient,1460.08,911.0,41528283.95,3.5158688515950584e-05
93015,nf,0.0,0.0,41528283.95,0.0
93015,office,41195980.27,878116.6,41528283.95,0.9919981360077365
93015,other,288377.45,4935.0,41528283.95,0.006944121513597963
93015,rehab_inp,0.0,0.0,41528283.95,0.0
93015,rural_hc,0.0,0.0,41528283.95,0.0
93015,snf,62.84,0.0,41528283.95,1.5131855695183378e-06
93016,alf,0.0,0.0,11872610.8,0.0
93016,asc,1708.68,118.0,11872610.8,0.00014391779776020284
93016,er,63067.8,3558.0,11872610.8,0.005312041391940516
93016,esrd,0.0,0.0,11872610.8,0.0
93016,home,0.0,0.0,11872610.8,0.0
93016,hopd_on_campus,7828841.36,531964.0,11872610.8,0.6594035205803259
93016,indep_clinic,122.87,0.0,11872610.8,1.034902954959157e-05
93016,inp_psy,48.68,0.0,11872610.8,4.100193362693233e-06
93016,inpatient,1323447.79,87773.0,11872610.8,0.11147066237528817
93016,nf,15.97,0.0,11872610.8,1.3451127362820652e-06
93016,office,1283194.9,86466.0,11872610.8,0.10808026318861559
93016,other,1371899.64,90488.0,11872610.8,0.11555163924012399
93016,rehab_inp,76.92,0.0,11872610.8,6.478777186901469e-06
93016,rehab_outp,33.65,0.0,11872610.8,2.8342544505880707e-06
93016,rural_hc,32.43,0.0,11872610.8,2.7314969341031543e-06
93016,snf,120.11000000000001,0.0,11872610.8,1.0116561725412578e-05
93017,alf,33.44,0.0,1760562.59,1.8993928525994634e-05
93017,er,0.0,0.0,1760562.59,0.0
93017,hopd_on_campus,0.0,1294.0,1760562.59,0.0
93017,indep_clinic,2604.41,123.0,1760562.59,0.0014793055440306725
93017,indep_lab,23.33,0.0,1760562.59,1.3251445948309056e-05
93017,inpatient,0.0,91.0,1760562.59,0.0
93017,office,1757768.77,79557.0,1760562.59,0.9984131095276766
93017,other,107.07,51.0,1760562.59,6.0815787298990595e-05
93017,rural_hc,25.57,0.0,1760562.59,1.4523766519428315e-05
93018,alf,10.8,0.0,9480642.83,1.1391632607258553e-06
93018,asc,1422.9299999999998,137.0,9480642.83,0.00015008792394302233
93018,er,50429.38,4515.0,9480642.83,0.0053191941627021505
93018,esrd,0.0,0.0,9480642.83,0.0
93018,home,11.1,0.0,9480642.83,1.1708066846349066e-06
93018,hopd_on_campus,6354659.15,644001.0,9480642.83,0.6702772442699437
93018,indep_clinic,57.26,0.0,9480642.83,6.039674843440969e-06
93018,indep_lab,11.66,0.0,9480642.83,1.2298744092651362e-06
93018,inp_psy,32.21,0.0,9480642.83,3.3974489470351663e-06
93018,inpatient,1065180.42,105789.0,9480642.83,0.11235318523227183
93018,nf,10.58,0.0,9480642.83,1.1159580831925508e-06
93018,office,999428.4,100113.0,9480642.83,0.10541778842648374
93018,other,1009256.3,98745.0,9480642.83,0.1064544164459363
93018,rehab_inp,72.47,0.0,9480642.83,7.643996435629882e-06
93018,rehab_outp,22.16,0.0,9480642.83,2.3373942460819398e-06
93018,rural_hc,0.0,0.0,9480642.83,0.0
93018,snf,38.01,0.0,9480642.83,4.009221809276829e-06
93303,alf,181.97,0.0,1069264.72,0.00017018236606553333
93303,custodial,0.0,0.0,1069264.72,0.0
93303,er,2142.8,0.0,1069264.72,0.00200399392210378
93303,home,0.0,0.0,1069264.72,0.0
93303,hopd_on_campus,235274.36000000002,5363.0,1069264.72,0.2200337817187123
93303,indep_clinic,435.21000000000004,13.0,1069264.72,0.000407018011405071
93303,inpatient,74270.63,1099.0,1069264.72,0.06945953477264265
93303,nf,3035.46,49.0,1069264.72,0.002838829284482518
93303,office,729427.73,3997.0,1069264.72,0.6821769355674617
93303,other,24496.56,444.0,1069264.72,0.022909724357126456
93304,er,372.15999999999997,0.0,60422.45,0.00615930006148377
93304,fqhc,0.0,0.0,60422.45,0.0
93304,home,0.0,0.0,60422.45,0.0
93304,hopd_on_campus,15974.02,363.0,60422.45,0.26437226560657506
93304,inpatient,15448.380000000001,281.0,60422.45,0.2556728500747653
93304,nf,116.88,0.0,60422.45,0.0019343803503499113
93304,office,26841.93,60.0,60422.45,0.444237696419129
93304,other,1517.0,21.0,60422.45,0.02510656221321711
93304,snf,152.08,0.0,60422.45,0.0025169452744799327
93306,alf,537656.57,4806.0,575811113.03,0.0009337377446065162
93306,asc,36142.920000000006,775.0,575811113.03,6.276870866526146e-05
93306,custodial,45554.78,533.0,575811113.03,7.911410351266802e-05
93306,er,2411261.42,47642.0,575811113.03,0.00418759097460207
93306,esrd,0.0,0.0,575811113.03,0.0
93306,fqhc,6936.25,67.0,575811113.03,1.2046050941081122e-05
93306,group_home,8770.4,44.0,575811113.03,1.5231383697770102e-05
93306,home,2011724.57,18616.0,575811113.03,0.003493723070772322
93306,hopd_on_campus,90168712.17999999,1850532.0,575811113.03,0.15659425485124698
93306,indep_clinic,711828.3,5861.0,575811113.03,0.0012362184124135053
93306,indep_lab,156468.84,1605.0,575811113.03,0.0002717364018499725
93306,inp_psy,2362.33,13.0,575811113.03,4.102612725845257e-06
93306,inpatient,102057796.91,2018759.0,575811113.03,0.17724179787527433
93306,nf,1412672.7,16060.0,575811113.03,0.002453361298579868
93306,office,361527196.41,2678890.9,575811113.03,0.6278572751185584
93306,other,14577563.4,296685.0,575811113.03,0.025316571823858675
93306,rehab_inp,25144.06,377.0,575811113.03,4.366720167606419e-05
93306,rehab_outp,0.0,0.0,575811113.03,0.0
93306,rural_hc,251.17000000000002,108.0,575811113.03,4.3620207098523637e-07
93306,snf,113069.82,1821.0,575811113.03,0.0001963661649477561
93307,alf,5152.0599999999995,55.0,962677.32,0.005351803655247638
93307,asc,34.11,0.0,962677.32,3.543243337237861e-05
93307,custodial,329.4,0.0,962677.32,0.00034217072860924985
93307,er,7028.83,83.0,962677.32,0.007301335404889356
93307,home,11428.449999999999,116.0,962677.32,0.011871527211215488
93307,hopd_on_campus,216889.13,6508.0,962677.32,0.2252978495431886
93307,indep_clinic,7512.93,88.0,962677.32,0.007804203801124141
93307,indep_lab,76.67,0.0,962677.32,7.964247043858892e-05
93307,inpatient,321867.17,9556.0,962677.32,0.33434585329173433
93307,nf,10115.19,115.0,962677.32,0.010507352557137216
93307,office,353767.14,3130.0,962677.32,0.3674825745349439
93307,other,26958.94,509.0,962677.32,0.028004129150980727
93307,rehab_inp,356.6,0.0,962677.32,0.00037042526357637683
93307,snf,1160.7,11.0,962677.32,0.0012056999535420656
93308,alf,2237.67,0.0,13052826.35,0.00017143183705956526
93308,asc,133.8,0.0,13052826.35,1.0250653491609503e-05
93308,custodial,133.07,0.0,13052826.35,1.0194726906789807e-05
93308,er,1200086.88,65328.0,13052826.35,0.09194076806208334
93308,esrd,0.0,0.0,13052826.35,0.0
93308,fqhc,104.59,0.0,13052826.35,8.012823981221508e-06
93308,group_home,82.92,0.0,13052826.35,6.35264714143692e-06
93308,home,17538.780000000002,184.0,13052826.35,0.0013436768045259411
93308,hopd_on_campus,2040165.98,111470.0,13052826.35,0.15630070647496203
93308,indep_clinic,6368.03,80.0,13052826.35,0.0004878659862045893
93308,indep_lab,3274.79,60.0,13052826.35,0.00025088742561874347
93308,inp_psy,18.67,0.0,13052826.35,1.4303415597036578e-06
93308,inpatient,5919971.61,320150.0,13052826.35,0.45353944435183574
93308,nf,13324.449999999999,164.0,13052826.35,0.0010208095658914514
93308,office,3580032.12,52709.0,13052826.35,0.27427256166630914
93308,other,261983.86,14126.0,13052826.35,0.020071044613261094
93308,rehab_inp,514.35,0.0,13052826.35,3.940525876987554e-05
93308,rehab_outp,18.64,0.0,13052826.35,1.4280432069028483e-06
93308,rural_hc,0.0,0.0,13052826.35,0.0
93308,snf,6836.14,16.0,13052826.35,0.0005237287171908175
93312,asc,9429.25,75.0,26898899.76,0.0003505440774206595
93312,er,46490.53,218.0,26898899.76,0.0017283431818699783
93312,hopd_on_campus,13499304.69,171595.1,26898899.76,0.5018534144684288
93312,indep_clinic,182.68,0.0,26898899.76,6.791355840942395e-06
93312,indep_lab,0.0,0.0,26898899.76,0.0
93312,inpatient,13001555.31,172846.0,26898899.76,0.4833489631919428
93312,office,305608.68,1714.0,26898899.76,0.011361382165320207
93312,other,35648.16,297.0,26898899.76,0.0013252646137226246
93312,rehab_inp,86.46,0.0,26898899.76,3.2142578607832246e-06
93312,snf,594.0,0.0,26898899.76,2.2082687593167194e-05
93315,er,578.76,0.0,144967.97,0.003992330167829487
93315,hopd_on_campus,74441.88,434.0,144967.97,0.5135057075021469
93315,inpatient,66666.9,367.0,144967.97,0.4598733085660232
93315,office,2143.59,0.0,144967.97,0.014786645629375924
93315,other,889.65,0.0,144967.97,0.006136872855431444
93315,snf,247.19,0.0,144967.97,0.0017051352791930521
93318,er,0.0,0.0,82915.49,0.0
93318,hopd_on_campus,19447.53,150.0,82915.49,0.23454640381429329
93318,inpatient,61990.03,1169.0,82915.49,0.7476290618315106
93318,office,1477.9299999999998,0.0,82915.49,0.017824534354196057
93318,other,0.0,0.0,82915.49,0.0
93350,alf,0.0,0.0,3951959.96,0.0
93350,asc,262.8,0.0,3951959.96,6.649864944481878e-05
93350,custodial,0.0,0.0,3951959.96,0.0
93350,er,19649.51,269.0,3951959.96,0.0049720923791950564
93350,home,501.16,0.0,3951959.96,0.00012681302570686977
93350,hopd_on_campus,2314275.27,47508.0,3951959.96,0.5856019022014586
93350,indep_clinic,6853.45,64.0,3951959.96,0.001734190140934525
93350,inpatient,140571.16,2190.0,3951959.96,0.03556998588619304
93350,office,1131403.94,9468.0,3951959.96,0.28628932262765133
93350,other,338390.81,6674.0,3951959.96,0.08562607248682752
93350,snf,51.86,0.0,3951959.96,1.3122602588311649e-05
93351,alf,0.0,0.0,25179321.16,0.0
93351,er,25487.07,246.0,25179321.16,0.0010122222850268453
93351,home,210.45,0.0,25179321.16,8.358048998331295e-06
93351,hopd_on_campus,3018969.57,51354.0,25179321.16,0.11989876735819036
93351,indep_clinic,49448.92,292.0,25179321.16,0.0019638702602735297
93351,inpatient,166612.04,2209.0,25179321.16,0.006617018740945279
93351,office,21448510.12,122629.0,25179321.16,0.8518303564940113
93351,other,470082.99,7970.0,25179321.16,0.018669406812554433
93351,phl_state,0.0,0.0,25179321.16,0.0
93351,rural_hc,0.0,0.0,25179321.16,0.0
93503,asc,348.29,0.0,3335745.54,0.00010441144140748818
93503,er,2920.91,0.0,3335745.54,0.0008756393330889382
93503,hopd_on_campus,94206.34,833.0,3335745.54,0.028241464725154063
93503,indep_lab,0.0,0.0,3335745.54,0.0
93503,inpatient,3236977.54,49482.0,3335745.54,0.9703910268886997
93503,office,1292.46,0.0,3335745.54,0.00038745761164983827
93503,other,0.0,0.0,3335745.54,0.0
93880,alf,90573.83,517.0,162328594.37,0.0005579659600424593
93880,asc,3323.84,126.0,162328594.37,2.0475998162245407e-05
93880,custodial,16443.260000000002,98.0,162328594.37,0.00010129613986874322
93880,er,584302.87,20250.0,162328594.37,0.003599506742898189
93880,fqhc,5956.83,71.0,162328594.37,3.6696122596998744e-05
93880,group_home,850.6999999999999,0.0,162328594.37,5.240604733266994e-06
93880,home,1570330.88,12743.0,162328594.37,0.009673778585310126
93880,hopd_on_campus,11774845.89,446031.0,162328594.37,0.07253710250925523
93880,indep_clinic,739506.79,7194.0,162328594.37,0.004555616297116588
93880,indep_lab,71198.75,651.0,162328594.37,0.00043860880010896134
93880,inpatient,4931988.93,180808.0,162328594.37,0.03038274894907537
93880,nf,242746.07,2114.0,162328594.37,0.0014953993222334091
93880,office,140355521.44,1070858.0,162328594.37,0.8646383096257448
93880,other,1923363.93,65775.0,162328594.37,0.011848583655052319
93880,rehab_inp,1446.05,0.0,162328594.37,8.908165598378673e-06
93880,rural_hc,146.35999999999999,171.0,162328594.37,9.016279637486273e-07
93880,snf,16047.949999999999,325.0,162328594.37,9.88608942391349e-05
93882,alf,407.6,0.0,1678142.17,0.0002428876452106558
93882,asc,137.86,0.0,1678142.17,8.215036989386901e-05
93882,er,5288.44,97.0,1678142.17,0.0031513658941065763
93882,home,2929.16,11.0,1678142.17,0.0017454778578146332
93882,hopd_on_campus,98480.53,4665.0,1678142.17,0.05868425915308475
93882,indep_clinic,1632.57,0.0,1678142.17,0.0009728436774817476
93882,indep_lab,263.21999999999997,0.0,1678142.17,0.00015685202642872623
93882,inpatient,86778.29,3869.0,1678142.17,0.051710928639615794
93882,nf,2664.41,0.0,1678142.17,0.0015877141088707638
93882,office,1471547.97,19423.0,1678142.17,0.8768911218052521
93882,other,7794.87,225.0,1678142.17,0.004644940184060806
93882,rehab_inp,18.11,0.0,1678142.17,1.0791695914536252e-05
93882,rural_hc,0.0,0.0,1678142.17,0.0
93882,snf,199.14,0.0,1678142.17,0.0001186669422650883
94010,alf,38.42,0.0,13518506.8,2.8420298608719124e-06
94010,asc,20.2,0.0,13518506.8,1.4942478706302089e-06
94010,custodial,1957.8899999999999,90.0,13518506.8,0.0001448303447241673
94010,er,612.88,11.0,13518506.8,4.533636806692289e-05
94010,fqhc,74.67,0.0,13518506.8,5.523539034651371e-06
94010,group_home,61.01,0.0,13518506.8,4.513072405304408e-06
94010,home,29304.010000000002,1298.0,13518506.8,0.002167695769476552
94010,hopd_on_campus,1111649.65,190882.0,13518506.8,0.08223168922768895
94010,indep_clinic,15373.44,808.0,13518506.8,0.001137214355656499
94010,indep_lab,195.27,0.0,13518506.8,1.4444642658314896e-05
94010,inpatient,88978.58,14690.0,13518506.8,0.006581982856272262
94010,nf,21372.190000000002,2722.0,13518506.8,0.0015809578910002103
94010,office,12076586.67,664008.0,13518506.8,0.8933373225806269
94010,other,171894.56,26983.0,13518506.8,0.012715499022421618
94010,phl_state,38.870000000000005,0.0,13518506.8,2.8753175609602092e-06
94010,rehab_inp,25.53,0.0,13518506.8,1.888522185009368e-06
94010,rural_hc,119.75,86.0,13518506.8,8.858226856830075e-06
94010,snf,203.20999999999998,11.0,13518506.8,1.5031985633206175e-05
95812,alf,250.25,0.0,2701751.57,9.262509654061199e-05
95812,ambulance_land,0.0,0.0,2701751.57,0.0
95812,asc,0.0,0.0,2701751.57,0.0
95812,er,6456.61,43.0,2701751.57,0.002389786711588734
95812,home,2050.52,0.0,2701751.57,0.0007589594923414813
95812,hopd_on_campus,188012.71,4329.0,2701751.57,0.06958919246598236
95812,indep_clinic,17721.49,64.0,2701751.57,0.006559259628745215
95812,inp_psy,88.34,0.0,2701751.57,3.269730680678387e-05
95812,inpatient,312055.05,7131.0,2701751.57,0.11550101551342858
95812,nf,13201.82,41.0,2701751.57,0.004886393015032096
95812,office,2139096.58,8190.0,2701751.57,0.7917443645642076
95812,other,22331.739999999998,405.0,2701751.57,0.008265652641038346
95812,rehab_inp,443.67,0.0,2701751.57,0.00016421569063805523
95812,snf,42.79,0.0,2701751.57,1.5837873650240908e-05
95813,alf,1330.37,0.0,3956795.39,0.0003362241078632069
95813,asc,2456.74,13.0,3956795.39,0.0006208913420716455
95813,er,18674.91,136.0,3956795.39,0.004719705761687111
95813,fqhc,4819.969999999999,25.0,3956795.39,0.001218149923087127
95813,group_home,0.0,0.0,3956795.39,0.0
95813,home,1957.33,0.0,3956795.39,0.0004946755662288617
95813,hopd_on_campus,436649.13,6673.0,3956795.39,0.11035423542585557
95813,indep_clinic,7199.639999999999,13.0,3956795.39,0.0018195633815677285
95813,indep_lab,21787.13,84.0,3956795.39,0.0055062564152451665
95813,inp_psy,130.64,0.0,3956795.39,3.301661752087716e-05
95813,inpatient,672025.12,10109.0,3956795.39,0.16984075590524786
95813,office,2764140.05,8556.0,3956795.39,0.6985804868722312
95813,other,13241.8,166.0,3956795.39,0.0033465971056946663
95813,rehab_inp,260.55,0.0,3956795.39,6.584874230759756e-05
95813,snf,12122.01,64.0,3956795.39,0.003063592833391367
95816,alf,394624.22,1306.0,46375385.339999996,0.008509346436839763
95816,asc,48.54,0.0,46375385.339999996,1.0466759390597014e-06
95816,custodial,10409945.72,35443.0,46375385.339999996,0.22447135789125502
95816,er,78089.08,1617.0,46375385.339999996,0.0016838475718852109
95816,group_home,5636.93,11.0,46375385.339999996,0.00012155004122710758
95816,home,310803.33999999997,1266.0,46375385.339999996,0.006701903126439876
95816,hopd_on_campus,1554216.06,37897.0,46375385.339999996,0.033513814464403976
95816,indep_clinic,80909.28,238.0,46375385.339999996,0.0017446600045868212
95816,inp_psy,2264.0099999999998,18.0,46375385.339999996,4.8819216991976804e-05
95816,inpatient,4457672.86,106935.0,46375385.339999996,0.09612152712734744
95816,nf,220668.22,1169.0,46375385.339999996,0.0047583048287831225
95816,office,28771264.18,102834.0,46375385.339999996,0.6203994634020652
95816,other,82643.83,1417.0,46375385.339999996,0.0017820623892200313
95816,phl_state,271.87,0.0,46375385.339999996,5.8623771642389985e-06
95816,rehab_inp,4383.31,28.0,46375385.339999996,9.45180286452365e-05
95816,rural_hc,0.0,0.0,46375385.339999996,0.0
95816,snf,1943.89,12.0,46375385.339999996,4.191641720599017e-05
95819,alf,3407.97,0.0,27881436.65,0.00012223078899343588
95819,ambulance_land,0.0,0.0,27881436.65,0.0
95819,er,41127.73,761.0,27881436.65,0.001475093644430263
95819,group_home,4313.79,15.0,27881436.65,0.0001547190718380719
95819,home,1005637.9400000001,3129.0,27881436.65,0.03606836880839138
95819,hopd_on_campus,943220.29,22452.0,27881436.65,0.03382968753871584
95819,indep_clinic,3479.88,0.0,27881436.65,0.00012480992438386422
95819,indep_lab,0.0,0.0,27881436.65,0.0
95819,inp_psy,737.79,0.0,27881436.65,2.646169238915456e-05
95819,inpatient,2697334.58,64163.0,27881436.65,0.09674302704914599
95819,nf,335.95,0.0,27881436.65,1.2049235633630808e-05
95819,office,23131067.3,69216.0,27881436.65,0.829622504405633
95819,other,46755.49,809.0,27881436.65,0.0016769397713227235
95819,rehab_inp,3254.97,21.0,27881436.65,0.00011674326688614161
95819,snf,762.97,0.0,27881436.65,2.7364802236616456e-05
95822,asc,3233.82,86.0,951073.37,0.0034001793152929937
95822,er,4642.82,17.0,951073.37,0.004881663335816037
95822,hopd_on_campus,54131.87,1018.0,951073.37,0.05691660781123543
95822,indep_clinic,1358.15,0.0,951073.37,0.001428018113891676
95822,inpatient,845082.8,19990.0,951073.37,0.8885568944065798
95822,office,40978.15,92.0,951073.37,0.04308621321192076
95822,other,1254.94,0.0,951073.37,0.0013194986208056694
95822,rehab_inp,298.27,0.0,951073.37,0.00031361408005777723
95822,snf,92.55000000000001,0.0,951073.37,9.73111043998635e-05
95830,inpatient,361.9,0.0,7963.09,0.045447181935655626
95830,office,7601.19,14.0,7963.09,0.9545528180643443
95957,alf,8769.13,13.0,5934039.44,0.001477767394144586
95957,ambulance_land,0.0,0.0,5934039.44,0.0
95957,er,1521.44,23.0,5934039.44,0.00025639195953844216
95957,group_home,6274.87,27.0,5934039.44,0.0010574365174761966
95957,home,218090.3,1193.0,5934039.44,0.03675241834927878
95957,hopd_on_campus,53146.84,736.0,5934039.44,0.008956266728149686
95957,indep_clinic,39539.03999999999,157.0,5934039.44,0.006663090193414689
95957,inpatient,228323.49,3508.0,5934039.44,0.0384769080671968
95957,nf,44845.33,271.0,5934039.44,0.0075573023154696115
95957,office,5330666.94,25777.0,5934039.44,0.8983201062108209
95957,other,1410.5900000000001,0.0,5934039.44,0.0002377115983576948
95957,snf,1451.47,12.0,5934039.44,0.00024460066615263347
C9600,asc,17618246.62,3662.0,17618246.62,1.0
C9600,hopd_on_campus,0.0,0.0,17618246.62,0.0
C9600,inpatient,0.0,0.0,17618246.62,0.0
C9600,office,0.0,0.0,17618246.62,0.0
C9602,asc,0.0,0.0,0.0,
C9604,asc,0.0,0.0,0.0,
C9604,inpatient,0.0,0.0,0.0,
C9607,asc,0.0,0.0,0.0,
C9607,inpatient,0.0,0.0,0.0,
G0102,asc,1048.3600000000001,158.0,133341.66,0.007862209005047636
G0102,group_home,0.0,0.0,133341.66,0.0
G0102,home,0.0,0.0,133341.66,0.0
G0102,hopd_on_campus,1112.94,314.0,133341.66,0.008346528759278984
G0102,indep_clinic,0.0,0.0,133341.66,0.0
G0102,indep_lab,0.0,13.0,133341.66,0.0
G0102,inpatient,53.86,0.0,133341.66,0.0004039247748978076
G0102,nf,0.0,29.0,133341.66,0.0
G0102,office,129840.3,21003.0,133341.66,0.9737414398470815
G0102,other,1286.2,264.0,133341.66,0.009645897613694025
G0103,alf,2194.72,159.0,25772982.22,8.51558419303484e-05
G0103,er,0.0,0.0,25772982.22,0.0
G0103,fqhc,9934.77,883.0,25772982.22,0.00038547227151270667
G0103,group_home,56.76,0.0,25772982.22,2.202306256819355e-06
G0103,home,132.44,13.0,25772982.22,5.138714599245162e-06
G0103,hopd_on_campus,4994.88,424.0,25772982.22,0.0001938029506001033
G0103,indep_clinic,529.76,42.0,25772982.22,2.055485839698065e-05
G0103,indep_lab,18792182.98,1177301.0,25772982.22,0.7291427441181854
G0103,inp_psy,0.0,0.0,25772982.22,0.0
G0103,inpatient,0.0,20.0,25772982.22,0.0
G0103,nf,10216.800000000001,759.0,25772982.22,0.00039641512622748404
G0103,office,6950936.04,441208.0,25772982.22,0.26969855411633464
G0103,other,1576.03,109.0,25772982.22,6.115047092908754e-05
G0103,rehab_inp,0.0,0.0,25772982.22,0.0
G0103,rural_hc,227.04,0.0,25772982.22,8.80922502727742e-06
G0103,snf,0.0,0.0,25772982.22,0.0
G0104,asc,219822.83,1465.0,306867.5,0.7163444483368229
G0104,er,105.11,0.0,306867.5,0.0003425256829087473
G0104,hopd_on_campus,60708.450000000004,442.0,306867.5,0.1978327779905008
G0104,inpatient,2561.46,21.0,306867.5,0.008347120499890018
G0104,office,20028.63,53.0,306867.5,0.06526800655005825
G0104,other,3641.02,0.0,306867.5,0.011865120939819304
G0105,asc,90305659.2,308777.0,113144853.58,0.7981419953506648
G0105,cmhc,0.0,0.0,113144853.58,0.0
G0105,er,8795.78,37.0,113144853.58,7.773910806982372e-05
G0105,group_home,0.0,0.0,113144853.58,0.0
G0105,home,346.78,0.0,113144853.58,3.0649206660982273e-06
G0105,hopd_on_campus,18689050.46,106993.0,113144853.58,0.16517808692717742
G0105,indep_clinic,708.96,0.0,113144853.58,6.26595004163158e-06
G0105,indep_lab,0.0,0.0,113144853.58,0.0
G0105,inpatient,124835.22,325.0,113144853.58,0.0011033221224837613
G0105,nf,0.0,0.0,113144853.58,0.0
G0105,office,2593864.98,7888.0,113144853.58,0.022925169797192644
G0105,other,1421427.42,7614.0,113144853.58,0.01256289946051296
G0105,rehab_inp,0.0,0.0,113144853.58,0.0
G0105,rural_hc,0.01,0.0,113144853.58,8.838227885397738e-11
G0105,snf,164.77,0.0,113144853.58,1.4562748086769852e-06
G0106,asc,0.0,0.0,518.3,0.0
G0106,home,0.0,0.0,518.3,0.0
G0106,hopd_on_campus,190.51,0.0,518.3,0.3675670461122902
G0106,office,327.79,0.0,518.3,0.6324329538877099
G0120,asc,422.77,0.0,3117.03,0.1356323166604107
G0120,hopd_on_campus,1338.68,11.0,3117.03,0.4294729277549462
G0120,office,1355.58,0.0,3117.03,0.434894755584643
G0120,other,0.0,0.0,3117.03,0.0
G0121,asc,60562967.21,204936.0,79775284.97,0.7591695502281827
G0121,er,4625.37,12.0,79775284.97,5.79799871819875e-05
G0121,esrd,0.0,0.0,79775284.97,0.0
G0121,group_home,0.0,0.0,79775284.97,0.0
G0121,home,755.73,11.0,79775284.97,9.473234727825756e-06
G0121,hopd_on_campus,15900467.49,92677.0,79775284.97,0.1993157090692872
G0121,indep_clinic,1705.1,0.0,79775284.97,2.1373787641638804e-05
G0121,inpatient,209133.85,586.0,79775284.97,0.0026215368591744437
G0121,office,1981566.2,6432.0,79775284.97,0.02483934969013499
G0121,other,1114064.01,5955.0,79775284.97,0.01396502701831715
G0121,rural_hc,0.0,0.0,79775284.97,0.0
G0121,snf,0.01,0.0,79775284.97,1.253521062790382e-10
G0122,indep_clinic,0.0,0.0,0.0,
G0122,inpatient,0.0,0.0,0.0,
G0122,office,0.0,11.0,0.0,
G0123,asc,0.0,0.0,1055236.78,0.0
G0123,er,0.0,0.0,1055236.78,0.0
G0123,hopd_on_campus,218.35000000000002,152.0,1055236.78,0.00020692038425726596
G0123,indep_lab,755802.43,47614.0,1055236.78,0.7162396576055661
G0123,inpatient,0.0,0.0,1055236.78,0.0
G0123,office,299216.0,19106.0,1055236.78,0.2835534220101767
G0123,other,0.0,0.0,1055236.78,0.0
G0124,asc,21.5,0.0,800429.99,2.6860562783261034e-05
G0124,er,180.85,0.0,800429.99,0.00022594105950477942
G0124,fqhc,0.0,0.0,800429.99,0.0
G0124,hopd_on_campus,185572.12,9633.0,800429.99,0.23184053860850465
G0124,indep_lab,445428.0,23169.0,800429.99,0.5564858957870882
G0124,inpatient,2258.87,59.0,800429.99,0.0028220706722895277
G0124,office,166062.08,8788.0,800429.99,0.20746608957018214
G0124,other,906.57,38.0,800429.99,0.0011326037396474863
G0124,rural_hc,0.0,0.0,800429.99,0.0
G0141,hopd_on_campus,7825.22,367.0,40249.04,0.19442004082581846
G0141,indep_lab,18015.36,852.0,40249.04,0.44759725946258594
G0141,inpatient,48.230000000000004,0.0,40249.04,0.001198289449885016
G0141,office,14313.93,646.0,40249.04,0.35563407226607147
G0141,other,46.3,0.0,40249.04,0.0011503379956391505
G0143,indep_lab,5487.57,327.0,6600.99,0.8313253012048193
G0143,office,1113.42,63.0,6600.99,0.16867469879518074
G0144,indep_lab,30852.440000000002,1060.0,37962.29,0.8127128263337118
G0144,office,7109.85,338.0,37962.29,0.1872871736662883
G0145,asc,0.0,0.0,8864341.5,0.0
G0145,hopd_on_campus,1116.28,153.0,8864341.5,0.00012592926389399595
G0145,indep_clinic,0.0,0.0,8864341.5,0.0
G0145,indep_lab,7828606.44,378993.0,8864341.5,0.883157134683947
G0145,inpatient,25.96,0.0,8864341.5,2.928587532418511e-06
G0145,office,1034566.86,49342.0,8864341.5,0.11671107887709425
G0145,other,0.0,0.0,8864341.5,0.0
G0145,snf,25.96,0.0,8864341.5,2.928587532418511e-06
G0147,indep_lab,949.76,105.0,949.76,1.0
G0148,home,0.0,0.0,313.0,0.0
G0148,hopd_on_campus,125.2,54.0,313.0,0.4
G0148,indep_lab,156.5,0.0,313.0,0.5
G0148,inpatient,31.3,0.0,313.0,0.1
G0289,asc,101059.54,1036.0,156346.44,0.646382098626614
G0289,home,850.23,0.0,156346.44,0.005438115508098553
G0289,hopd_on_campus,48997.96,112.0,156346.44,0.31339351250978276
G0289,inpatient,1461.32,0.0,156346.44,0.00934667908012488
G0289,office,270.0,0.0,156346.44,0.0017269341086372032
G0289,other,3707.3900000000003,11.0,156346.44,0.023712660166742526
G0328,alf,0.0,0.0,6159558.86,0.0
G0328,asc,17.69,0.0,6159558.86,2.8719589181748645e-06
G0328,custodial,17.69,0.0,6159558.86,2.8719589181748645e-06
G0328,er,0.0,0.0,6159558.86,0.0
G0328,fqhc,2565.05,81.0,6159558.86,0.00041643404313535535
G0328,home,138.53,0.0,6159558.86,2.2490246972004743e-05
G0328,hopd_on_campus,53.07000000000001,0.0,6159558.86,8.615876754524594e-06
G0328,indep_clinic,389.18,23.0,6159558.86,6.3183096199847e-05
G0328,indep_lab,3400184.35,226057.0,6159558.86,0.5520175108773943
G0328,inpatient,0.0,0.0,6159558.86,0.0
G0328,office,2754211.17,180046.0,6159558.86,0.44714422454597663
G0328,other,1362.13,67.0,6159558.86,0.00022114083669946455
G0328,phl_state,390.01,0.0,6159558.86,6.33178461095183e-05
G0328,rural_hc,229.99,11.0,6159558.86,3.733871292204844e-05
P3000,indep_lab,14661.25,1225.0,15947.95,0.9193187839189363
P3000,inpatient,0.0,0.0,15947.95,0.0
P3000,office,1286.7,180.0,15947.95,0.08068121608106371
P3000,other,0.0,0.0,15947.95,0.0
P3001,fqhc,0.0,0.0,16321.62,0.0
P3001,hopd_on_campus,9783.66,481.0,16321.62,0.5994294683983574
P3001,indep_lab,3521.41,168.0,16321.62,0.2157512550837478
P3001,inpatient,153.49,0.0,16321.62,0.00940409101547518
P3001,office,2802.11,140.0,16321.62,0.1716808748151225
P3001,other,60.95,0.0,16321.62,0.0037343106872969717
Q0091,alf,218.25,0.0,16470608.73,1.3250876368793444e-05
Q0091,asc,54.81,0.0,16470608.73,3.3277458592145187e-06
Q0091,custodial,0.0,0.0,16470608.73,0.0
Q0091,er,57.58,0.0,16470608.73,3.49592422137515e-06
Q0091,fqhc,1657.1899999999998,38.0,16470608.73,0.00010061498194547905
Q0091,home,167.01,0.0,16470608.73,1.0139880239872591e-05
Q0091,hopd_on_campus,169884.7,10358.0,16470608.73,0.010314415379837634
Q0091,indep_clinic,10746.71,238.0,16470608.73,0.0006524780095362024
Q0091,indep_lab,998.85,41.0,16470608.73,6.064438882460175e-05
Q0091,inpatient,431.44,0.0,16470608.73,2.6194538834145445e-05
Q0091,nf,0.0,0.0,16470608.73,0.0
Q0091,office,16134201.7,455135.0,16470608.73,0.9795753128791616
Q0091,other,150722.47,9498.0,16470608.73,0.009150995720362789
Q0091,phl_state,656.31,0.0,16470608.73,3.984734327423974e-05
Q0091,rural_hc,702.27,0.0,16470608.73,4.2637768373482576e-05
Q0091,snf,109.44,0.0,16470608.73,6.644563160599104e-06
