mr_submission_template_id,company_name,is_big_5,premium_billions,claims_billions,pharma_rebates_billions,admin_billions,qi_expenses_millions,mlr_percent,admin_ratio_percent,qi_ratio_percent,qi_to_admin_percent
200703,"Health Care Service Corporation, a Mutual Legal Reserve Company",False,60.741732409,54.857843359739995,4.582053193,7.997141964539595,0.0,90.31326764004478,13.165811456761597,0.0,0.0
198290,"Kaiser Foundation Health Plan, Inc.",False,55.511968399,52.068814707,0.365687965,2.421419192,0.0,93.79745703259546,4.361976816595139,0.0,0.0
200694,UnitedHealthcare Insurance Company,True,45.82717683613001,38.24729995045,2.2761410065800005,4.48200381857,0.0,83.4598650648188,9.780231137948698,0.0,0.0
198942,Cigna Health and Life Insurance Company,True,27.798380928,24.408618786,1.823112672,6.795249067,0.0,87.8059008156635,24.444765630776235,0.0,0.0
200543,California Physicians Service,False,21.7677878922,19.082183907724417,1.3864071293700002,2.3641786984972635,0.0,87.66248551402916,10.860904701044124,0.0,0.0
198518,Aetna Life Insurance Company,True,21.59965360335,19.26615252434,1.41154311405,4.640397843050001,0.0,89.19658101068767,21.483667878499208,0.0,0.0
201084,Blue Cross of California,False,16.355755232,12.71308143,0.622718053,1.65109191,0.0,77.72848914446264,10.094868054577157,0.0,0.0
198703,Celtic Insurance Company,False,15.589657617729996,11.21920492065526,0.81216912829,0.6744657536603277,0.0,71.96569158706697,4.326366686162903,0.0,0.0
200093,"Blue Cross and Blue Shield of Florida, Inc.",False,13.28218949432,11.65772953897,1.10209825626,0.94518267175,0.0,87.76963725713532,7.116166142293016,0.0,0.0
199776,"Healthfirst PHSP, Inc.",False,12.00662700432,11.04845284399998,-0.2180439546600001,0.8473938832087008,0.0,92.01962249701548,7.057718066063077,0.0,0.0
200277,Local Initiative Health Authority for Los Angeles County,False,11.04019780533,9.815936959174643,0.10183009886776984,0.62583798604,0.0,88.91087942677706,5.668720770001577,0.0,0.0
198651,Sunshine State Health Plan,False,10.207886326,9.346684706,0.02407092,0.40508309,0.0,91.56336980549563,3.9683346489491464,0.0,0.0
200091,"Health Options, Inc.",False,8.88588398027,7.629551711920003,0.5255100411899999,0.8944056683900001,0.0,85.8614824238137,10.06546642265324,0.0,0.0
198923,CareSource,False,8.463223190399999,7.03254990256291,0.06842424257,0.6737775679564777,0.0,83.09540873907318,7.961240685708924,0.0,0.0
200743,"Anthem Insurance Companies, Inc.",True,8.403710162,7.508501744,0.318845147,1.379153752,0.0,89.34746200496105,16.4112484297266,0.0,0.0
200637,"Oxford Health Insurance, Inc.",False,8.040518878879999,6.49970210043,0.71282139002,0.72702205789,0.0,80.83684894394992,9.041979365282831,0.0,0.0
200440,Blue Cross and Blue Shield of North Carolina,False,7.997078165,6.881850711,0.628417455,0.978239542,0.0,86.05456354195833,12.232461929425195,0.0,0.0
198783,Blue Cross Blue Shield of Michigan Mutual Insurance Company,False,7.20655746788,6.426712487109977,0.5899173714510779,1.9153705139051096,0.0,89.17867533498716,26.57816193712484,0.0,0.0
198885,Superior Health Plan,False,7.1728138,6.319342776,0.06884227,0.312646656,0.0,88.10130796926585,4.358772787326502,0.0,0.0
200089,Blue Cross and Blue Shield of Alabama,False,6.8792572864000014,6.389545015199999,0.72637725,0.9173826444631717,0.0,92.8813206017437,13.335489665095068,0.0,0.0
200641,"Anthem HP, LLC",True,6.682229809,5.798945168,0.053281428,0.249237207,0.0,86.78158838820026,3.7298508749925574,0.0,0.0
200764,"HealthKeepers, Inc.",False,6.369472776,5.61828241,0.140128272,0.388317419,0.0,88.20639647239776,6.096539425730328,0.0,0.0
200746,Community Insurance Company,False,5.93881692,5.100532566,0.332934269,0.993385693,0.0,85.88465741085685,16.726996409917955,0.0,0.0
199547,"Horizon Healthcare Services, Inc.",False,5.879621771939999,6.5958466713199995,0.38494451528999996,1.53125373211,0.0,112.1814791352417,26.0434053669537,0.0,0.0
199842,Sentara Health Plans,False,5.700141024,5.677002906,0.08048455,0.476385919,0.0,99.59407814819706,8.357440929868474,0.0,0.0
200169,"BCBSM, INC.",False,5.590864172600001,5.055703646475356,0.29539672402999995,0.45944594707965564,0.0,90.42794620646684,8.21779840997269,0.0,0.0
199536,Highmark Inc.,False,5.067629538,4.700583584951192,0.5814930513390013,1.400908277,0.0,92.75704843267475,27.644251942553893,0.0,0.0
197649,MetroPlus Health Plan,False,4.998815670130023,4.2262671988759015,0.06508310816,0.32583516250963857,0.0,84.54536989890595,6.518247201164817,0.0,0.0
199766,"Blue Cross and Blue Shield of Massachusetts HMO Blue, Inc.",False,4.883968044,4.42162956,0.00718007,0.48982678,0.0,90.53354813473878,10.029278971261018,0.0,0.0
201032,Oscar Insurance Company of Florida,False,4.838491854,3.761684673,0.0,0.120324707,0.0,77.74498307546392,2.4868225602266354,0.0,0.0
200154,"Molina Healthcare of Texas, Inc.",False,4.81009301,4.150981598,0.036646885,0.200575924,0.0,86.29732500744305,4.169896997480304,0.0,0.0
199029,UCare Minnesota,False,4.671592277,4.582675543,0.097314601,0.2829535,0.0,98.09665037683682,6.056896304779982,0.0,0.0
199745,"Excellus Health Plan, Inc",False,4.642168300969999,4.050734108758625,0.34744751047000005,0.6853534604253233,0.0,87.25952714623052,14.76364957044138,0.0,0.0
198697,BlueCross and BlueShield of South Carolina,False,4.618194797,3.912629611,0.365359579,0.841919102,0.0,84.72205662571145,18.230480501751774,0.0,0.0
200763,"Anthem Health Plans of Virginia, Inc.",True,4.552409985,3.938862672,0.421366896,0.620402989,0.0,86.52258221422032,13.628012218675423,0.0,0.0
199931,"Molina Healthcare of Washington, Inc.",False,4.518093272,3.95232160298,0.033498663,0.29556644402000004,0.0,87.47764521537749,6.541840246010752,0.0,0.0
199485,"BlueCross BlueShield of Tennessee, Inc.",False,4.414244768,3.807032858,0.544335468,0.849004959,0.0,86.24426279208993,19.233300453899975,0.0,0.0
198776,"CareFirst BlueChoice, Inc.",False,4.386357395859999,3.4834432023999993,0.5124212272700001,0.6331369311599999,0.0,79.41539842803957,14.434230365213221,0.0,0.0
197261,The Guardian Life Insurance Company of America,False,4.376066851,2.742834166,0.0,1.364674934,0.0,62.678068214913566,31.184965414505726,0.0,0.0
200540,Premera Blue Cross,False,4.372013551,3.879518837,0.271333453,0.854610653,0.0,88.7352884830983,19.54730110121747,0.0,0.0
198798,"Group Hospitalization and Medical Services, Inc",False,4.27470372846,3.6916380031099996,0.48591124718,0.57222826872,0.0,86.36009037379405,13.386384298641216,0.0,0.0
198889,"Health Net of California, Inc",False,4.198560326468001,3.3793953351130375,0.20398683419000002,0.11852315040110253,0.0,80.48938379684833,2.822947419712533,0.0,0.0
198770,Ambetter of Peach State Inc.,False,4.153191849,3.684217052,0.266348172,0.22603185,0.0,88.70808732052868,5.442364769506702,0.0,0.0
198076,"SelectHealth, Inc.",False,4.126679456,3.641262151,0.180183032,0.464465844,0.0,88.23709691591806,11.255195586482692,0.0,0.0
200072,Health Insurance Plan of Greater New York,False,4.03703006684,3.3929616613100015,0.12815476354000002,0.32926035942000004,0.0,84.04598442750401,8.156004636292682,0.0,0.0
200741,"Blue Cross Blue Shield Healthcare Plan of Georgia, Inc.",False,3.935706256,3.407006733,0.321503109,0.898265554,0.0,86.56659088330092,22.82349076815859,0.0,0.0
200572,Hawaii Medical Service Association,False,3.931141899,3.648772562,0.214350786,0.113502327,0.0,92.81711664817216,2.887261002429666,0.0,0.0
198083,"Kaiser Foundation Health Plan of Mid-Atlantic States, Inc.",False,3.909573435,3.818213891,0.039314742,0.22590577,0.0,97.66318383529736,5.778271562252929,0.0,0.0
198381,Aetna Health Inc. (a Pennsylvania corporation),True,3.9086106297700005,3.4673678025900005,0.24319483209,0.30851769230000003,0.0,88.71100580295038,7.893282844552734,0.0,0.0
199317,"Humana Medical Plan, Inc.",True,3.8722245461600004,3.4039083224700004,0.00842758782,0.27374523018,0.0,87.90575757920809,7.069456507925582,0.0,0.0
200720,"Anthem HealthChoice Assurance, Inc.",True,3.86879942,3.441086788,0.263758933,0.740587067,0.0,88.94456430620536,19.14255526330698,0.0,0.0
199768,"Blue Cross and Blue Shield of Massachusetts, Inc.",False,3.660771754,3.360624305,0.091752411,0.867741136,0.0,91.80097888725133,23.703775987996217,0.0,0.0
200195,"Presbyterian Health Plan, Inc.",False,3.448812055,3.048534276,0.01648581,0.267921813,0.0,88.39374913400435,7.768524602886775,0.0,0.0
198274,Aetna Health Inc. (a Florida corporation),True,3.4059912405099997,3.33129270412,0.15279069149,0.42029676026999996,0.0,97.80684884031542,12.339924873296692,0.0,0.0
199145,UnitedHealthcare of Texas,True,3.2323916083599995,2.3635554124600002,0.11331574380000001,0.46055071106,0.0,73.1209487843951,14.247986223849498,0.0,0.0
199819,MOLINA HEALTHCARE OF CALIFORNIA,False,3.20983124,3.517806707,0.024910091,0.42998099467799966,0.0,109.59475573550715,13.395750820781457,0.0,0.0
198895,Buckeye Community Health Plan,False,3.202706171,2.789984384,0.044531477,0.15493964,0.0,87.11334212494637,4.837772550068877,0.0,0.0
199089,Blue Care Network,False,3.195350207,2.896376507,0.365598521,0.48825477,0.0,90.643476281722,15.280164563195248,0.0,0.0
199445,"UnitedHealthcare of the Mid-Atlantic, Inc.",True,3.1483265949700003,2.90482777594,0.01888663896,0.15456913059000002,0.0,92.2657700310053,4.909564682296656,0.0,0.0
198239,Kaiser Foundation Health Plan of the Northwest,False,3.146128278,3.135695415,0.028107335,0.16625622,0.0,99.66839041265564,5.28447047638151,0.0,0.0
198881,"Pennsylvania Health & Wellness, Inc.",False,3.120074778,2.807883657,0.011057669,0.090378265,0.0,89.9941141410682,2.896669837443236,0.0,0.0
198749,"Blue Cross and Blue Shield of Arizona, Inc.",False,3.1119352553598665,2.7106582205529883,0.21806046807,0.508064995,0.0,87.10522546650881,16.326335649976333,0.0,0.0
200270,"Molina Healthcare of Ohio, Inc.",False,3.084317554,2.287009823,0.05960594,0.190491872,0.0,74.1496225002518,6.176143301228963,0.0,0.0
199928,HMO Minnesota,False,3.0743278114500003,2.933899574994181,0.06775275588,0.1900504883841356,0.0,95.43222957770445,6.1818550278312285,0.0,0.0
198348,Priority Health,False,2.93726790192,2.683219177,0.190818371,0.323751233,0.0,91.3508493810205,11.022189456684355,0.0,0.0
200722,Louisiana Health Service and Indemnity Company,False,2.883643428,2.51959931,0.294024595,0.478879514,0.0,87.37555016458852,16.60675204673745,0.0,0.0
200142,"UnitedHealthcare of Florida, Inc.",True,2.8739372972700004,2.3796647299300004,0.0614961505,0.22505402388999998,0.0,82.80155354086821,7.830860614244522,0.0,0.0
199874,"UnitedHealthcare of North Carolina, Inc.",True,2.7854954730299997,2.3219329746999997,0.027772123819999998,0.19189751016,0.0,83.35798773258291,6.889169701333536,0.0,0.0
200110,"UnitedHealthcare of New York, Inc.",True,2.7558237196,2.31809988559,0.03430887058,0.19591766225,0.0,84.11640661567662,7.109223309770949,0.0,0.0
200035,Medical Mutual of Ohio,False,2.73757411026,2.4316511307500006,0.17985584997,0.323702509,0.0,88.82503387347768,11.824429073419914,0.0,0.0
199003,USAble Mutual Insurance Company,False,2.687681062,2.337653041,0.292601083,0.7153273511470266,0.0,86.97657895689707,26.615038564684678,0.0,0.0
199747,"Wellmark, Inc.",False,2.656576865,2.261983937,0.180843785,0.38702169,0.0,85.14656461859988,14.568435609710845,0.0,0.0
200427,UnitedHealthcare Benefits Plan of California,True,2.65484620439,2.23696371504,0.23692903594999998,0.30443141011,0.0,84.25963475176084,11.46700737717305,0.0,0.0
200789,"Rocky Mountain Hospital and Medical Service, Inc., dba Anthem Blue Cross and Blue Shield",True,2.611189512,2.223560813,0.183877237,0.372177059,0.0,85.15509130154625,14.253161530008473,0.0,0.0
199923,"Molina Healthcare of Illinois, Inc.",False,2.570217882,2.225638392,0.035857549,0.151823019,0.0,86.5933743433507,5.907009676621649,0.0,0.0
200738,"Anthem Health Plans of Kentucky, Inc.",True,2.554180051,2.165546423,0.243295654,0.461511927,0.0,84.78440751082353,18.068887775523542,0.0,0.0
200044,Triple-S Salud Inc.,False,2.548995199,2.313652234,0.09838039,0.220075591,0.0,90.76722603901617,8.633817399355564,0.0,0.0
200725,UnitedHealthcare Insurance Company of New York,True,2.5251558951199997,2.0784330153100004,0.08191353990000001,0.08693410716,0.0,82.30909700770096,3.4427223811410954,0.0,0.0
198272,Kaiser Foundation Health Plan of Colorado,False,2.472849488,2.27979401,0.022306613,0.19118464,0.0,92.19299520909621,7.731349640475975,0.0,0.0
200099,Medica Insurance Company,False,2.45589259982,2.2475461411071715,0.22109517644000004,0.23366655420017943,0.0,91.51646701781264,9.514526580572197,0.0,0.0
199791,"UnitedHealthcare of Louisiana, Inc.",True,2.45573413721,2.27435995694,-0.00020643944,0.12062608855000001,0.0,92.6142582976811,4.912017417612042,0.0,0.0
201070,"Harvard Pilgrim Health Care, Inc.",False,2.433135163500645,2.3380397627557783,0.23740703624048162,0.42081085046458294,0.0,96.09165153784348,17.295005093722217,0.0,0.0
198786,"CareFirst of Maryland, Inc.",False,2.41300537744,2.06892048403,0.28008546923999994,0.5315525946,0.0,85.74040088650585,22.028653544234267,0.0,0.0
200887,Tufts Health Public Plans Inc.,False,2.389979680023785,2.221701752789819,0.17215365825145673,0.19000578609190316,0.0,92.95902267954463,7.950100483281607,0.0,0.0
200063,Select Health of South Carolina,False,2.38485986,2.196620731,0.000867,0.157322687,0.0,92.1069102567729,6.596726694037276,0.0,0.0
200735,Healthy Alliance Life Insurance Company,False,2.308072587,1.83676249,0.161721742,0.399377434,0.0,79.57992744012431,17.30350406869591,0.0,0.0
198639,"Meridian Health Plan of Michigan, Inc.",False,2.300039871,1.968280975,0.026606129,0.172279225,0.0,85.57595021795169,7.49027124147623,0.0,0.0
199795,"Blue Cross and Blue Shield of Kansas, Inc.",False,2.284551239,2.06735672,0.173438181,0.349519578,0.0,90.49290226928458,15.299266308117154,0.0,0.0
199449,"MVP Health Plan, Inc",False,2.24124564212,2.0595324459742197,0.10606111316,0.1635738192241294,0.0,91.89231234939972,7.298344106066147,0.0,0.0
199103,"UnitedHealthcare Plan of the River Valley, Inc.",True,2.24066827268,1.88666841104,0.00907194651,0.15449115445999997,0.0,84.20114811477244,6.894869550467527,0.0,0.0
200827,"Mass General Brigham Health Plan, Inc",False,2.172294980538794,1.9539584772823715,-0.07761914456,0.1327973800455239,0.0,89.9490398305727,6.113229613622096,0.0,0.0
200112,Geisinger Health Plan,False,2.13878393413,2.0204698090942146,0.017265576440000003,0.1571173225464258,0.0,94.46815907171509,7.346105421833407,0.0,0.0
200755,"Anthem Health Plans, Inc.",True,2.126497062,1.831759839,0.147941602,0.344329072,0.0,86.13977755874276,16.192313554205136,0.0,0.0
199936,Regence BlueShield,False,2.095549862,1.830639545,0.212526714,0.380492756,0.0,87.35843408912405,18.157179788452105,0.0,0.0
199784,Regence BlueCross BlueShield of Oregon,False,2.085219092,1.863707824,0.163302627,0.286565188,0.0,89.3770746273217,13.742689633881408,0.0,0.0
200463,"Health Plan of Nevada, Inc.",False,2.08456909521,1.6514250955699998,0.12981649532999998,0.172812217,0.0,79.22141316230321,8.290069031393314,0.0,0.0
199826,"Molina Healthcare of Kentucky, Inc.",False,2.06950995,1.905946608,0.000744769,0.126376601655615,0.0,92.09651821195641,6.106595508546118,0.0,0.0
198674,Scott and White Health Plan,False,2.067838738756814,1.743125894,0.152653204,0.206651697,0.0,84.29699382883061,9.993607969847742,0.0,0.0
199910,"Boston Medical Center Health Plan, Inc.",False,2.05257997032,2.0141513400386444,0.05202906,0.050512321,0.0,98.12778888827583,2.4609185381520144,0.0,0.0
199806,"UPMC Health Options, Inc.",False,2.0278220001794627,1.7560303284547998,0.2783898484100001,0.20276257899,0.0,86.5968673926701,9.999032408764453,0.0,0.0
199840,"Molina Healthcare of Michigan, Inc.",False,1.997683843,1.653790942,0.040236063,0.171474601,0.0,82.7854191139894,8.583670614389606,0.0,0.0
199300,"UPMC Health Plan, Inc.",False,1.9902326186700001,1.8381906314799994,0.40368318284,0.19230602122999998,0.0,92.36059213562659,9.662489672112354,0.0,0.0
199543,Highmark Western and Northeastern New York Inc.,False,1.9749831455499998,1.82604801772,0.156337362,0.27675385630038013,0.0,92.45891651452429,14.012973068856684,0.0,0.0
200473,Kaiser Foundation Health Plan of Washington,False,1.954081657,1.624982964,0.023684687,0.154047691,0.0,83.15839607720139,7.883380433369474,0.0,0.0
199141,Neighborhood Health Plan of Rhode Island,False,1.9509317709316318,1.7456923365771118,0.28997974494,0.07810281531937141,0.0,89.4799276216353,4.003359650146804,0.0,0.0
200057,"AmeriHealth Caritas North Carolina, Inc.",False,1.878031985,1.610766825,0.002201,0.214226924,0.0,85.76887070429741,11.406990174344662,0.0,0.0
200747,"AMGP Georgia Managed Care Company, Inc. dba Anthem Blue Cross and Blue Shield",True,1.860735228,1.580860439,0.014942093,0.17863556,0.0,84.95891383209734,9.600267534677965,0.0,0.0
197848,Blue Cross and Blue Shield of Nebraska,False,1.844182096,1.690460906,0.088712641,0.290231218,0.0,91.66453300173455,15.737665962027645,0.0,0.0
199324,"Kaiser Foundation Health Plan of Georgia, Inc.",False,1.830543265,1.750108538,0.014232325,0.128812659,0.0,95.60596416714576,7.036854111175569,0.0,0.0
200819,Independence Assurance Company,False,1.829736198,1.540680217,0.206129283,0.234622649,0.0,84.20231390099,12.822758234572568,0.0,0.0
200126,Quartz Health Benefit Plans Corporation,False,1.774039491,1.663000794,0.083277638,0.123639522,0.0,93.74091176868848,6.969378225639511,0.0,0.0
198036,BLUE CROSS AND BLUE SHIELD OF KANSAS CITY,False,1.70868467243,1.4565274395318215,0.12938407314000003,0.3527864154823759,0.0,85.24261164351793,20.646665893049878,0.0,0.0
199540,"Highmark West Virginia, Inc.",False,1.681756943,1.552300975,0.155252789,0.146529101,0.0,92.30233782956351,8.712858395495264,0.0,0.0
200875,Fallon Community Health Plan,False,1.65674259157,1.521791565,0.034853274,0.110066576,0.0,91.85443609304964,6.643553232714094,0.0,0.0
200404,"Dean Health Plan, Inc",False,1.650001035,1.475246221,0.015920328,0.157878867,0.0,89.40880579508243,9.568410179815432,0.0,0.0
197125,Blue Cross Blue Shield of North Dakota,False,1.635408922287,1.4865917146799998,0.08948639399000001,0.21246963821069056,0.0,90.90030599815425,12.99183557795241,0.0,0.0
198987,UHC of California,False,1.62675729776,1.29062704963,0.12907879021,0.20941097518000001,0.0,79.33740647158356,12.87290829851221,0.0,0.0
199291,Community Health Plan of Washington,False,1.617008111,1.53662606154,0.026287767,0.125777956533351,0.0,95.02896436244282,7.778436958832979,0.0,0.0
198561,Aetna Health Inc. (a Texas corporation),True,1.5863170355800003,1.38022479799,0.10410544285,0.10427207496,0.0,87.00813059637557,6.573217876455279,0.0,0.0
200617,Keystone Health Plan East,False,1.582054631,1.294856771,0.098569848,0.340596482,0.0,81.84652701794089,21.528743402793403,0.0,0.0
199147,"UnitedHealthcare of Washington, Inc.",True,1.5271211606900001,1.42826989704,0.03656698453999999,0.10140611631999999,0.0,93.52695344714259,6.640345175636334,0.0,0.0
200724,"HMO Louisiana, Inc.",False,1.525478684,1.201043807,0.134618726,0.151809553,0.0,78.73225759213558,9.951601067406328,0.0,0.0
198268,Aetna Health of California Inc.,True,1.5030233520100003,1.3859128878199998,0.10297137637,0.1902625246,0.0,92.20834034059496,12.658653928800312,0.0,0.0
199838,"BLUE CROSS & BLUE SHIELD OF MISSISSIPPI, A MUTUAL INSURANCE COMPANY",False,1.489965668,1.409391017,0.177630339,0.201281272,0.0,94.5921806971461,13.509121473260684,0.0,0.0
198611,Ambetter of Magnolia Inc.,False,1.463782536,1.112195877,0.100408188,0.064609898,0.0,75.98095001455873,4.413900043961175,0.0,0.0
200241,Golden Rule Insurance Company,False,1.45338618864,0.83161953022,0.03728288659,0.40014273098,0.0,57.21944633299319,27.531755434832633,0.0,0.0
198914,CareSource Georgia Co.,False,1.44915734903,1.2046575172352647,0.011373822609999999,0.13644984266,0.0,83.12813774443526,9.41580586478986,0.0,0.0
199341,"Humana Health Plan, Inc.",True,1.4426115388899998,1.388587326,0.007318988760000001,0.1473248085,0.0,96.2551101641979,10.212368647304547,0.0,0.0
197881,"Health Alliance Medical Plans, Inc.",False,1.41925725,1.303672255,0.102253355,0.124644504,0.0,91.85595176632002,8.782375710957263,0.0,0.0
200733,"Anthem Health Plans of Maine, Inc.",True,1.392508242,1.228295558,0.115567956,0.116126906,0.0,88.20741744665379,8.339405290212996,0.0,0.0
200105,"UnitedHealthcare Community Plan, Inc.",True,1.38343674799,1.19387655534,0.01037081354,0.10062731185,0.0,86.2978778809069,7.273719741520655,0.0,0.0
198915,"CareSource Indiana, Inc.",False,1.31536277125,1.094226375509919,0.0456785809,0.13809115441,0.0,83.1881819545544,10.49833227975358,0.0,0.0
198222,"Capital District Physicians Health Plan, Inc.",False,1.31435044289,1.1690267892400001,0.09439371756999901,0.12922887148,0.0,88.94331002540987,9.832147292152232,0.0,0.0
200727,Compcare Health Services Insurance Corporation,False,1.28707973,1.178362027,0.051740256,0.132594229,0.0,91.55314931422313,10.301943687668828,0.0,0.0
201088,"Anthem Blue Cross Life and Health Insurance Company, Inc.",True,1.264380837,0.957761416,0.059715614,1.460581903,0.0,75.74944098903644,115.51756086920196,0.0,0.0
200835,Providence Health Plan,False,1.25939748746,1.1379901303200002,0.10954508890999999,0.2018398864417089,0.0,90.35988571131274,16.026702328014576,0.0,0.0
199872,Regence BlueCross BlueShield of Utah,False,1.238793171,1.129593863,0.106592914,0.194034651,0.0,91.18502502626404,15.66319992249941,0.0,0.0
199439,Reliance Standard Life Insurance Company,False,1.237453386,0.762459685,0.0,0.244323511,0.0,61.615224753201325,19.744057736975638,0.0,0.0
199770,UnitedHealthcare Insurance Company of Illinois,True,1.2201035705999999,1.0156299771300001,0.12873387067,0.10802051535999999,0.0,83.24129210035444,8.853389004253112,0.0,0.0
199500,Humana Insurance Company,True,1.2198646351000002,0.89107093567,0.0039495116,0.28505857285,0.0,73.0467061697344,23.368049589094937,0.0,0.0
199753,"Wellmark Health Plan of Iowa, Inc.",False,1.216160857,0.999990287,0.132414218,0.186170398,0.0,82.22516628817958,15.308040620485125,0.0,0.0
200838,Blue Cross & Blue Shield of Rhode Island,False,1.1788355,1.05200335,0.072421378,0.215469791,0.0,89.24089493402599,18.278189874668687,0.0,0.0
199565,"Blue Cross of Idaho Health Service, Inc.",False,1.1764397551399999,1.0608919259399998,0.11457890268000001,0.26946513172700487,0.0,90.17817710637894,22.90513649761332,0.0,0.0
198228,McLaren Health Plan,False,1.17177179633,1.03885360021,0.0,0.04810611140779722,0.0,88.65664828797713,4.1054163923782765,0.0,0.0
199138,HealthPartners Insurance Company,False,1.166500652,1.082997613,0.053046377,0.080502377,0.0,92.84157802596754,6.901185769761575,0.0,0.0
200718,Capital Health Plan,False,1.1634668434000002,1.121942188069999,0.08611336875,0.05390062221968762,0.0,96.43095498891454,4.632759629159159,0.0,0.0
200731,Blue Cross Blue Shield of Wisconsin,False,1.161675862,1.048754034,0.07035162,0.156544027,0.0,90.27940308533329,13.475706272357755,0.0,0.0
200941,Oscar Health Plan of Georgia,False,1.155516685,1.753420838,0.101477247,0.030252754,0.0,151.74344609312155,2.618114856558735,0.0,0.0
200146,"Molina Healthcare of Wisconsin, Inc.",False,1.151304125,1.014226986,0.002663807,0.087242336,0.0,88.09375072811451,7.577696814036865,0.0,0.0
200844,PacificSource Health Plans,False,1.14079595880693,0.9904959170847549,0.062279811729999995,0.1192700088912178,0.0,86.82498473439875,10.454981714342066,0.0,0.0
200806,AmeriHealth Insurance Company of New Jersey,False,1.140009591,0.883967936,0.102473307,0.154379432,0.0,77.54039465796039,13.541941508104383,0.0,0.0
200397,"Molina Healthcare of Florida, Inc",False,1.120602399,0.879487739,0.016809045,0.130035568,0.0,78.48347815289658,11.60407724595635,0.0,0.0
199101,State Farm Mutual Automobile Insurance Company,False,1.10370805803,1.09130685551,0.00051239196,0.20812791647,0.0,98.87640554675892,18.857152936029653,0.0,0.0
199162,"Community Health Choice, Inc.",False,1.097148205,0.809003286,0.084575218,0.063610785,0.0,73.73691925239945,5.797829747167111,0.0,0.0
200081,"BlueChoice HealthPlan of South Carolina, Inc.",False,1.066576797,0.958887853,0.044481213,0.115614561,0.0,89.90331082554012,10.839778375565018,0.0,0.0
199303,"Humana Health Plan of Ohio, Inc.",True,1.02282031776,0.87554774103,0.00158134802,0.08422777416999999,0.0,85.60132467327884,8.23485540006291,0.0,0.0
199155,"UnitedHealthcare of Mississippi, Inc.",True,1.01515077135,0.8623525155699999,0.0030932057900000002,0.06674569364,0.0,84.94822049174024,6.57495374319995,0.0,0.0
199310,San Mateo Health Commission,False,1.00943439056,0.8305309113435629,-0.0007676474800000005,0.062343485159999996,0.0,82.27685911144879,6.176080956129693,0.0,0.0
200412,Capital Advantage Assurance Company,False,1.000960769,0.92887112,0.053262824,0.291288402,0.0,92.79795460195504,29.10088097568587,0.0,0.0
199758,"Wellmark of South Dakota, Inc.",False,0.993222777,0.878921745,0.080818768,0.125967923,0.0,88.49190386619577,12.682746098562337,0.0,0.0
199544,Highmark BCBSD Inc.,False,0.967770116,0.887241194,0.099212061,0.171781546,0.0,91.6789203687294,17.750242868627698,0.0,0.0
200143,"MOLINA HEALTHCARE OF SOUTH CAROLINA, INC",False,0.96063130142,0.73693433042,0.020971956,0.08644500286033185,0.0,76.71354549145626,8.998770155891163,0.0,0.0
199750,"Neighborhood Health Partnership, Inc.",False,0.95516853719,0.75566111901,0.09503172851,0.0909083431,0.0,79.11285700773512,9.517518590744443,0.0,0.0
200759,"HMO Colorado, Inc.",False,0.936102381,0.657805322,0.059964556,0.100202307,0.0,70.27066006362396,10.704203838575644,0.0,0.0
200088,"UnitedHealthcare of the Midlands, Inc.",True,0.90896718061,0.84100544446,0.001478498,0.04749582318000001,0.0,92.52319141991558,5.225251713502567,0.0,0.0
197724,Sanford Health Plan,False,0.8900951533100001,1.24954536464,0.05032206919,0.06710911849226474,0.0,140.38334665606382,7.539544310819559,0.0,0.0
199823,National Health Insurance Company,False,0.884502715,0.63878612,0.0,0.0,0.0,72.21980319189862,0.0,0.0,0.0
200614,"UnitedHealthcare of Kentucky, Ltd.",True,0.8792506811999999,0.8362918665199999,0.019138628610000003,0.04943236751,0.0,95.11415622432389,5.622101701705227,0.0,0.0
199964,Sharp Health Plan,False,0.85710257973,0.761769159,0.040443684,0.09483079647140542,0.0,88.8772449197351,11.06411282781094,0.0,0.0
198504,Aetna Health Inc. (a Georgia corporation),True,0.8394917929300001,0.7729125550299999,0.04718009942,0.07752353344999999,0.0,92.06910198995217,9.234579075445968,0.0,0.0
200859,"Health New England, Inc",False,0.836823505,0.749204651,0.040039133,0.063908942,0.0,89.52958975501053,7.637087344959317,0.0,0.0
200822,Western Health Advantage,False,0.8348223217500005,0.7386798441499991,-0.05003104890747164,0.06841463116,0.0,88.48348024541771,8.195112825515432,0.0,0.0
200481,"Kaiser Foundation Health Plan of Washington Options, Inc.",False,0.827400631,0.749094175,0.004550946,0.112132419,0.0,90.5358476817502,13.552372913285826,0.0,0.0
199948,"Regence BlueShield of Idaho, Inc.",False,0.826272023,0.743354759,0.085909616,0.098852375,0.0,89.96489513236247,11.963659938659209,0.0,0.0
198746,Sutter Health Alliance,False,0.82380973611,0.740930119,-0.07638537497,0.056747458285455354,0.0,89.93947103595127,6.8884180166909434,0.0,0.0
201083,"Rocky Mountain Health Maintenance Organization, Inc.",False,0.8037119617799999,0.7063327217400001,0.027860965159999997,0.12314351186999999,0.0,87.88381352140985,15.321846348693272,0.0,0.0
200533,"ConnectiCare Benefits, Inc.",False,0.7973882918500003,0.6779621692300002,0.05766442444000001,0.06967389261999998,0.0,85.02283970800191,8.737762183383877,0.0,0.0
201077,"HPHC Insurance Company, Inc.",False,0.7933489827627497,0.7105683418034848,0.06392864238215196,0.153193948070021,0.0,89.56567125466141,19.30978061338657,0.0,0.0
198791,"Cigna HealthCare of California, Inc.",True,0.774573217,0.669807965,0.042544187,0.051421792,0.0,86.4744546156958,6.638725800404225,0.0,0.0
200729,"Matthew Thornton Health Plan, Inc.",False,0.754856595,0.598005917,0.061421973,0.109540866,0.0,79.22112901457793,14.511480289842337,0.0,0.0
198226,MVP Health Services Corp.,False,0.75227307219,0.6714362382532872,0.07008304396000001,0.07629593786239337,0.0,89.25432307428174,10.142053555138219,0.0,0.0
199143,"Independent Health Association, Inc",False,0.7365499487999999,0.6631900333199999,0.006452646,0.06174858523291694,0.0,90.0400623746537,8.383489175923344,0.0,0.0
199453,"Mennonite General Hospital, Inc",False,0.712287711,0.650149697830795,0.004308401,0.013962895,0.0,91.2762761157331,1.9602886283686,0.0,0.0
199820,"Florida Health Care Plan, Inc",False,0.71100861124,0.8699844906499998,0.0232688038,0.07568633234642605,0.0,122.35920590789269,10.644924850407786,0.0,0.0
198898,"Security Health Plan of Wisconsin, Inc.",False,0.7105095978600001,0.65167112535,0.04864642054,0.064512856,0.0,91.71883494787164,9.079800778808298,0.0,0.0
200853,Independent Health Benefits Corporation,False,0.70698049863,0.66766482348,0.064491364,0.08194738,0.0,94.43893074473955,11.591179694319598,0.0,0.0
199908,Blue Cross and Blue Shield of Vermont,False,0.677278708,0.682883182,0.042884286,0.088560969,0.0,100.82749892087261,13.07600075920296,0.0,0.0
200140,"Molina Healthcare of Mississippi, Inc",False,0.676077658,0.548983449,0.006421895,0.07309814,0.0,81.20124108582804,10.812092240444958,0.0,0.0
198339,Banner Health and Aetna Health Plan Inc.,True,0.6700309004000001,0.6684930749799999,0.030877853450000003,0.06453261253,0.0,99.77048440316975,9.631289018383308,0.0,0.0
200213,Blue Cross Blue Shield of Wyoming,False,0.665992405,0.631696266,0.046897865,0.092222479,0.0,94.85037085370365,13.847376983225507,0.0,0.0
200750,"Anthem Health Plans of New Hampshire, Inc.",True,0.664306264,0.580975627,0.044871562,0.070007634,0.0,87.45599108184837,10.538457605150626,0.0,0.0
199208,"Moda Health Plan, Inc.",False,0.660911586,0.6574059774512725,0.0,0.11381227798482599,0.0,99.46957980114341,17.220499745457023,0.0,0.0
199533,Medical Health Insuring Corporation of Ohio,False,0.64214575172,0.5766655763899999,0.03603133329,0.118090878,0.0,89.80291076369966,18.390042709726142,0.0,0.0
200443,Health Alliance Plan of Michigan,False,0.640142335,0.551291998,0.048162288,0.067087974,0.0,86.12022168476015,10.48016516514253,0.0,0.0
199301,"Humana Health Benefit Plan of Louisiana, Inc.",True,0.6371888530600001,0.5230193776500001,0.00039396641000000003,0.07494566147,0.0,82.08231753243659,11.761922875782455,0.0,0.0
200590,UnitedHealthcare of New England Inc.,True,0.6281898405199999,0.5422392393600001,0.005138433939999999,0.028222069229999997,0.0,86.31773460569624,4.492601982648823,0.0,0.0
199123,"The Health Plan of West Virginia, Inc.",False,0.6141912165578527,0.55429611601,0.012020279,0.04889082145577474,0.0,90.2481346308522,7.960195479475657,0.0,0.0
198224,"CDPHP Universal Benefits, Inc.",False,0.6070951382000002,0.5851334156,0.06330853148,0.05536709401,0.0,96.38249077976224,9.120002867122283,0.0,0.0
199993,United American Insurance Co,False,0.56264799553,0.46274975752999997,0.0,0.13884517,0.0,82.24498464516905,24.677093156479017,0.0,0.0
198820,"Cigna HealthCare of Texas, Inc.",True,0.562437092,0.522151582,0.034515716,0.130188915,0.0,92.83733050806686,23.147284710020514,0.0,0.0
199318,Humana Wisconsin Health Organization Insurance Corporation,True,0.55869188421,0.50498392777,0.00061608962,0.07623062944,0.0,90.38683790512833,13.644484839401494,0.0,0.0
200633,UnitedHealthcare Insurance Company of the River Valley,True,0.5325267280499999,0.42504147817000004,0.07316674781,0.06661389112,0.0,79.81598965490649,12.509023042641626,0.0,0.0
200600,All Savers Insurance Company,False,0.53093805861,0.44378813857000005,0.0177735228,0.006823293459999999,0.0,83.5856709409457,1.2851392642417525,0.0,0.0
200076,"UnitedHealthcare of Pennsylvania, Inc.",True,0.5308755570199999,0.45456771275999996,0.00140540829,0.05060609261,0.0,85.62603923820792,9.532571605683005,0.0,0.0
199961,"Molina Healthcare of Utah, Inc.",False,0.510555838,0.439486808,0.004667213,0.045465733,0.0,86.080067113051,8.905144083378397,0.0,0.0
198875,Unimerica Insurance Company,False,0.5069637886,0.4620970833,0.0,0.01934048825,0.0,91.14991912461812,3.8149644382707293,0.0,0.0
200577,County of Santa Clara,False,0.502079462,0.53963483209,-0.012697868300000002,0.0679002903537685,0.0,107.47996541033578,13.523813557975908,0.0,0.0
200580,Group Health Cooperative of South Central Wisconsin,False,0.482470114,0.430772636,0.032965113,0.037732316,0.0,89.28483309123682,7.82065352964018,0.0,0.0
198572,Arizona Complete Health,False,0.480843962,0.414013168,0.038328039,0.040614322,0.0,86.10135526668005,8.446466049208704,0.0,0.0
199731,Highmark Benefits Group Inc.,False,0.478086691,0.437219861,0.046938923,0.03653704,0.0,91.45200425585577,7.642346186959637,0.0,0.0
200584,United Healthcare Life Insurance Company,False,0.47696067197,0.41522326933,0.04258338557,0.03876932932,0.0,87.05608108421082,8.128412172825545,0.0,0.0
200430,Optimum Choice Inc.,False,0.47307177226999997,0.33179187688,0.03948494272,0.06282532031,0.0,70.13563191224054,13.280293602921464,0.0,0.0
198335,Aetna Health and Life Insurance Company,True,0.4726320879600001,0.42021002425,0.00115009822,0.05467699812000001,0.0,88.9084839888322,11.568617432641908,0.0,0.0
199393,UnitedHealthcare of Illinois Inc,True,0.45748045667,0.37604422151,0.02335658369,0.03837054675,0.0,82.19896960128652,8.387363042631197,0.0,0.0
199967,Montana Health Cooperative,False,0.442178307,0.40376381444,0.022234815,0.037163426,0.0,91.31244297789578,8.404624426769992,0.0,0.0
199011,"Health First Commercial Plans, Inc.",False,0.44013602383894407,0.3276989815486336,0.02342355044000001,0.04682903395346649,0.0,74.45402416516268,10.63967305948179,0.0,0.0
200434,Capital BlueCross,False,0.436616594,0.417100913,3.0976e-05,0.05194008,0.0,95.5302475287964,11.89603893066877,0.0,0.0
198698,Common Ground Healthcare Cooperative,False,0.430652768,0.395556886,0.05529775,0.014888322,0.0,91.85053839013058,3.457152282834044,0.0,0.0
200530,"Denver Health Medical Plan, Inc.",False,0.42970067665000006,0.403187087,0.00327155,0.037157432,0.0,93.82975380520615,8.647282636295564,0.0,0.0
200571,"Alliant Health Plans, Inc.",False,0.42440470188,0.474917545,0.051229933,0.011029251,0.0,111.90204606505101,2.598757966427646,0.0,0.0
200475,Chorus Community Health Plans,False,0.423338298,0.408558057,0.012758402,0.040388711,0.0,96.50864543325584,9.54052850658931,0.0,0.0
200445,"UnitedHealthcare of Arizona, Inc.",True,0.41556466079000004,0.32791822863,0.019965179859999998,0.05833119209999999,0.0,78.90907470491314,14.036610328970411,0.0,0.0
198306,Aetna Health of Utah Inc.,True,0.40188244851,0.39061224394000005,0.02097284671,0.04683568545999999,0.0,97.19564648523846,11.654075870604881,0.0,0.0
198689,"SHA, LLC",False,0.39906924703,0.354055657,0.001238682,0.03303262764,0.0,88.72035608731932,8.277417487275528,0.0,0.0
200878,"Tufts Associated Health Maintenance Organization, Inc.",False,0.398931387,0.3656850980665353,0.00269496372,0.04356020917842841,0.0,91.6661636519804,10.919223354673873,0.0,0.0
200593,"UnitedHealthcare of Wisconsin, Inc.",True,0.39741633850999997,0.33999130889,0.037061718230000006,0.03401642893,0.0,85.55041047499485,8.559393672020372,0.0,0.0
198352,"Priority Health Insurance Company, Inc",False,0.393133175,0.280253072,0.022162587,0.038507047,0.0,71.28705736929986,9.794911609787192,0.0,0.0
200060,"AmeriHealth Caritas Florida, Inc.",False,0.379595486,0.308858067,0.001028,0.071082476,0.0,81.36505263921921,18.72584859979078,0.0,0.0
199854,"Molina Healthcare of Nevada, Inc.",False,0.378598895,0.304982015,7.4193e-05,0.035771115,0.0,80.5554424557948,9.448288273530222,0.0,0.0
198691,"Independence Hospital Indemnity Plan, Inc.",False,0.377229587,0.355296159,0.001942291,0.040715998,0.0,94.18565543216523,10.793426444569947,0.0,0.0
198010,University Health Alliance,False,0.372364544,0.339482554,0.030273388,0.036320832,0.0,91.1694089757375,9.754105911866839,0.0,0.0
198609,"Ambetter Health of Louisiana, Inc.",False,0.369507843,0.188622126,0.011262155,0.031855373,0.0,51.046853151639326,8.621027565036014,0.0,0.0
200416,"EmblemHealth Plan, Inc.",False,0.3616503541999999,0.3142830194299999,0.007768159439999998,0.05096912408999996,0.0,86.90245033085053,14.093481037160277,0.0,0.0
200951,"CommunityCare HMO, Inc.",False,0.3590529978500001,0.34013130276,0.04629099901000001,0.026424740139999996,0.0,94.73011081837424,7.359565384004769,0.0,0.0
200419,"Sierra Health and Life Insurance Company, Inc.",False,0.35478166325999994,0.30214867994,0.03944380635,0.04377409454000001,0.0,85.16468330511543,12.338319330759884,0.0,0.0
201073,"Harvard Pilgrim Health Care of New England, Inc.",False,0.353296790430984,0.33058347517123293,0.03818717443000004,0.04807775156474783,0.0,93.57103832388535,13.60831823750738,0.0,0.0
200220,Nippon Life Insurance Company of America,False,0.35196330532251396,0.25523768651269235,0.01805260291,0.056943249988523854,0.0,72.51826615243621,16.178746229339204,0.0,0.0
199039,Wisconsin Physicians Services Insurance Corporation,False,0.342850754,0.281004451,0.00386159,0.076776952,0.0,81.9611588195603,22.39369495451073,0.0,0.0
199845,"AvMed, Inc.",False,0.33237222721,0.2808602372,0.027346703840000004,0.08900896211204344,0.0,84.50171651151418,26.77990362167223,0.0,0.0
200798,Network Health Plan,False,0.32390288411,0.273893191,0.008489634,0.020533396,0.0,84.56028162657041,6.3393680659622325,0.0,0.0
199133,QCC Insurance Company,False,0.320320404,0.266850626,0.031173764,0.546973599,0.0,83.30740804135598,170.7582758293474,0.0,0.0
200453,Alliance Health and Life Insurance Company,False,0.3022791,0.260130487,0.017666614,0.033095531,0.0,86.05639192388756,10.94866664615582,0.0,0.0
198574,CHRISTUS HEALTH PLAN,False,0.2935066128348555,0.25558096869,0.023446762,0.0,0.0,87.07843623060216,0.0,0.0,0.0
198803,"Cigna HealthCare of Georgia, Inc.",True,0.28826225,0.273923555,0.017485376,0.052341668,0.0,95.02581590201284,18.157656092672557,0.0,0.0
198310,"Avera Health Plans, Inc.",False,0.286893947,0.232169528,0.011811668,0.03027190982283897,0.0,80.92520962110086,10.55160282724228,0.0,0.0
200129,"Geisinger Quality Options, Inc.",False,0.26787115616,0.2324815656820779,0.011519188200000002,0.02512192976812268,0.0,86.78857739472934,9.378363138552064,0.0,0.0
199735,Highmark Coverage Advantage Inc.,False,0.26486423699999995,0.23731266373,0.031285273,0.031059055,0.0,89.59785073966027,11.72640570572765,0.0,0.0
198882,LifeWise Assurance Company,False,0.26297058,0.196988584,0.002098327,0.026542231,0.0,74.90898183363325,10.093232102237444,0.0,0.0
198661,"QCA Health Plan, Inc.",False,0.259177923,0.197737517,0.021970326,0.002303451,0.0,76.2941205451361,0.8887527816171288,0.0,0.0
200869,Maine Community Health Options,False,0.255908641,0.24219968,0.022243447,0.041420699,0.0,94.64302535997602,16.185736768458707,0.0,0.0
200487,"ConnectiCare, Insurance Company Inc",False,0.24916213621710767,0.20249321949000001,0.016333057189999996,0.02702973357,0.0,81.26965941308086,10.848250853993166,0.0,0.0
200863,AultCare Insurance Company,False,0.24912374120999997,0.22342358932999998,0.020008908,0.02709329615508277,0.0,89.68378053606062,10.87543725198168,0.0,0.0
198694,TRH Health Insurance Company,False,0.241355909,0.2131227,0.012873198,0.031984074,0.0,88.30225076445093,13.251829686920985,0.0,0.0
199741,Highmark Health Insurance Company,False,0.238860518,0.222086735,0.023067109,0.023812476,0.0,92.97758242322827,9.969197169705543,0.0,0.0
198659,"QualChoice Life and Health Insurance Company, Inc.",False,0.232500726,0.178142863,0.017959046,0.002227289,0.0,76.62034698334662,0.9579707720998686,0.0,0.0
198012,Hawaii Management Alliance Association,False,0.227828794,0.20371292,0.0,0.011973646,0.0,89.41491390241042,5.255545530386295,0.0,0.0
198920,Group Health Cooperative of Eau Claire,False,0.227564981,0.205491986,0.001268362,0.034925227,0.0,90.30035513240942,15.34736445235394,0.0,0.0
198925,CareSource West Virginia Co.,False,0.22113359627999907,0.18359304874200003,0.00527269266,0.024857173439999998,0.0,83.02358928289428,11.240794640958073,0.0,0.0
197505,4 Ever Life Insurance Company,False,0.215863321,0.155573956,0.0,0.004674865,0.0,72.07058395993083,2.1656597231727015,0.0,0.0
198810,"Cigna HealthCare of North Carolina, Inc.",True,0.215125542,0.155355395,0.011633893,0.021879329,0.0,72.21615506725836,10.170493376374619,0.0,0.0
199166,Cox Health Systems Insurance Company,False,0.211957498,0.19213998009999997,0.00987625,0.021951248,0.0,90.65023974759315,10.356438534672645,0.0,0.0
198337,Banner Health and Aetna Health Insurance Company,True,0.20416537743000002,0.17090788214,0.01770295604,0.09213883286999999,0.0,83.71051168976842,45.129509238945595,0.0,0.0
199951,LifeWise Health Plan of Washington,False,0.203373798,0.17062151,0.017308593,0.024020432,0.0,83.89552227371985,11.81097675129222,0.0,0.0
199184,"Aspirus Health Plan, Inc.",False,0.201093669,0.193856829,0.016043544,0.018958316,0.0,96.40125915649787,9.427604605493572,0.0,0.0
199724,"First Priority Life Insurance Company, Inc.",False,0.20099636,0.179431927,0.01982898177230893,0.017162407,0.0,89.27123207604356,8.538665575834308,0.0,0.0
199978,"Molina Healthcare of New Mexico, Inc.",False,0.200154904,0.163024083,0.005068549,0.02302396959,0.0,81.44895765331836,11.50307543301562,0.0,0.0
197634,BCS Insurance Company,False,0.198966974,0.129418591,0.0,0.030583096,0.0,65.04526273792554,15.370940908012201,0.0,0.0
200484,"UnitedHealthcare of Ohio, Inc",True,0.18664587626999998,0.13143439095,0.00997113938,0.0208002952,0.0,70.41912394564153,11.144256500963627,0.0,0.0
198375,Wellfleet Insurance Company,False,0.186460738,0.191522176,0.006153695,0.026774838,0.0,102.71447922725694,14.359504465760509,0.0,0.0
198917,CareSource Kentucky Co.,False,0.17432525799000054,0.17972044484387312,0.016119373453954998,0.020464323834305444,0.0,103.09489681304933,11.73916165119302,0.0,0.0
200460,"Physicians Health Plan of Northern Indiana, Inc.",False,0.165568275,0.153905324,0.010048256,0.023784226,0.0,92.95580569405581,14.365207344220988,0.0,0.0
198647,"WELLCARE HEALTH PLANS OF KENTUCKY, INC",False,0.163266246,0.136323821,0.017867866,0.012959088,0.0,83.49785968619625,7.937395706397267,0.0,0.0
199090,"USAble HMO, Inc.",False,0.160957653,0.123558931,0.014000025,0.014893195226407266,0.0,76.76486870742332,9.25286555116908,0.0,0.0
198993,US Health and Life Insurance Company,False,0.15995386709998066,0.13250323734777322,0.010713371289999992,0.03356642416209754,0.0,82.8384081923764,20.98506573843353,0.0,0.0
200424,Capital Advantage Insurance Company,False,0.15641452,0.166821488,1.2011e-05,0.007700986,0.0,106.65345391207926,4.923447004792139,0.0,0.0
200133,"MD-Individual Practice Association, Inc",False,0.15257518017,0.13447658472,0.02192450405,0.006187154429999999,0.0,88.13791638336298,4.055151318259131,0.0,0.0
200315,Curative Insurance Company,False,0.150787531,0.209099543,-0.007711287,0.0410655,0.0,138.67164056157932,27.23401578874582,0.0,0.0
200320,MercyCare HMO,False,0.149254051,0.141422233,0.008342921,0.011118458,0.0,94.75269317815702,7.449350905725165,0.0,0.0
199867,Asuris Northwest Health,False,0.149248555,0.126081139,0.010990388,0.020436164,0.0,84.47729292923472,13.692704763540256,0.0,0.0
197115,University of Utah Health Insurance Plans,False,0.146045934,0.110518532,0.007773146,0.018444539,0.0,75.67381643093192,12.629272513673678,0.0,0.0
200267,Blue Shield of California Life & Health Insurance Company,False,0.14454829318000012,0.11180931573558545,0.00356494996,0.03376465821041141,0.0,77.3508377552088,23.358738776919115,0.0,0.0
200399,University of Michigan Health Plan,False,0.14257551235819083,0.12151147459520274,0.012861224689999997,0.022788409395048337,0.0,85.22604799759081,15.983396459973628,0.0,0.0
200939,Oscar Garden State Insurance Corporation,False,0.140239325,0.132074725,0.0110511,0.003695484,0.0,94.17809519548102,2.6351267734638624,0.0,0.0
198891,Health Net Life Insurance Company,False,0.138045283,0.171483502,0.000821954,0.011897761,0.0,124.22264511566108,8.61873780938969,0.0,0.0
200449,"Sendero Health Plans, inc.",False,0.13611868223,0.109786908,0.00932877,0.014237162,0.0,80.6552827292971,10.45937395716441,0.0,0.0
198281,"Innovation Health Plan, Inc.",False,0.13149654713,0.11365606284,0.009530050640000001,0.01454451642,0.0,86.4327355513278,11.060759189076663,0.0,0.0
200083,Medica Community Health Plan,False,0.13130994091999992,0.15256670924178667,0.007690572879999997,0.008680726066321781,0.0,116.18823995567658,6.610867391685509,0.0,0.0
199188,"Humana Benefit Plan of Illinois, Inc.",True,0.13020210578,0.12609882601,2.2974299999999998e-06,0.029451412729999998,0.0,96.84853040938276,22.619766826016996,0.0,0.0
200918,Oscar Buckeye State Insurance Corp.,False,0.12771665,0.227794821,0.014183921,0.021670803,0.0,178.35953338895126,16.967876153970526,0.0,0.0
198048,Kaiser Permanente Insurance Company,False,0.127246402,0.085416643,0.000579267,0.337952518,0.0,67.12696127942384,265.5890561054921,0.0,0.0
197673,Assurity Life Insurance Company,False,0.126912286470545,0.0613454098638533,0.0,0.06662459579099676,0.0,48.33685655650915,52.496568806566756,0.0,0.0
197721,"Educators Health Plans Life, Accident, and Health, Inc",False,0.125415435,0.120668133,1.451e-05,0.058527532,0.0,96.21473864042332,46.66692899482428,0.0,0.0
198007,Paramount Insurance Company,False,0.124727362,0.113426874,0.015446921,0.034246551,0.0,90.93984846725132,27.457127650947992,0.0,0.0
199062,Reserve National Insurance Company,False,0.12047261772870682,0.05450963637039128,0.0,0.049813754890870275,0.0,45.24649451308672,41.34861168456241,0.0,0.0
199793,"Scripps Health Plan Services, Inc.",False,0.118837203,0.113115462,0.002767103,0.00293412,0.0,95.18522747459816,2.4690247884747,0.0,0.0
199981,"VIVA Health, Inc.",False,0.118290709,0.101054219,0.006764029,0.013249345,0.0,85.42870344956678,11.200664119783067,0.0,0.0
198672,Scott & White Care Plans,False,0.11789280544,0.113896238,-0.015559815,0.010327482,0.0,96.60999886712001,8.760061278935327,0.0,0.0
198752,"Summa Insurance Company, Inc.",False,0.11743078,0.085606737,0.011644619,0.020748877,0.0,72.89974315081616,17.669027660380014,0.0,0.0
198373,Atlanta International Insurance Company,False,0.117138643,0.108895175,0.004404755,0.014329553,0.0,92.962640005997,12.23298531809012,0.0,0.0
198371,"Hometown Health Providers Insurance Company, Inc.",False,0.116014907,0.101461322,0.009119936,0.016624356,0.0,87.45541812139712,14.329499915041092,0.0,0.0
199810,"UPMC Health Coverage, Inc.",False,0.1105196990307178,0.09756818190000001,0.02144396714,0.009254164899999999,0.0,88.28125913813966,8.373317138176334,0.0,0.0
199538,"HMO Partners, Inc.",False,0.109020627,0.083891772,0.01181869,-0.002608856724403996,0.0,76.95036646597163,-2.392993689537298,0.0,0.0
200285,Quartz Health Plan Corporation,False,0.10859779,0.092962658,1.2586e-05,0.009115049,0.0,85.60271622470403,8.393401928344952,0.0,0.0
199321,"U.S. Behavioral Health Plan, CA",False,0.10269140283,0.08280748437999999,0.0,0.009221872269999999,0.0,80.63721216963337,8.980179465720518,0.0,0.0
200948,Oscar Insurance Corporation,False,0.098562761,0.072393336,0.0,0.004081714,0.0,73.44897328921213,4.1412334218194236,0.0,0.0
199765,"UnitedHealthcare of South Carolina, Inc.",True,0.09842345539,0.07502163098,0.0036729827399999996,0.014865972340000002,0.0,76.2233257130925,15.104095137784007,0.0,0.0
199328,San Francisco Health Authority,False,0.09830946475,0.0998233661543395,0.0029289523,0.0006300802095259399,0.0,101.53993454057483,0.6409151053036731,0.0,0.0
200594,"UnitedHealthcare of Colorado, Inc.",True,0.09721477761,0.07124203504,0.00841747473,0.01600479914,0.0,73.28313327609945,16.463339765284477,0.0,0.0
199129,"UnitedHealthcare of Georgia, Inc.",True,0.09541478046000001,0.08924663951,0.009295303599999999,0.007941434019999999,0.0,93.53544501149293,8.323064814186964,0.0,0.0
201035,"Medical Associates Health Plan, Inc",False,0.095206189,0.092021061,0.0,0.008265236,0.0,96.65449480390397,8.681406205640686,0.0,0.0
198670,Baylor Scott & White Insurance Company,False,0.09286549977732399,0.085448942,0.0,0.008463362,0.0,92.01365653002712,9.113569646740428,0.0,0.0
198033,"GOOD HEALTH HMO, INC. d/b/a BLUE CARE, INC.",False,0.09163589753999998,0.08571571098606742,0.010699512574724877,0.01190583250564013,0.0,93.53944609824079,12.992542033478873,0.0,0.0
200451,"UnitedHealthcare of Oklahoma, Inc.",True,0.08781092483999998,0.05463181873,0.0045427572,0.0105116005,0.0,62.2152867989313,11.97072063544844,0.0,0.0
200824,Inland Empire Health Plan,False,0.08654508898,0.07209826326,0.0046945242,0.01012107099,0.0,83.3071686790471,11.694564196864958,0.0,0.0
198042,"County of Ventura, dba Ventura County Health Care Plan",False,0.08326175436,0.074707538,-0.00864560348,0.00820179812,0.0,89.72611563886342,9.85061891025953,0.0,0.0
199112,"HealthPartners UnityPoint Health, Inc.",False,0.079182626,0.073164929,0.00465108,0.007277417,0.0,92.40023057583365,9.190673974364023,0.0,0.0
200934,"Community Care Health Plan, Inc.",False,0.07608454972,0.067306955,0.0053030436336095315,0.015237639,0.0,88.4633677240615,20.027244763984655,0.0,0.0
199007,Highmark Choice Company,False,0.075186641,0.060693129,0.004385227,0.012656663,0.0,80.72328832990424,16.83365931987838,0.0,0.0
198277,Innovation Health Insurance Company,False,0.07066925048999999,0.06463520700999999,0.0072803985,0.0300882159,0.0,91.46157142157062,42.57610727632892,0.0,0.0
199311,"Humana Health Plan of Texas, Inc.",True,0.06645490697,0.07444128052,0.00830581427,0.028296253139999998,0.0,112.0177333986869,42.57962945125164,0.0,0.0
200468,CONTRA COSTA MEDICAL SERVICES DBA CONTRA COSTA HEALTH PLAN,False,0.065783051,0.079860627,0.003917091,0.0,0.0,121.40000469117797,0.0,0.0,0.0
198354,"Hometown Health Plan, Inc.",False,0.065452432,0.054323934,0.005049483,0.010721865,0.0,82.99757906627518,16.381156012659698,0.0,0.0
200608,MAMSI Life and Health Insurance Company,False,0.06456311933,0.04813755486999999,0.00711405706,0.00744404718,0.0,74.55890509867655,11.529875348728755,0.0,0.0
200642,"Indiana University Health Plans, Inc.",False,0.06345173,0.054941959,0.0,0.011013549,0.0,86.58859104393214,17.357365985135473,0.0,0.0
198293,"Aetna HealthAssurance Pennsylvania, Inc.",True,0.06322106695999999,0.06726382491,0.00634381525,0.007461373350000001,0.0,106.39463733277053,11.80203642358775,0.0,0.0
200124,UnitedHealthcare Freedom Insurance Company,True,0.062308132739999994,0.05474033641000001,0.00518464492,0.0064569428399999995,0.0,87.85423989260123,10.362921429444205,0.0,0.0
200560,"Presbyterian Insurance Company, Inc.",False,0.058831688,0.046728663,0.001563135,0.005322095,0.0,79.42771079422369,9.046306813430204,0.0,0.0
199812,"UPMC Health Benefits, Inc.",False,0.05866071339327876,0.04496965161,0.008196848270000001,0.004526439110000001,0.0,76.66059447403948,7.716304231851759,0.0,0.0
200274,MAPFRE Life Insurance Company,False,0.05663788102,0.042382199,0.001585966,0.009578879,0.0,74.83012824055683,16.912495360865464,0.0,0.0
198788,"Cigna HealthCare of Arizona, Inc.",True,0.055965519,0.043264684,0.003670536,0.015342306,0.0,77.30596405261603,27.41385459143156,0.0,0.0
199306,"Humana Employers Health Plan of Georgia, Inc.",True,0.054883785559999995,0.0494319525,0.006753861650000001,0.02220645277,0.0,90.06658705413105,40.460862062299775,0.0,0.0
198805,"Cigna HealthCare of Illinois, Inc.",True,0.05361264,0.041848497,0.005208324,0.006154507,0.0,78.05714659826488,11.479582053784332,0.0,0.0
199941,Chinese Community Health Plan,False,0.05013501372,0.04554586068,0.00157419511,0.008019408640000001,0.0,90.84641112171614,15.995624704099512,0.0,0.0
198887,"Health Net Health Plan of Oregon, Inc",False,0.049540958,0.044589046,0.002874071,0.004669243,0.0,90.0044080697834,9.425015559852516,0.0,0.0
198635,Sidecar Health Insurance Company,False,0.048859222,0.050442608,0.0,0.010092157090000003,0.0,103.24071062777054,20.655582870312596,0.0,0.0
200272,"Southeastern Indiana Health Organization, Inc.",False,0.046441028126178605,0.040742062,0.003459214,0.004564082149326422,0.0,87.72859612260365,9.82769403150588,0.0,0.0
199157,"UnitedHealthcare of New Mexico, Inc",True,0.04585458692,0.05226168039,0.0047720475,0.00415691251,0.0,113.97263371094827,9.065423525136838,0.0,0.0
199846,Sentara Health Insurance Company,False,0.045844113,0.047072859,0.005267379,0.00959439,0.0,102.68026998362909,20.92829236329646,0.0,0.0
200529,"ConnectiCare, Inc",False,0.04565308750453766,0.03211603255,0.0037697624599999997,0.006992791189999999,0.0,70.34799682892827,15.317236078074577,0.0,0.0
198498,Equitable Financial Life Insurance Company,False,0.045334972450000004,0.20043282248999972,0.0,0.0328976093,0.0,442.1152405266317,72.56563205433247,0.0,0.0
200597,"UnitedHealthcare of Oregon, Inc.",True,0.044819395160000004,0.047690816629999994,0.00503183732,0.00337775179,0.0,106.40664930829466,7.536361831617364,0.0,0.0
200054,EmblemHealth Insurance Company,False,0.041365608208241894,0.02874937817824189,0.0017098775899999994,0.0032608110500000026,0.0,69.50067803551289,7.882903675885762,0.0,0.0
199273,Humana Insurance Company of Kentucky,True,0.041251039729999994,0.03897297684,1.5650999999999998e-06,0.01614658025,0.0,94.47756249318664,39.142238245833425,0.0,0.0
198254,American General Life Insurance Company,False,0.04049047188063826,0.014010016804909103,0.0,-5.7483e-07,0.0,34.60077434071203,-0.0014196673274012208,0.0,0.0
200825,Mass General Brigham Health Insurance Company,False,0.03879053689,0.037685633093268965,-0.0035375379699999925,0.003217268091740405,0.0,97.15161509657818,8.293950921235638,0.0,0.0
197720,Educators Mutual Insurance Association,False,0.037174485,0.032226035,6.1632e-05,0.01379933,0.0,86.68858492592433,37.120433544674526,0.0,0.0
200583,"St. Luke's Health Plan, Inc.",False,0.03677085058267377,0.03542749591252003,0.0016509489899999986,0.014523656982473128,0.0,96.34668589693509,39.497745503109456,0.0,0.0
198921,CareSource North Carolina Co.,False,0.03610361237,0.034058378894229385,0.00118641781,0.004530148324936413,0.0,94.33510017000378,12.547631739755499,0.0,0.0
200740,"HMO Missouri, Inc.",False,0.036089666,0.024582767,0.00300656,0.002769911,0.0,68.11580633636233,7.675080728095406,0.0,0.0
198332,Aetna Health Inc. (a LA corp.),True,0.03518546215,0.033747498300000005,0.00437396367,0.00387965273,0.0,95.91318754356621,11.026294648228744,0.0,0.0
200993,Medical Associates Health Plan of WI,False,0.035093926,0.031852069,0.0,0.002539106,0.0,90.7623416086305,7.2351722631432,0.0,0.0
200881,Tufts Insurance Company,False,0.03500775520999999,0.03366087623821208,0.0,0.011396312533505159,0.0,96.15262685736793,32.55367979221299,0.0,0.0
200062,"AmeriHealth Caritas VIP Next, Inc.",False,0.034397415,0.022002351081609573,0.0013318,0.015773855,0.0,63.96512959363246,45.85767564219579,0.0,0.0
198896,ALAMEDA ALLIANCE FOR HEALTH,False,0.03425497972,0.03669651443595339,-0.00041117366,0.001927735,0.0,107.12753221841169,5.6276051416678525,0.0,0.0
200414,Keystone Health Plan Central,False,0.033912323,0.029105482,9.5718e-05,0.007421844,0.0,85.82568053506685,21.88538956768016,0.0,0.0
198297,"GMS Reinsurance Company, LTD",False,0.03252772339,0.026740618550000005,0.0012001897700000001,0.0064543503600000005,0.0,82.20870003530857,19.84261327672339,0.0,0.0
198230,McLaren Health Plan Community,False,0.030763399900000002,0.02618729105158,0.0,0.004255966513054773,0.0,85.12482734907331,13.834512852575742,0.0,0.0
199015,"HMO Of Northeastern Pennsylvania, Inc.",False,0.03041425,0.028109677,0.00318304,0.00552799,0.0,92.42271961333914,18.175657791988954,0.0,0.0
199019,THP Insurance Company,False,0.029805067858290756,0.025369785,0.001108453,0.0035058319166870276,0.0,85.1190311681944,11.762536268515237,0.0,0.0
197689,Sanford Health Plan of Minnesota,False,0.02927535933,0.028505654480000003,0.0014642357500000002,0.0021817394499999998,0.0,97.3708098974169,7.452477099962549,0.0,0.0
200038,"The Vermont Health Plan, LLC",False,0.028147026,0.024993689,7.199e-06,0.004697952,0.0,88.7969087746606,16.6907580218244,0.0,0.0
199308,"Humana Health Insurance Company of Florida, Inc.",True,0.027690551140000002,0.02885801698,0.00034820714999999995,0.00195320332,0.0,104.21611629937388,7.053681633582682,0.0,0.0
199864,"Healthfirst Insurance Company, Inc.",False,0.027560406,0.019990095,-0.0005632479699999999,0.0018063420099999998,0.0,72.53193222189833,6.554119739745487,0.0,0.0
200190,BeHealthy Florida Inc.,False,0.02732325464,0.0234866725,0.0012502843900000001,0.00418737499,0.0,85.95854633516676,15.32531554227758,0.0,0.0
200187,"AMHIC, A Reciprocal Association & Sub",False,0.027202066,0.026186966,0.00216811154,0.002121167876,0.0,96.268298150589,7.797819018599545,0.0,0.0
201061,"Oscar Health Plan, Inc.",False,0.027162416,0.064943766,0.011143094,0.011625533,0.0,239.09421753941183,42.80006977288029,0.0,0.0
197879,FirstCarolinaCare Insurance Company,False,0.025603291,0.02069115,0.002783796,0.005360233,0.0,80.81441561555505,20.935718771465748,0.0,0.0
200488,Community First Insurance Plans,False,0.02489001158,0.02175659685,0.0,0.0033359632899999945,0.0,87.4109551137461,13.402819356984786,0.0,0.0
198280,Premera Blue Cross HMO,False,0.023618445,0.019323536,0.001787881,0.007122321,0.0,81.81544551303017,30.155757502240306,0.0,0.0
198586,Aetna Health Inc. (a New Jersey corporation),True,0.02342908082,0.018131994479999997,0.0019404330400000001,0.00185768123,0.0,77.39097670669949,7.928954807370031,0.0,0.0
200518,"Oxford Health Plans (CT), Inc",False,0.0220273276,0.01774008201,0.0018571359,0.0021062461599999998,0.0,80.53669665311556,9.561968652066534,0.0,0.0
198815,"Cigna HealthCare of South Carolina, Inc.",True,0.021920744,0.021300547,0.001812998,0.003727025,0.0,97.17073015404951,17.002274192883235,0.0,0.0
198275,Allina Health and Aetna Insurance Company,True,0.02158140055,0.018667498339999995,0.00201342912,0.00946244447,0.0,86.4980856861025,43.845367904077,0.0,0.0
200711,"Vantage Health Plan of Mississippi, Inc.",False,0.021185446,0.023200184,0.001893818,0.006636594,0.0,109.51000984355015,31.326194407235985,0.0,0.0
198575,CHRISTUS Health Plan Louisiana,False,0.02072813997390777,0.055702907909999995,0.00547807,0.010136944,0.0,268.7308556393283,48.90426257618973,0.0,0.0
199787,Memorial Hermann Commercial Health Plan,False,0.019610841,0.017605976,0.001867833,0.002542817,0.0,89.77675154267989,12.966384256544632,0.0,0.0
200446,"UnitedHealthcare of Arkansas, Inc.",True,0.01860460957,0.01602913927,0.00205567062,0.00241867513,0.0,86.15681618950522,13.000407887624377,0.0,0.0
200885,CommunityCare Life & Health Insurance Company,False,0.018417212,0.014826364,0.001641512,0.001700403,0.0,80.50276013546458,9.232684078350188,0.0,0.0
198175,The United States Life Ins. Co. in the City of New York,False,0.01834349786288657,0.023264274584711225,0.0,0.003302064,0.0,126.82572734276924,18.001277753469754,0.0,0.0
199154,"ACN Group of California, Inc.",False,0.0181326228,0.007824329980000001,0.0,0.00576436167,0.0,43.15056937047188,31.790004863499394,0.0,0.0
200323,University of Michigan Health Insurance Company,False,0.01640476187011617,0.014843697486637794,0.00161705629,0.0026813210015494424,0.0,90.48407775840928,16.34477246776673,0.0,0.0
199335,"GlobalHealth, Inc.",False,0.016366944,0.013270105,0.002307235,0.001582622,0.0,81.07869740374257,9.669624335489875,0.0,0.0
200635,Anthem HealthChoice HMO Inc,True,0.015579353,0.005380872,0.000795411,0.00159694,0.0,34.5384817970297,10.250361488054093,0.0,0.0
200972,"Oscar Health Plan of Pennsylvania, Inc.",False,0.014588907,0.014778333,0.002114552,0.002496307,0.0,101.2984248922829,17.110993990159784,0.0,0.0
199322,"Humana Insurance of Puerto Rico, Inc.",True,0.01457092692,0.01182963494,0.00243993127,0.0077114279,0.0,81.18656421070018,52.92338601613136,0.0,0.0
199718,Integon National Insurance Company,False,0.013920948,0.012291951,0.0,0.0,0.0,88.29823227556054,0.0,0.0,0.0
197698,Shelter Life Insurance Company,False,0.013795855650000001,0.01511143728,0.0,0.00103557798,0.0,109.5360640425373,7.506442559798746,0.0,0.0
197129,WMI Mutual Insurance Company,False,0.013645965,0.010360903,0.000155339,0.003299765,0.0,75.92649548786034,24.18125064808535,0.0,0.0
200115,Quartz Health Plan MN Corporation,False,0.013402271,0.013247406,0.000900097,0.001142048,0.0,98.84448687838054,8.521302098726402,0.0,0.0
199721,Memorial Hermann Health Insurance Company,False,0.012032546,0.012161601,0.000706007,0.00062923,0.0,101.07254940060066,5.229400328076868,0.0,0.0
200326,Medica Central Insurance Company,False,0.011928617,0.009435087,0.001797526,0.001475788,0.0,79.09623554851329,12.371828184273165,0.0,0.0
200079,Medica Health Plans,False,0.011569958659999987,0.01346890949214781,0.00072090734,0.001463686636933067,0.0,116.41277110792913,12.650750793028923,0.0,0.0
200810,"AmeriHealth HMO, Inc.",False,0.011045314,0.008708318,0.000462886,0.004426362,0.0,78.84174229904193,40.07456917929178,0.0,0.0
200293,"Piedmont Community HealthCare HMO, Inc.",False,0.010559376,0.012944362,0.002575641,0.001581377,0.0,122.58642934961308,14.976045933017254,0.0,0.0
200291,"Piedmont Community HealthCare, Inc.",False,0.010542498,0.011041147,0.001836657,0.000945513,0.0,104.72989418636836,8.968586003051648,0.0,0.0
200622,"Samaritan Health Plans, Inc",False,0.010015754750000005,0.011854363650000001,0.000432523,0.001040353,0.0,118.35716774115296,10.387165280779259,0.0,0.0
198819,"Cigna HealthCare of Tennessee, Inc.",True,0.009970546,0.006264395,0.001088885,0.00211241,0.0,62.82900655590977,21.186502725126587,0.0,0.0
199782,BridgeSpan Health Company,False,0.00970042,0.009214377992425037,0.0008788689300000001,0.0006965541800000001,0.0,94.9894746044505,7.180660012659246,0.0,0.0
198833,Connecticut General Life Insurance Company,False,0.009497224,0.016714949,6.2423e-05,0.018139225,0.0,175.99826012316862,190.99502128200828,0.0,0.0
198794,"Cigna HealthCare of Connecticut, Inc.",True,0.008771553,0.008020845,0.0,0.000473799,0.0,91.44156114658374,5.4015406393827865,0.0,0.0
200330,Medica Central Health Plan,False,0.008555696,0.008618844,0.000830918,0.000649406,0.0,100.73808139045614,7.5903351404725,0.0,0.0
200816,Plan Medico Servicios de Salud Bella Vista,False,0.008229748,0.006684014,0.000161816,0.000975459,0.0,81.21772379907623,11.85284166659781,0.0,0.0
198003,"Auxilio Platino, Inc.",False,0.007458641,0.005656027,2.9841e-05,0.000326208,0.0,75.83187071210425,4.373558132104763,0.0,0.0
200282,Quartz Health Insurance Corporation,False,0.006333771,0.005666643,0.00018145,0.000644072,0.0,89.46712787689988,10.168855173324074,0.0,0.0
199452,Holman Professional Counseling Centers,False,0.0060538426,0.00317787288,0.0,0.00113463818,0.0,52.49348372552666,18.742445996200825,0.0,0.0
199170,Santa Cruz-Monterey-Merced-San Benito-Mariposa Managed Medical Care Commission,False,0.005481228,0.0049000549754944275,0.0,0.0,0.0,89.39702883175865,0.0,0.0,0.0
200588,"UnitedHealthcare of Utah, Inc.",True,0.005194266659999999,0.00427078144,0.00054961742,0.0007454430200000001,0.0,82.2210664094015,14.351265901315896,0.0,0.0
197887,Health Alliance Northwest Health Plan,False,0.004372502,0.003964218,0.000257626,0.00041569135,0.0,90.66246281877058,9.506944765262542,0.0,0.0
198005,Paramount Care of Michigan,False,0.004073841,0.004777935,0.000794282,0.001357409,0.0,117.2832960343813,33.320127123272606,0.0,0.0
199856,"Taro Health Plan of Maine, Inc.",False,0.004069874,0.00513978,0.000138814,0.003053099,0.0,126.28843055092122,75.0170398395626,0.0,0.0
198340,Aetna Health Insurance Company of New York,True,0.0039450425800000005,0.00238284277,0.0002057205,0.00037202294000000005,0.0,60.40093919594652,9.430137506906199,0.0,0.0
199298,Southwest Service Life Insurance Company,False,0.003839865,0.001037643,0.0,0.002951226,0.0,27.02290314893883,76.85754577309358,0.0,0.0
199126,"UnitedHealthcare of Alabama, Inc",True,0.00378954665,-0.0006873325099999998,0.00053714739,0.00012134721000000002,0.0,-18.13759199929627,3.202156384590226,0.0,0.0
198557,Aetna Health Inc. (a Maine corporation),True,0.0035422571,0.0023799460900000005,0.00027098446,0.00038857573999999997,0.0,67.18727700482272,10.969721537152116,0.0,0.0
200797,MemorialCare Select Health Plan,False,0.002477471,0.002003207,0.0,0.0,0.0,80.85693031321053,0.0,0.0,0.0
199862,"Taro Health Plan of Oklahoma, Inc.",False,0.002472773,0.002280129,0.000207779,0.00217307,0.0,92.20939406892586,87.87988222129569,0.0,0.0
200709,"Vantage Health Plan, Inc.",False,0.002151619,0.001895177,0.001484147,0.002329533,0.0,88.08144006908286,108.26884313626157,0.0,0.0
198797,"Cigna HealthCare of Florida, Inc.",True,0.002058304,0.001954893,0.000199439,0.000301621,0.0,94.97591220733186,14.653860654208515,0.0,0.0
197883,"Health Alliance Midwest, Inc.",False,0.001944647,0.001673768,0.000238477,1.784e-06,0.0,86.07053105267948,0.09173901484433936,0.0,0.0
198817,"Cigna HealthCare of St Louis, Inc.",True,0.001337402,0.00136676,0.000140798,0.000160804,0.0,102.19515149521237,12.023609954224684,0.0,0.0
200555,"Ryder Health Plan, Inc.",False,0.001120476,0.001106507,0.0,0.0,0.0,98.75329770561797,0.0,0.0,0.0
199109,WPS Health Plan Inc,False,0.001060479,0.0007662557485070452,0.0,-4.7936e-05,0.0,72.25562679761175,-4.5202215225384,0.0,0.0
200067,ConnectiCare of Massachusetts,False,0.00104257092,0.0009346374199999998,9.225031e-05,0.00023507477000000006,0.0,89.64737094335989,22.547604723139607,0.0,0.0
200695,"Oxford Health Plans (NJ), Inc",False,0.0009273441000000001,0.00110387587,3.0490049999999998e-05,4.382111e-05,0.0,119.03627466870172,4.725442260321707,0.0,0.0
200051,MercyCare Insurance Company,False,0.000601235,0.000745428,0.0,4.1635e-05,0.0,123.982802065748,6.924912887639609,0.0,0.0
198563,Aetna Health of Iowa Inc.,True,0.00054645098,0.00016361133000000036,9.15026e-06,6.235907e-05,0.0,29.94071490181981,11.411649403575046,0.0,0.0
198808,"Cigna HealthCare of New Jersey, Inc.",True,0.000545252,0.000122404,3.64e-06,9.0848e-05,0.0,22.449069421111705,16.66165369407173,0.0,0.0
198245,Aetna Health Inc. (a Connecticut corporation),True,0.00046124732,0.0006379106600000001,0.00018338884,4.153037e-05,0.0,138.30121766344357,9.003926570240019,0.0,0.0
199560,Sirius America Insurance Company,False,0.000382501,0.000328898,0.0,7.873e-06,0.0,85.98618042828646,2.0582952724306605,0.0,0.0
199037,Regal Life of America Insurance Company,False,0.000184452,6.8224e-05,0.0,0.000141957,0.0,36.98740051612344,76.96148591503481,0.0,0.0
199558,Horizon Healthcare of New Jersey,False,0.00017378820999999984,0.005637178469469381,-1.47076237271435e-06,-0.00095572483,0.0,3243.7059277320286,-549.9365175577796,0.0,0.0
197418,First Allmerica Financial Life Ins. Co,False,3.3631e-05,3.5234e-05,0.0,0.0,0.0,104.76643572894055,0.0,0.0,0.0
198022,American States Insurance Company,False,3.220466972602732e-05,0.00020853356,0.0,0.0,0.0,647.5258457051226,0.0,0.0,0.0
200471,"Community First Health Plans, Inc.",False,1.194012e-05,-2.2211e-05,0.0,1.7669299999998953e-06,0.0,-186.01990599759466,14.798259983985881,0.0,0.0
198807,"Cigna HealthCare of Indiana, Inc.",True,8.551e-06,-4.91e-07,0.0,3.262e-06,0.0,-5.742018477371068,38.14758507776868,0.0,0.0
197299,The Prudential Insurance Company of America,False,0.0,0.0,0.0,0.0,0.0,0.0,0.0,0.0,0.0
197180,Life of America,False,0.0,0.0,0.0,0.0,0.0,0.0,0.0,0.0,0.0
197462,New Era Life Insurance Company,False,0.0,0.0,0.0,0.0,0.0,0.0,0.0,0.0,0.0
197690,Talcott Resolution Life Insurance Company,False,0.0,0.0,0.0,0.0,0.0,0.0,0.0,0.0,0.0
197447,AMERICAN FIDELITY ASSURANCE COMPANY,False,0.0,0.0,0.0,0.0,0.0,0.0,0.0,0.0,0.0
197144,Mutual of Omaha Insurance Company,False,0.0,0.0,0.0,0.0,0.0,0.0,0.0,0.0,0.0
197490,New Era Life Insurance Company of the MidWest,False,0.0,0.0,0.0,0.0,0.0,0.0,0.0,0.0,0.0
197596,Transamerica Life Insurance Company,False,0.0,0.0,0.0,0.0,0.0,0.0,0.0,0.0,0.0
197142,Companion Life Insurance Company of NY,False,0.0,0.0,0.0,0.0,0.0,0.0,0.0,0.0,0.0
197586,Transamerica Financial Life Insurance Company,False,0.0,0.0,0.0,0.0,0.0,0.0,0.0,0.0,0.0
199886,Freedom Life Insurance Company of America,False,0.0,0.0,0.0,0.0,0.0,0.0,0.0,0.0,0.0
199761,Washington National Insurance Company,False,0.0,0.0,0.0,0.0,0.0,0.0,0.0,0.0,0.0
198750,"SummaCare, Inc.",False,0.0,0.0,0.0,0.0,0.0,0.0,0.0,0.0,0.0
197840,United States Branch of the Sun Life Assurance Company of Canada,False,0.0,0.0,0.0,0.0,0.0,0.0,0.0,0.0,0.0
198653,"Nebraska Total Care, Inc.",False,0.0,1.174649638,0.028126594,0.083205437,0.0,0.0,0.0,0.0,0.0
198621,"Absolute Total Care, Inc",False,0.0,1.83976459,0.06216792,0.187668903,0.0,0.0,0.0,0.0,0.0
198622,Coordinated Care Corporation Indiana,False,0.0,0.349892746,0.03371348,0.021341168,0.0,0.0,0.0,0.0,0.0
198637,New York Quality Healthcare Corporation,False,0.0,0.0,0.0,0.0,0.0,0.0,0.0,0.0,0.0
198643,"Western Sky Community Care, Inc.",False,0.0,0.354759806,0.00349296,0.037539558,0.0,0.0,0.0,0.0,0.0
198645,"WellCare Health Insurance Company of New Jersey, Inc.",False,0.0,0.017096087,0.001034006,0.002275614,0.0,0.0,0.0,0.0,0.0
199725,Enterprise Life Insurance Company,False,0.0,0.0,0.0,0.0,0.0,0.0,0.0,0.0,0.0
200406,Liberty National Life Insurance Co,False,0.0,0.0,0.0,0.0,0.0,0.0,0.0,0.0,0.0
200498,Union Fidelity Life Insurance Company,False,0.0,0.0,0.0,0.0,0.0,0.0,0.0,0.0,0.0
198687,Southwest Life & Health Insurance Co.,False,0.0,-7.734e-06,0.0,0.0,0.0,0.0,0.0,0.0,0.0
200388,American Income Life Insurance Co,False,0.0,0.0,0.0,0.0,0.0,0.0,0.0,0.0,0.0
200345,Globe Life and Accident Insurance Co,False,0.0,0.0,0.0,0.0,0.0,0.0,0.0,0.0,0.0
200318,American Family Insurance Company,False,0.0,0.0,0.0,0.0,0.0,0.0,0.0,0.0,0.0
200312,"American Family Mutual Insurance Company, S.I.",False,0.0,0.0,0.0,0.0,0.0,0.0,0.0,0.0,0.0
198724,Trustmark Insurance Company,False,0.0,0.0,0.0,0.0,0.0,0.0,0.0,0.0,0.0
197844,Sun Life and Health Insurance Company (U.S.),False,0.0,0.0,0.0,0.0,0.0,0.0,0.0,0.0,0.0
198617,"SilverSummit Healthplan, Inc.",False,0.0,0.472264586,0.009227466,0.042187841,0.0,0.0,0.0,0.0,0.0
200535,MONY Life Insurance Company,False,0.0,0.0,0.0,0.0,0.0,0.0,0.0,0.0,0.0
200536,Protective Life Insurance Company,False,0.0,0.0,0.0,0.0,0.0,0.0,0.0,0.0,0.0
197994,Philadelphia American Life Insurance Company,False,0.0,0.0,0.0,0.0,0.0,0.0,0.0,0.0,0.0
199705,National Foundation Life Insurance Company,False,0.0,0.0,0.0,0.0,0.0,0.0,0.0,0.0,0.0
198014,Hartford Life & Accident Insurance Company,False,0.0,0.0,0.0,0.0,0.0,0.0,0.0,0.0,0.0
199118,Investors Life Insurance Company of North America,False,0.0,0.0,0.0,0.0,0.0,0.0,0.0,0.0,0.0
198071,Nationwide Life Insurance Company,False,0.0,0.0,0.0,0.0,0.0,0.0,0.0,0.0,0.0
198081,LIBERTY UNION LIFE ASSURANCE COMPANY,False,0.0,0.0,0.0,0.0,0.0,0.0,0.0,0.0,0.0
198092,Bankers Life and Casualty,False,0.0,0.0,0.0,0.0,0.0,0.0,0.0,0.0,0.0
200618,"UnitedHealthcare Benefits of Texas, Inc.",True,0.0,0.0,0.0,0.0,0.0,0.0,0.0,0.0,0.0
198327,"South Dakota State Medical Holding Company, Inc.",False,0.0,0.0,7.047e-06,-0.000172144,0.0,0.0,0.0,0.0,0.0
198358,"Total Health Care USA, Inc.",False,0.0,0.0,0.0,0.0,0.0,0.0,0.0,0.0,0.0
199622,Thrivent Financial for Lutherans,False,0.0,0.0,0.0,0.0,0.0,0.0,0.0,0.0,0.0
200552,MotivHealth Insurance Company,False,0.0,0.0,0.0,0.0,0.0,0.0,0.0,0.0,0.0
198793,"Cigna HealthCare of Colorado, Inc.",True,-4.93e-07,-0.000147565,1.672e-06,-5.339e-06,0.0,0.0,0.0,0.0,0.0
199337,"Humana Health Plans of Puerto Rico, Inc.",True,-0.00014590673999999998,1.235266e-05,0.00034356822,0.0028260355699999996,0.0,0.0,0.0,0.0,0.0
198615,Ambetter of North Carolina Inc.,False,-0.001406105,0.611317256,0.041732438,0.050702807,0.0,0.0,0.0,0.0,0.0
201045,Oscar Insurance Company,False,-1.490080928,0.908291352,0.091546186,0.112535573,0.0,0.0,0.0,0.0,0.0
