hcpcs_cd,n_measures,measures_list,min_share,mean_share,max_share,phys_paid,hopd_paid,combined_paid,combined_alowd,lv_paid_min,lv_paid_mean,lv_paid_max,patient_oop_mean
0146T,2,"preopst,stress",0.4,0.45,0.5,0.0,0.0,0.0,0.0,0.0,0.0,0.0,0.0
0147T,2,"preopst,stress",0.4,0.45,0.5,0.0,0.0,0.0,0.0,0.0,0.0,0.0,0.0
0148T,2,"preopst,stress",0.4,0.45,0.5,0.0,0.0,0.0,0.0,0.0,0.0,0.0,0.0
0149T,2,"preopst,stress",0.4,0.45,0.5,0.0,0.0,0.0,0.0,0.0,0.0,0.0,0.0
20552,1,spinj,0.35,0.35,0.35,9450373.299984884,0.0,9450373.299984884,12501639.580006763,3307630.654994709,3307630.654994709,3307630.654994709,1067943.1980076577
20553,1,spinj,0.35,0.35,0.35,14543409.03991267,0.0,14543409.03991267,19018434.410024427,5090193.163969435,5090193.163969435,5090193.163969435,1566258.8795391144
22520,1,vert,0.55,0.55,0.55,0.0,0.0,0.0,0.0,0.0,0.0,0.0,0.0
22521,1,vert,0.55,0.55,0.55,0.0,0.0,0.0,0.0,0.0,0.0,0.0,0.0
22523,1,vert,0.55,0.55,0.55,0.0,0.0,0.0,0.0,0.0,0.0,0.0,0.0
22524,1,vert,0.55,0.55,0.55,0.0,0.0,0.0,0.0,0.0,0.0,0.0,0.0
29877,1,arth,0.65,0.65,0.65,1443917.3299998,1631556.8299999947,3075474.159999795,3890137.829999895,1999058.2039998667,1999058.2039998667,1999058.2039998667,529531.385500065
29879,1,arth,0.65,0.65,0.65,3308666.41000649,2950209.039999986,6258875.450006476,7896412.599967171,4068269.042504209,4068269.042504209,4068269.042504209,1064399.1474744529
29880,1,arth,0.65,0.65,0.65,25591153.40000621,23457539.90999993,49048693.31000614,61914664.49016881,31881650.65150399,31881650.65150399,31881650.65150399,8362881.26710574
29881,1,arth,0.65,0.65,0.65,31639946.80006198,32480967.46999992,64120914.270061895,80999852.7899548,41678594.27554023,41678594.27554023,41678594.27554023,10971310.037930384
3100F,2,"ctdasym,ctdsync",0.55,0.55,0.55,0.0,0.0,0.0,0.0,0.0,0.0,0.0,0.0
35301,1,cea,0.3,0.3,0.3,19925614.37005384,0.0,19925614.37005384,25069204.16014112,5977684.311016152,5977684.311016152,5977684.311016152,1543076.937026185
35450,1,renlstent,0.7,0.7,0.7,0.0,0.0,0.0,0.0,0.0,0.0,0.0,0.0
35471,1,renlstent,0.7,0.7,0.7,0.0,0.0,0.0,0.0,0.0,0.0,0.0,0.0
37191,1,ivc,0.55,0.55,0.55,3873693.57999026,7623116.329999981,11496809.909990242,14481477.660029013,6323245.450494633,6323245.450494633,6323245.450494633,1641567.2625213247
37192,1,ivc,0.55,0.55,0.55,5803.72999998,0.0,5803.72999998,7263.59000004,3192.051499989,3192.051499989,3192.051499989,802.9230000329999
37205,1,renlstent,0.7,0.7,0.7,0.0,0.0,0.0,0.0,0.0,0.0,0.0,0.0
37207,1,renlstent,0.7,0.7,0.7,0.0,0.0,0.0,0.0,0.0,0.0,0.0,0.0
37236,1,renlstent,0.7,0.7,0.7,5544381.620062981,35475947.70999996,41020329.33006294,48908170.22002692,28714230.53104406,28714230.53104406,28714230.53104406,5521488.622974783
45330,2,"cncr,colon",0.1,0.125,0.15,2671673.2300135307,0.0,2671673.2300135307,3536596.59004293,267167.32300135307,333959.15375169134,400750.9845020296,108115.42000367492
45331,2,"cncr,colon",0.1,0.125,0.15,4114239.81983113,0.0,4114239.81983113,5269627.499930089,411423.98198311304,514279.97747889126,617135.9729746695,144423.4600123699
45332,2,"cncr,colon",0.1,0.125,0.15,24773.559999881003,0.0,24773.559999881003,31799.31000018,2477.3559999881004,3096.6949999851254,3716.0339999821504,878.2187500373748
45333,2,"cncr,colon",0.1,0.125,0.15,59006.749999871,0.0,59006.749999871,75131.25000052,5900.6749999871,7375.843749983875,8851.012499980648,2015.562500081125
45334,2,"cncr,colon",0.1,0.125,0.15,386782.43000358,0.0,386782.43000358,493588.77999494,38678.243000358,48347.8037504475,58017.364500537,13350.793748919998
45335,2,"cncr,colon",0.1,0.125,0.15,220185.730000412,0.0,220185.730000412,278685.92999871,22018.5730000412,27523.2162500515,33027.8595000618,7312.524999787249
45336,2,"cncr,colon",0.1,0.125,0.15,0.0,0.0,0.0,0.0,0.0,0.0,0.0,0.0
45337,2,"cncr,colon",0.1,0.125,0.15,143854.280000055,0.0,143854.280000055,183639.7499931,14385.4280000055,17981.785000006876,21578.14200000825,4973.183749130625
45338,2,"cncr,colon",0.1,0.125,0.15,1155454.78001546,0.0,1155454.78001546,1466333.20001502,115545.478001546,144431.8475019325,173318.217002319,38859.80249994501
45339,2,"cncr,colon",0.1,0.125,0.15,0.0,0.0,0.0,0.0,0.0,0.0,0.0,0.0
45340,2,"cncr,colon",0.1,0.125,0.15,108148.069999585,0.0,108148.069999585,139545.25999976997,10814.8069999585,13518.508749948125,16222.21049993775,3924.6487500231215
45341,2,"cncr,colon",0.1,0.125,0.15,185059.49999285,0.0,185059.49999285,239410.54000465,18505.949999285,23132.43749910625,27758.9249989275,6793.880001475001
45342,2,"cncr,colon",0.1,0.125,0.15,55667.28000066001,0.0,55667.28000066001,71617.19000097,5566.728000066001,6958.410000082501,8350.092000099,1993.7387500387495
45343,2,"cncr,colon",0.1,0.125,0.15,0.0,0.0,0.0,0.0,0.0,0.0,0.0,0.0
45344,2,"cncr,colon",0.1,0.125,0.15,0.0,0.0,0.0,0.0,0.0,0.0,0.0,0.0
45345,2,"cncr,colon",0.1,0.125,0.15,0.0,0.0,0.0,0.0,0.0,0.0,0.0,0.0
45378,2,"cncr,colon",0.1,0.125,0.15,58925314.79974557,0.0,58925314.79974557,76658141.86936966,5892531.479974557,7365664.349968196,8838797.219961835,2216603.383703011
45379,2,"cncr,colon",0.1,0.125,0.15,151626.52000206,0.0,151626.52000206,190546.39000463,15162.652000205999,18953.3150002575,22743.978000308998,4864.983750321251
45380,2,"cncr,colon",0.1,0.125,0.15,253961581.4231959,0.0,253961581.4231959,312111886.13479656,25396158.14231959,31745197.677899487,38094237.213479385,7268788.088950083
45381,2,"cncr,colon",0.1,0.125,0.15,7507827.910037382,0.0,7507827.910037382,9137332.58018082,750782.7910037382,938478.4887546727,1126174.186505607,203688.0837679298
45382,2,"cncr,colon",0.1,0.125,0.15,4973932.02989988,0.0,4973932.02989988,6263136.119995541,497393.202989988,621741.503737485,746089.804484982,161150.51126195758
45383,2,"cncr,colon",0.1,0.125,0.15,0.0,0.0,0.0,0.0,0.0,0.0,0.0,0.0
45384,2,"cncr,colon",0.1,0.125,0.15,11510464.969828509,0.0,11510464.969828509,14211069.38985597,1151046.4969828508,1438808.1212285636,1726569.7454742764,337575.5525034326
45385,2,"cncr,colon",0.1,0.125,0.15,434171231.7017248,0.0,434171231.7017248,528191609.7944539,43417123.17017248,54271403.9627156,65125684.755258724,11752547.261591136
45386,2,"cncr,colon",0.1,0.125,0.15,424969.24000202,0.0,424969.24000202,541409.83999558,42496.924000202,53121.1550002525,63745.38600030299,14555.074999195007
45387,2,"cncr,colon",0.1,0.125,0.15,0.0,0.0,0.0,0.0,0.0,0.0,0.0,0.0
45388,2,"cncr,colon",0.1,0.125,0.15,8148584.59989395,0.0,8148584.59989395,10062978.14005545,814858.459989395,1018573.0749867437,1222287.6899840925,239299.19252018747
45389,2,"cncr,colon",0.1,0.125,0.15,94425.73000168,319583.4799999995,414009.2100016795,521166.6400005597,41400.92100016795,51751.151250209936,62101.38150025192,13394.678749860024
45390,2,"cncr,colon",0.1,0.125,0.15,13183088.570093058,34484451.58999989,47667540.16009295,58502127.92006642,4766754.016009295,5958442.520011619,7150131.024013942,1354323.4699966842
45391,2,"cncr,colon",0.1,0.125,0.15,125109.29000059,0.0,125109.29000059,160074.42000053,12510.929000059,15638.66125007375,18766.3935000885,4370.641249992499
45392,2,"cncr,colon",0.1,0.125,0.15,34675.82999978,0.0,34675.82999978,43882.1199995,3467.582999978,4334.4787499725,5201.374499967,1150.786249965
62311,1,spinj,0.35,0.35,0.35,0.0,0.0,0.0,0.0,0.0,0.0,0.0,0.0
64475,1,spinj,0.35,0.35,0.35,0.0,0.0,0.0,0.0,0.0,0.0,0.0,0.0
64483,1,spinj,0.35,0.35,0.35,178739656.00183094,0.0,178739656.00183094,229631698.34135145,62558879.600640826,62558879.600640826,62558879.600640826,17812214.81883218
64493,1,spinj,0.35,0.35,0.35,113123021.8486673,0.0,113123021.8486673,144863056.33913794,39593057.64703355,39593057.64703355,39593057.64703355,11109012.071664728
70450,2,"head,sync",0.4,0.5,0.6,156288521.42905042,0.0,156288521.42905042,207182606.56303716,62515408.57162017,78144260.71452521,93773112.85743025,25447042.56699337
70460,2,"head,sync",0.4,0.5,0.6,972651.150009095,0.0,972651.150009095,1272623.429991689,389060.460003638,486325.5750045475,583590.6900054569,149986.13999129704
70470,2,"head,sync",0.4,0.5,0.6,3912976.270004907,0.0,3912976.270004907,5162262.450026078,1565190.508001963,1956488.1350024536,2347785.762002944,624643.0900105855
70486,1,rhinoct,0.5,0.5,0.5,24570468.370152853,0.0,24570468.370152853,32550323.46920903,12285234.185076427,12285234.185076427,12285234.185076427,3989927.5495280884
70487,1,rhinoct,0.5,0.5,0.5,1458969.680002058,0.0,1458969.680002058,1955162.659997724,729484.840001029,729484.840001029,729484.840001029,248096.48999783304
70488,1,rhinoct,0.5,0.5,0.5,274342.85999410204,0.0,274342.85999410204,361474.789994134,137171.42999705102,137171.42999705102,137171.42999705102,43565.965000015975
70498,2,"ctdasym,ctdsync",0.55,0.55,0.55,49509218.63032726,0.0,49509218.63032726,63925902.0597625,27230070.246679995,27230070.246679995,27230070.246679995,7929175.8861893825
70547,2,"ctdasym,ctdsync",0.55,0.55,0.55,4621259.430072079,0.0,4621259.430072079,5898948.74003836,2541692.686539644,2541692.686539644,2541692.686539644,702729.1204814543
70548,2,"ctdasym,ctdsync",0.55,0.55,0.55,824272.949994011,0.0,824272.949994011,1062870.290004874,453350.1224967061,453350.1224967061,453350.1224967061,131228.53700597468
70549,2,"ctdasym,ctdsync",0.55,0.55,0.55,4853323.01001158,0.0,4853323.01001158,6212311.36004631,2669327.655506369,2669327.655506369,2669327.655506369,747443.5925191017
70551,2,"head,sync",0.4,0.5,0.6,83120881.03878658,0.0,83120881.03878658,109431833.9713638,33248352.415514633,41560440.51939329,49872528.62327194,13155476.466288611
70552,2,"head,sync",0.4,0.5,0.6,1576740.420002717,0.0,1576740.420002717,2030567.0600106984,630696.1680010869,788370.2100013585,946044.2520016301,226913.32000399067
70553,2,"head,sync",0.4,0.5,0.6,127000756.32868975,0.0,127000756.32868975,165264874.26662523,50800302.5314759,63500378.16434488,76200453.79721385,19132058.968967736
71010,1,preopx,0.6,0.6,0.6,0.0,0.0,0.0,0.0,0.0,0.0,0.0,0.0
71015,1,preopx,0.6,0.6,0.6,0.0,0.0,0.0,0.0,0.0,0.0,0.0,0.0
71020,1,preopx,0.6,0.6,0.6,0.0,0.0,0.0,0.0,0.0,0.0,0.0,0.0
71021,1,preopx,0.6,0.6,0.6,0.0,0.0,0.0,0.0,0.0,0.0,0.0,0.0
71022,1,preopx,0.6,0.6,0.6,0.0,0.0,0.0,0.0,0.0,0.0,0.0,0.0
71023,1,preopx,0.6,0.6,0.6,0.0,0.0,0.0,0.0,0.0,0.0,0.0,0.0
71030,1,preopx,0.6,0.6,0.6,0.0,0.0,0.0,0.0,0.0,0.0,0.0,0.0
71034,1,preopx,0.6,0.6,0.6,0.0,0.0,0.0,0.0,0.0,0.0,0.0,0.0
71035,1,preopx,0.6,0.6,0.6,0.0,0.0,0.0,0.0,0.0,0.0,0.0,0.0
72010,1,backscan,0.5,0.5,0.5,0.0,0.0,0.0,0.0,0.0,0.0,0.0,0.0
72020,1,backscan,0.5,0.5,0.5,989835.1100012144,0.0,989835.1100012144,1303871.630019847,494917.5550006072,494917.5550006072,494917.5550006072,157018.26000931632
72052,1,backscan,0.5,0.5,0.5,1654179.280009194,0.0,1654179.280009194,2254010.050011766,827089.640004597,827089.640004597,827089.640004597,299915.38500128605
72100,1,backscan,0.5,0.5,0.5,29801670.310270667,0.0,29801670.310270667,41047242.670189336,14900835.155135334,14900835.155135334,14900835.155135334,5622786.179959334
72110,1,backscan,0.5,0.5,0.5,19454029.350277796,0.0,19454029.350277796,26683040.109912977,9727014.675138898,9727014.675138898,9727014.675138898,3614505.37981759
72114,1,backscan,0.5,0.5,0.5,2692712.7299751337,0.0,2692712.7299751337,3657186.44000868,1346356.3649875668,1346356.3649875668,1346356.3649875668,482236.8550167731
72120,1,backscan,0.5,0.5,0.5,902522.4900037652,0.0,902522.4900037652,1210597.849984712,451261.2450018826,451261.2450018826,451261.2450018826,154037.67999047338
72131,1,backscan,0.5,0.5,0.5,23011382.5999931,0.0,23011382.5999931,30147655.999830443,11505691.29999655,11505691.29999655,11505691.29999655,3568136.6999186724
72132,1,backscan,0.5,0.5,0.5,3027773.979978325,0.0,3027773.979978325,3890716.83999089,1513886.9899891624,1513886.9899891624,1513886.9899891624,431471.43000628264
72133,1,backscan,0.5,0.5,0.5,269168.73999817,0.0,269168.73999817,348131.780003208,134584.369999085,134584.369999085,134584.369999085,39481.52000251901
72141,1,backscan,0.5,0.5,0.5,52889599.618258335,0.0,52889599.618258335,69373745.18990776,26444799.809129167,26444799.809129167,26444799.809129167,8242072.785824712
72142,1,backscan,0.5,0.5,0.5,256301.650001752,0.0,256301.650001752,329065.059999222,128150.825000876,128150.825000876,128150.825000876,36381.704998735004
72146,1,backscan,0.5,0.5,0.5,18951818.430047248,0.0,18951818.430047248,24544377.349702723,9475909.215023624,9475909.215023624,9475909.215023624,2796279.459827738
72147,1,backscan,0.5,0.5,0.5,223665.080003097,0.0,223665.080003097,283193.780002176,111832.5400015485,111832.5400015485,111832.5400015485,29764.349999539496
72148,1,backscan,0.5,0.5,0.5,129983697.94547889,0.0,129983697.94547889,171098745.44825017,64991848.97273944,64991848.97273944,64991848.97273944,20557523.751385644
72149,1,backscan,0.5,0.5,0.5,480792.690008336,0.0,480792.690008336,613432.909993088,240396.345004168,240396.345004168,240396.345004168,66320.109992376
72156,1,backscan,0.5,0.5,0.5,14131963.96011248,0.0,14131963.96011248,18149415.63989684,7065981.98005624,7065981.98005624,7065981.98005624,2008725.8398921797
72157,1,backscan,0.5,0.5,0.5,12538620.03987519,0.0,12538620.03987519,16033757.53960328,6269310.019937595,6269310.019937595,6269310.019937595,1747568.7498640446
72158,1,backscan,0.5,0.5,0.5,27142083.910029143,0.0,27142083.910029143,34942791.03988203,13571041.955014572,13571041.955014572,13571041.955014572,3900353.5649264418
72200,1,backscan,0.5,0.5,0.5,220983.4799962778,0.0,220983.4799962778,295783.8000001056,110491.7399981389,110491.7399981389,110491.7399981389,37400.160001913886
72202,1,backscan,0.5,0.5,0.5,738400.1500078382,0.0,738400.1500078382,1005373.250000489,369200.0750039191,369200.0750039191,369200.0750039191,133486.5499963254
72220,1,backscan,0.5,0.5,0.5,1414437.9700247904,0.0,1414437.9700247904,1935567.3200197152,707218.9850123952,707218.9850123952,707218.9850123952,260564.67499746243
73620,1,plant,0.35,0.35,0.35,6230728.510010165,0.0,6230728.510010165,8424283.63985316,2180754.978503558,2180754.978503558,2180754.978503558,767744.2954450483
73630,1,plant,0.35,0.35,0.35,47757559.80077816,0.0,47757559.80077816,65128830.37026359,16715145.930272354,16715145.930272354,16715145.930272354,6079944.699319901
73650,1,plant,0.35,0.35,0.35,895741.8799906881,0.0,895741.8799906881,1239751.3199847466,313509.6579967408,313509.6579967408,313509.6579967408,120403.30399792054
73718,1,plant,0.35,0.35,0.35,14931624.399720589,0.0,14931624.399720589,19435216.410340093,5226068.539902206,5226068.539902206,5226068.539902206,1576257.2037168266
73719,1,plant,0.35,0.35,0.35,96022.0000011,0.0,96022.0000011,124336.439998985,33607.700000385,33607.700000385,33607.700000385,9910.053999259755
73720,1,plant,0.35,0.35,0.35,7786325.910073847,0.0,7786325.910073847,10042501.379887242,2725214.068525846,2725214.068525846,2725214.068525846,789661.4144346882
75552,2,"preopst,stress",0.4,0.45,0.5,0.0,0.0,0.0,0.0,0.0,0.0,0.0,0.0
75553,2,"preopst,stress",0.4,0.45,0.5,0.0,0.0,0.0,0.0,0.0,0.0,0.0,0.0
75554,2,"preopst,stress",0.4,0.45,0.5,0.0,0.0,0.0,0.0,0.0,0.0,0.0,0.0
75555,2,"preopst,stress",0.4,0.45,0.5,0.0,0.0,0.0,0.0,0.0,0.0,0.0,0.0
75556,2,"preopst,stress",0.4,0.45,0.5,0.0,0.0,0.0,0.0,0.0,0.0,0.0,0.0
75557,2,"preopst,stress",0.4,0.45,0.5,279172.360000124,0.0,279172.360000124,364504.7899916,111668.94400004961,125627.56200005581,139586.180000062,38399.593496164176
75558,2,"preopst,stress",0.4,0.45,0.5,0.0,0.0,0.0,0.0,0.0,0.0,0.0,0.0
75559,2,"preopst,stress",0.4,0.45,0.5,2551.9700000000003,0.0,2551.9700000000003,3326.84,1020.7880000000001,1148.3865,1275.9850000000001,348.69150000000013
75560,2,"preopst,stress",0.4,0.45,0.5,0.0,0.0,0.0,0.0,0.0,0.0,0.0,0.0
75561,2,"preopst,stress",0.4,0.45,0.5,5799639.620005678,0.0,5799639.620005678,7503713.35012854,2319855.8480022713,2609837.8290025555,2899819.810002839,766833.1785552874
75562,2,"preopst,stress",0.4,0.45,0.5,0.0,0.0,0.0,0.0,0.0,0.0,0.0,0.0
75563,2,"preopst,stress",0.4,0.45,0.5,713182.90998108,0.0,713182.90998108,930925.92001356,285273.163992432,320932.309491486,356591.45499054,97984.35451461602
75564,2,"preopst,stress",0.4,0.45,0.5,0.0,0.0,0.0,0.0,0.0,0.0,0.0,0.0
75574,2,"preopst,stress",0.4,0.45,0.5,21129107.46020018,0.0,21129107.46020018,27424422.5302815,8451642.984080072,9508098.35709008,10564553.73010009,2832891.781536594
75940,1,ivc,0.55,0.55,0.55,0.0,0.0,0.0,0.0,0.0,0.0,0.0,0.0
75960,1,renlstent,0.7,0.7,0.7,0.0,0.0,0.0,0.0,0.0,0.0,0.0,0.0
75966,1,renlstent,0.7,0.7,0.7,0.0,0.0,0.0,0.0,0.0,0.0,0.0,0.0
76070,1,bmd,0.3,0.3,0.3,0.0,0.0,0.0,0.0,0.0,0.0,0.0,0.0
76071,1,bmd,0.3,0.3,0.3,0.0,0.0,0.0,0.0,0.0,0.0,0.0,0.0
76075,1,bmd,0.3,0.3,0.3,0.0,0.0,0.0,0.0,0.0,0.0,0.0,0.0
76076,1,bmd,0.3,0.3,0.3,0.0,0.0,0.0,0.0,0.0,0.0,0.0,0.0
76078,1,bmd,0.3,0.3,0.3,0.0,0.0,0.0,0.0,0.0,0.0,0.0,0.0
76880,1,plant,0.35,0.35,0.35,0.0,0.0,0.0,0.0,0.0,0.0,0.0,0.0
76881,1,plant,0.35,0.35,0.35,7193882.000015528,0.0,7193882.000015528,9402016.050041793,2517858.7000054345,2517858.7000054345,2517858.7000054345,772846.9175091931
76882,1,plant,0.35,0.35,0.35,8947488.380031785,0.0,8947488.380031785,11916771.959983936,3131620.9330111244,3131620.9330111244,3131620.9330111244,1039249.252983253
76977,1,bmd,0.3,0.3,0.3,3642.8500000272,0.0,3642.8500000272,3642.8500000272,1092.85500000816,1092.85500000816,1092.85500000816,0.0
77057,1,cncr,0.1,0.1,0.1,0.0,0.0,0.0,0.0,0.0,0.0,0.0,0.0
77078,1,bmd,0.3,0.3,0.3,569089.639995478,0.0,569089.639995478,569089.639995478,170726.89199864338,170726.89199864338,170726.89199864338,0.0
77079,1,bmd,0.3,0.3,0.3,0.0,0.0,0.0,0.0,0.0,0.0,0.0,0.0
77080,1,bmd,0.3,0.3,0.3,61448706.730362944,0.0,61448706.730362944,61448716.1404316,18434612.019108884,18434612.019108884,18434612.019108884,2.8230205960571766
77081,1,bmd,0.3,0.3,0.3,2331786.299991619,0.0,2331786.299991619,2331786.299991619,699535.8899974857,699535.8899974857,699535.8899974857,0.0
77083,1,bmd,0.3,0.3,0.3,0.0,0.0,0.0,0.0,0.0,0.0,0.0,0.0
78350,1,bmd,0.3,0.3,0.3,0.0,0.0,0.0,0.0,0.0,0.0,0.0,0.0
78351,1,bmd,0.3,0.3,0.3,0.0,0.0,0.0,0.0,0.0,0.0,0.0,0.0
78451,2,"preopst,stress",0.4,0.45,0.5,2117075.630001984,0.0,2117075.630001984,2764125.060013422,846830.2520007937,952684.0335008928,1058537.815000992,291172.24350514705
78452,2,"preopst,stress",0.4,0.45,0.5,251875907.60094687,0.0,251875907.60094687,322548979.41937274,100750363.04037875,113344158.4204261,125937953.80047344,31802882.318291634
78453,2,"preopst,stress",0.4,0.45,0.5,33815.659999507,0.0,33815.659999507,44207.66000040899,13526.2639998028,15217.04699977815,16907.8299997535,4676.400000405896
78454,2,"preopst,stress",0.4,0.45,0.5,231915.43000011,0.0,231915.43000011,310375.100000125,92766.17200004401,104361.9435000495,115957.715000055,35306.85150000677
78460,2,"preopst,stress",0.4,0.45,0.5,0.0,0.0,0.0,0.0,0.0,0.0,0.0,0.0
78461,2,"preopst,stress",0.4,0.45,0.5,0.0,0.0,0.0,0.0,0.0,0.0,0.0,0.0
78464,2,"preopst,stress",0.4,0.45,0.5,0.0,0.0,0.0,0.0,0.0,0.0,0.0,0.0
78465,2,"preopst,stress",0.4,0.45,0.5,0.0,0.0,0.0,0.0,0.0,0.0,0.0,0.0
78472,2,"preopst,stress",0.4,0.45,0.5,746436.340005408,0.0,746436.340005408,965339.300004066,298574.53600216325,335896.3530024336,373218.170002704,98506.33199939609
78473,2,"preopst,stress",0.4,0.45,0.5,41331.929999516,0.0,41331.929999516,53478.81000058501,16532.771999806402,18599.368499782202,20665.964999758,5466.096000481051
78481,2,"preopst,stress",0.4,0.45,0.5,85766.18000078,0.0,85766.18000078,110156.18000146,34306.472000312,38594.781000351,42883.09000039,10975.500000305998
78483,2,"preopst,stress",0.4,0.45,0.5,8145.200000067,0.0,8145.200000067,10237.530000045,3258.0800000268,3665.34000003015,4072.6000000335,941.5484999901009
78491,2,"preopst,stress",0.4,0.45,0.5,124065.150000654,0.0,124065.150000654,156654.519999182,49626.060000261605,55829.3175002943,62032.575000327,14665.216499337592
78492,2,"preopst,stress",0.4,0.45,0.5,104906262.94319408,0.0,104906262.94319408,131983052.70442487,41962505.17727763,47207818.324437335,52453131.47159704,12184555.392553858
81240,1,hyperco,0.35,0.35,0.35,516724.9799986101,0.0,516724.9799986101,516724.9799986101,180853.74299951352,180853.74299951352,180853.74299951352,0.0
81241,1,hyperco,0.35,0.35,0.35,1551127.560009,0.0,1551127.560009,1551127.560009,542894.6460031499,542894.6460031499,542894.6460031499,0.0
82270,2,"cncr,colon",0.1,0.125,0.15,566156.7800052505,0.0,566156.7800052505,566156.7800052505,56615.67800052505,70769.59750065631,84923.51700078757,0.0
82652,1,vitd,0.35,0.35,0.35,6197808.480000336,0.0,6197808.480000336,6197808.480000336,2169232.968000117,2169232.968000117,2169232.968000117,0.0
83090,2,"homocy,hyperco",0.35,0.55,0.75,4452943.689896139,0.0,4452943.689896139,4452943.689896139,1558530.2914636487,2449119.029442877,3339707.7674221043,0.0
83970,1,pth,0.4,0.4,0.4,69721721.9803886,0.0,69721721.9803886,69721721.9803886,27888688.79215544,27888688.79215544,27888688.79215544,0.0
84152,2,"cncr,psa",0.1,0.45,0.8,154716.499998646,0.0,154716.499998646,154716.499998646,15471.649999864601,69622.4249993907,123773.19999891681,0.0
84153,2,"cncr,psa",0.1,0.45,0.8,57487009.12157839,0.0,57487009.12157839,57487049.58141823,5748700.912157839,25869154.104710273,45989607.29726271,18.206927932798862
84154,2,"cncr,psa",0.1,0.45,0.8,8546011.539778912,0.0,8546011.539778912,8546011.539778912,854601.1539778913,3845705.1929005105,6836809.2318231305,0.0
84480,1,t3,0.5,0.5,0.5,8135039.159932447,0.0,8135039.159932447,8135039.159932447,4067519.5799662233,4067519.5799662233,4067519.5799662233,0.0
84481,1,t3,0.5,0.5,0.5,24624052.520419665,0.0,24624052.520419665,24624055.91050378,12312026.260209832,12312026.260209832,12312026.260209832,1.6950420569628477
85300,1,hyperco,0.35,0.35,0.35,180216.399992493,0.0,180216.399992493,180216.399992493,63075.73999737255,63075.73999737255,63075.73999737255,0.0
85303,1,hyperco,0.35,0.35,0.35,220743.019995592,0.0,220743.019995592,220743.019995592,77260.05699845719,77260.05699845719,77260.05699845719,0.0
85306,1,hyperco,0.35,0.35,0.35,321783.14000574604,0.0,321783.14000574604,321783.14000574604,112624.0990020111,112624.0990020111,112624.0990020111,0.0
85613,1,hyperco,0.35,0.35,0.35,508808.450001688,0.0,508808.450001688,508808.450001688,178082.95750059077,178082.95750059077,178082.95750059077,0.0
86147,1,hyperco,0.35,0.35,0.35,5767292.879900753,0.0,5767292.879900753,5767292.879900753,2018552.5079652632,2018552.5079652632,2018552.5079652632,0.0
92920,1,pci,0.45,0.45,0.45,6555008.97005974,24667125.11999992,31222134.09005966,38973827.69999924,14049960.340526847,14049960.340526847,14049960.340526847,3488262.1244728137
92924,1,pci,0.45,0.45,0.45,693308.72999316,5989354.989999995,6682663.7199931545,7819067.780004933,3007198.6739969198,3007198.6739969198,3007198.6739969198,511381.82700529974
92928,1,pci,0.45,0.45,0.45,81689281.20950831,30221746.360000007,111911027.56950831,138616742.12011075,50359962.406278744,50359962.406278744,50359962.406278744,12017571.547771096
92933,1,pci,0.45,0.45,0.45,6627529.429953991,4085783.759999976,10713313.189953966,12854872.929972744,4820990.935479285,4820990.935479285,4820990.935479285,963701.8830084493
92937,1,pci,0.45,0.45,0.45,4545184.28995555,5172782.230000008,9717966.519955557,11853999.710047532,4373084.933980001,4373084.933980001,4373084.933980001,961214.9355413886
92943,1,pci,0.45,0.45,0.45,3497487.57001728,9114352.929999994,12611840.500017274,15156458.119984664,5675328.225007773,5675328.225007773,5675328.225007773,1145077.9289853256
92980,1,pci,0.45,0.45,0.45,0.0,0.0,0.0,0.0,0.0,0.0,0.0,0.0
92982,1,pci,0.45,0.45,0.45,0.0,0.0,0.0,0.0,0.0,0.0,0.0,0.0
93015,2,"preopst,stress",0.4,0.45,0.5,41816852.870036095,0.0,41816852.870036095,53501292.02989476,16726741.14801444,18817583.791516244,20908426.435018048,5257997.6219363995
93016,2,"preopst,stress",0.4,0.45,0.5,11915863.409762004,0.0,11915863.409762004,15762198.089954255,4766345.363904802,5362138.534392902,5957931.704881002,1730850.606086513
93017,2,"preopst,stress",0.4,0.45,0.5,1766216.1200338202,0.0,1766216.1200338202,2268667.109974356,706486.4480135281,794797.254015219,883108.0600169101,226102.94547324115
93018,2,"preopst,stress",0.4,0.45,0.5,9525099.869935222,0.0,9525099.869935222,12519297.269685522,3810039.947974089,4286294.94147085,4762549.934967611,1347388.829887635
93303,1,preopec,0.5,0.5,0.5,1070355.099988332,0.0,1070355.099988332,1451514.60000471,535177.549994166,535177.549994166,535177.549994166,190579.750008189
93304,1,preopec,0.5,0.5,0.5,60477.529999477,0.0,60477.529999477,82416.520001018,30238.7649997385,30238.7649997385,30238.7649997385,10969.495000770497
93306,1,preopec,0.5,0.5,0.5,579660097.00476,0.0,579660097.00476,772148355.1176388,289830048.50238,289830048.50238,289830048.50238,96244129.0564394
93307,1,preopec,0.5,0.5,0.5,976755.22999599,0.0,976755.22999599,1281308.440008768,488377.614997995,488377.614997995,488377.614997995,152276.60500638903
93308,1,preopec,0.5,0.5,0.5,13106911.840059169,0.0,13106911.840059169,16997732.959837116,6553455.920029584,6553455.920029584,6553455.920029584,1945410.5598889738
93312,1,preopec,0.5,0.5,0.5,27019971.25997517,0.0,27019971.25997517,34357636.880045995,13509985.629987584,13509985.629987584,13509985.629987584,3668832.810035413
93315,1,preopec,0.5,0.5,0.5,145544.230000014,0.0,145544.230000014,184764.19999698,72772.115000007,72772.115000007,72772.115000007,19609.984998482993
93318,1,preopec,0.5,0.5,0.5,81478.51000024399,0.0,81478.51000024399,104279.11000288,40739.25500012199,40739.25500012199,40739.25500012199,11400.300001318006
93350,2,"preopst,stress",0.4,0.45,0.5,3975133.670000453,0.0,3975133.670000453,5336302.300000748,1590053.4680001813,1788810.1515002039,1987566.8350002265,612525.8835001325
93351,2,"preopst,stress",0.4,0.45,0.5,25378298.18954325,0.0,25378298.18954325,33673205.74997141,10151319.275817301,11420234.185294462,12689149.094771625,3732708.4021926727
93503,1,rhcath,0.55,0.55,0.55,3341003.18000004,47866.55999999997,3388869.74000004,4251928.990015154,1863878.357000022,1863878.357000022,1863878.357000022,474682.58750831266
93880,2,"ctdasym,ctdsync",0.55,0.55,0.55,163248806.45602468,0.0,163248806.45602468,216412238.5095616,89786843.55081359,89786843.55081359,89786843.55081359,29239887.6294453
93882,2,"ctdasym,ctdsync",0.55,0.55,0.55,1680822.319996844,0.0,1680822.319996844,2284272.080014896,924452.2759982643,924452.2759982643,924452.2759982643,331897.3680099286
94010,1,pft,0.5,0.5,0.5,13592536.019744104,0.0,13592536.019744104,18124491.33019498,6796268.009872052,6796268.009872052,6796268.009872052,2265977.655225438
95812,1,eeg,0.55,0.55,0.55,2702851.799972608,0.0,2702851.799972608,3460499.97996643,1486568.4899849347,1486568.4899849347,1486568.4899849347,416706.4989966019
95813,1,eeg,0.55,0.55,0.55,3958653.43000812,0.0,3958653.43000812,5065109.529978749,2177259.386504466,2177259.386504466,2177259.386504466,608550.8549838462
95816,1,eeg,0.55,0.55,0.55,46503879.76045576,0.0,46503879.76045576,59082764.22007292,25577133.868250668,25577133.868250668,25577133.868250668,6918386.452789441
95819,1,eeg,0.55,0.55,0.55,27928619.039854027,0.0,27928619.039854027,35638132.19022598,15360740.471919715,15360740.471919715,15360740.471919715,4240232.232704576
95822,1,eeg,0.55,0.55,0.55,951625.740003372,0.0,951625.740003372,1210916.120006376,523394.1570018546,523394.1570018546,523394.1570018546,142609.7090016522
95827,1,eeg,0.55,0.55,0.55,0.0,0.0,0.0,0.0,0.0,0.0,0.0,0.0
95830,1,eeg,0.55,0.55,0.55,7601.19000002,0.0,7601.19000002,9508.49999998,4180.654500011001,4180.654500011001,4180.654500011001,1049.0204999779999
95957,1,eeg,0.55,0.55,0.55,5950095.42999434,0.0,5950095.42999434,7487916.64006022,3272552.486496887,3272552.486496887,3272552.486496887,845801.6655362342
C9600,1,pci,0.45,0.45,0.45,17643785.139845997,722523460.6599998,740167245.7998458,876243566.529962,333075260.60993063,333075260.60993063,333075260.60993063,61234344.328552246
C9602,1,pci,0.45,0.45,0.45,0.0,88883091.84999952,88883091.84999952,98113701.12999964,39997391.33249979,39997391.33249979,39997391.33249979,4153774.176000051
C9604,1,pci,0.45,0.45,0.45,0.0,33931369.45999996,33931369.45999996,40276972.39999965,15269116.256999984,15269116.256999984,15269116.256999984,2855521.3229998574
C9607,1,pci,0.45,0.45,0.45,0.0,56158665.82999989,56158665.82999989,61956452.00999973,25271399.62349995,25271399.62349995,25271399.62349995,2609003.7809999287
G0102,1,cncr,0.1,0.1,0.1,139031.180000116,0.0,139031.180000116,240387.8800049125,13903.1180000116,13903.1180000116,13903.1180000116,10135.670000479651
G0103,2,"cncr,psa",0.1,0.45,0.8,26093051.830902148,0.0,26093051.830902148,26093051.830902148,2609305.183090215,11741873.323905967,20874441.46472172,0.0
G0104,2,"cncr,colon",0.1,0.125,0.15,308383.510000628,0.0,308383.510000628,308383.510000628,30838.3510000628,38547.9387500785,46257.5265000942,0.0
G0105,2,"cncr,colon",0.1,0.125,0.15,113448236.3482424,0.0,113448236.3482424,113448236.3482424,11344823.63482424,14181029.5435303,17017235.452236358,0.0
G0106,2,"cncr,colon",0.1,0.125,0.15,0.0,0.0,0.0,0.0,0.0,0.0,0.0,0.0
G0120,2,"cncr,colon",0.1,0.125,0.15,1807.379999997,0.0,1807.379999997,2264.060000004,180.7379999997,225.922499999625,271.10699999955,57.085000000875
G0121,2,"cncr,colon",0.1,0.125,0.15,79982046.58121292,0.0,79982046.58121292,79982046.58121292,7998204.6581212925,9997755.822651615,11997306.987181937,0.0
G0122,2,"cncr,colon",0.1,0.125,0.15,0.0,0.0,0.0,0.0,0.0,0.0,0.0,0.0
G0123,2,"cerv,cncr",0.1,0.15000000000000002,0.2,1058717.849980536,0.0,1058717.849980536,1058717.849980536,105871.7849980536,158807.6774970804,211743.5699961072,0.0
G0124,2,"cerv,cncr",0.1,0.15000000000000002,0.2,803037.320001878,0.0,803037.320001878,810519.490005911,80303.7320001878,120455.59800028171,160607.4640003756,1122.3255006049585
G0141,2,"cerv,cncr",0.1,0.15000000000000002,0.2,40227.539999415,0.0,40227.539999415,40227.539999415,4022.7539999415003,6034.13099991225,8045.507999883001,0.0
G0143,2,"cerv,cncr",0.1,0.15000000000000002,0.2,6600.990000000001,0.0,6600.990000000001,6600.990000000001,660.0990000000002,990.1485000000002,1320.1980000000003,0.0
G0144,2,"cerv,cncr",0.1,0.15000000000000002,0.2,37962.29,0.0,37962.29,37962.29,3796.2290000000003,5694.343500000001,7592.4580000000005,0.0
G0145,2,"cerv,cncr",0.1,0.15000000000000002,0.2,8905399.020172995,0.0,8905399.020172995,8905399.020172995,890539.9020172996,1335809.8530259493,1781079.804034599,0.0
G0147,2,"cerv,cncr",0.1,0.15000000000000002,0.2,949.76,0.0,949.76,949.76,94.976,142.46400000000003,189.952,0.0
G0148,2,"cerv,cncr",0.1,0.15000000000000002,0.2,0.0,0.0,0.0,0.0,0.0,0.0,0.0,0.0
G0202,1,cncr,0.1,0.1,0.1,0.0,0.0,0.0,0.0,0.0,0.0,0.0,0.0
G0289,1,arth,0.65,0.65,0.65,156350.50000039997,0.0,156350.50000039997,195854.30999987,101627.82500025998,101627.82500025998,101627.82500025998,25677.476499655517
G0290,1,pci,0.45,0.45,0.45,0.0,0.0,0.0,0.0,0.0,0.0,0.0,0.0
G0328,2,"cncr,colon",0.1,0.125,0.15,6214294.790201975,0.0,6214294.790201975,6214294.790201975,621429.4790201975,776786.8487752469,932144.2185302962,0.0
P3000,2,"cerv,cncr",0.1,0.15000000000000002,0.2,16184.44000036,0.0,16184.44000036,16184.44000036,1618.444000036,2427.6660000540005,3236.888000072,0.0
P3001,2,"cerv,cncr",0.1,0.15000000000000002,0.2,16359.410000082,0.0,16359.410000082,16459.08000015,1635.9410000082,2453.9115000123,3271.8820000164,14.950500010199903
Q0091,2,"cerv,cncr",0.1,0.15000000000000002,0.2,16519193.840126762,0.0,16519193.840126762,16519193.840126762,1651919.3840126763,2477879.0760190147,3303838.7680253526,0.0
