key,ACK_ID,participants,fund_type,broker_tot,broker_comm,broker_fees,premium,covered,sc_total,sc_direct,sc_indirect,broker_pct,admin_per_p
161291766|520,20240618095431NAL0002010769001,369.0,mixed,3483.0,3244.0,239.0,2183946.0,421.0,10576.0,10576.0,0.0,0.001594819652134256,28.661246612466126
383397595|501,20240701115506NAL0003783681002,183.0,fully_insured,29335.0,28495.0,840.0,577608.0,104.0,49907.0,49907.0,0.0,0.050787038960679216,272.7158469945355
873522010|501,20240701205506NAL0006311952001,149.0,mixed,23108.0,3362.0,19746.0,1927843.0,372.0,9230.0,9230.0,0.0,0.011986453253714125,61.946308724832214
832296038|504,20240702124640NAL0010319554001,599.0,mixed,207634.0,206442.0,1192.0,4947055.0,1908.0,3249.0,3249.0,0.0,0.041971233390370635,5.424040066777963
436078303|501,20240701134008NAL0002826003002,34732.0,mixed,19176539.0,19176539.0,0.0,400774791.0,67427.0,1615004.0,1615004.0,0.0,0.047848665711112556,46.49902107566509
530196523|510,20240701110347NAL0003736865001,398.0,mixed,32252.0,32252.0,0.0,225131.0,397.0,272897.0,272897.0,0.0,0.14325881375732352,685.6708542713568
221753284|501,20240703103508NAL0006265185004,400.0,fully_insured,95120.0,26779.0,68341.0,765124.0,675.0,395518.0,395518.0,0.0,0.12431971811105128,988.795
383082107|501,20240703103508NAL0006265185006,115.0,fully_insured,40093.0,40093.0,0.0,1263527.0,228.0,57791.0,57791.0,0.0,0.031731019598314876,502.5304347826087
383014011|501,20240703103508NAL0006265185005,294.0,mixed,63737.0,61457.0,2280.0,2070446.0,505.0,114434.0,114434.0,0.0,0.03078418852749601,389.2312925170068
381629836|501,20240617111943NAL0001829856001,438.0,mixed,90109.0,86308.0,3801.0,2721020.0,683.0,7545.0,7545.0,0.0,0.03311589036464267,17.226027397260275
581943683|501,20240622144317NAL0005730800001,154.0,fully_insured,69377.0,0.0,69377.0,989982.0,173.0,66059.0,66059.0,0.0,0.07007905194235854,428.95454545454544
934004615|501,20240503144941NAL0029915553001,225.0,mixed,45009.0,3495.0,41514.0,469570.0,183.0,23224.0,23224.0,0.0,0.09585152373448048,103.21777777777778
570945509|501,20240618131135NAL0002204657001,239.0,mixed,61406.0,61406.0,0.0,2436872.0,238.0,14307.0,14307.0,0.0,0.02519869734643428,59.86192468619247
621310217|502,20240617113015NAL0001845488003,569.0,fully_insured,259420.0,30749.0,228671.0,3125434.0,900.0,249611.0,249611.0,0.0,0.08300287256105872,438.68365553602814
440545878|525,20240617153553NAL0001072627001,417.0,mixed,122900.0,81760.0,41140.0,4816669.0,357.0,29456.0,29456.0,0.0,0.025515558573777852,70.6378896882494
742139516|501,20240610114311NAL0057148466001,4047.0,fully_insured,25495.0,2268.0,23227.0,31222984.0,4006.0,41063.0,41063.0,0.0,0.00081654591374098,10.146528292562392
381599388|505,20240610115150NAL0014472275001,347.0,mixed,28228.0,21700.0,6528.0,623578.0,286.0,23579.0,21700.0,1879.0,0.04526779328327812,67.95100864553314
420279585|502,20240711151218NAL0033465298001,1769.0,mixed,88100.0,88100.0,0.0,19270341.0,2343.0,133824.0,66912.0,66912.0,0.0045717924763241085,75.64951950254381
201751466|501,20240419090116NAL0005931169001,192.0,mixed,64000.0,64000.0,0.0,451673.0,192.0,32541.0,32405.0,136.0,0.14169543010098012,169.484375
362170155|503,20240604160008NAL0031725312001,1299.0,mixed,137019.0,51131.0,85888.0,17986033.0,2166.0,64451.0,64451.0,0.0,0.007618077871868688,49.615858352578904
920042304|506,20240613085503NAL0014409251001,1368.0,fully_insured,93272.0,0.0,93272.0,19898771.0,1368.0,93272.0,93272.0,0.0,0.004687324659397306,68.18128654970761
450386653|501,20240604085542NAL0019195153001,712.0,mixed,9402.0,9288.0,114.0,4585840.0,797.0,24007.0,0.0,24007.0,0.0020502241683094044,33.717696629213485
410138390|501,20240611165533NAL0015359635001,115.0,mixed,14229.0,14229.0,0.0,653169.0,125.0,20773.0,20773.0,0.0,0.02178456111664822,180.63478260869564
630947302|501,20240530123017NAL0022637088001,192.0,mixed,76140.0,76140.0,0.0,1877084.0,628.0,1575.0,1575.0,0.0,0.040562915671328505,8.203125
351904483|502,20240711094038NAL0009232595001,321.0,fully_insured,109248.0,109248.0,0.0,2779524.0,237.0,15457.0,15457.0,0.0,0.03930457157412564,48.15264797507788
010100490|501,20240711094117NAL0018155985001,196.0,fully_insured,56280.0,56280.0,0.0,2968656.0,435.0,76662.0,76662.0,0.0,0.018958073956699597,391.1326530612245
570401494|501,20240605150212NAL0020998641001,152.0,mixed,12228.0,12228.0,0.0,516150.0,108.0,54639.0,33683.0,20956.0,0.023690787561755303,359.4671052631579
362914777|501,20240604142809NAL0019617041003,285.0,mixed,201851.0,99287.0,102564.0,682928.0,285.0,21995.0,21995.0,0.0,0.29556702902795023,77.17543859649123
261328487|501,20240611171844NAL0028416273001,93.0,fully_insured,2500.0,0.0,2500.0,810603.0,134.0,144472.0,144225.0,247.0,0.003084123794261803,1553.4623655913979
421527584|505,20240711163006NAL0016575297002,264.0,fully_insured,28551.0,28551.0,0.0,2213585.0,137.0,77055.0,77055.0,0.0,0.012898081618731605,291.875
590904473|501,20240514065254NAL0032925491001,3724.0,mixed,289217.0,172882.0,116335.0,1485789.0,3095.0,829327.0,829327.0,0.0,0.1946554995359368,222.69790547798067
205663915|501,20240529093236NAL0011809441001,1906.0,mixed,143221.0,17886.0,125335.0,1072746.0,2433.0,96324.0,48162.0,48162.0,0.13350877094857497,50.53725078698846
340968235|501,20240514053005NAL0045332960001,333.0,mixed,110612.0,73741.0,36871.0,2482202.0,252.0,14600.0,11910.0,2690.0,0.04456204611872845,43.84384384384384
311323837|501,20240514145400NAL0047605329001,201.0,mixed,186938.0,168492.0,18446.0,1979569.0,2105.0,29976.0,29976.0,0.0,0.09443368733294975,149.13432835820896
311323837|501,20240514145706NAL0033370339001,225.0,mixed,186938.0,168492.0,18446.0,1979569.0,2105.0,38075.0,38075.0,0.0,0.09443368733294975,169.22222222222223
311323837|501,20240514145707NAL0046252912001,257.0,mixed,186938.0,168492.0,18446.0,1979569.0,2105.0,46156.0,46156.0,0.0,0.09443368733294975,179.5953307392996
431326059|501,20240429133006NAL0011798353001,206.0,fully_insured,40524.0,40524.0,0.0,2514155.0,320.0,21229.0,21229.0,0.0,0.01611833797041153,103.05339805825243
851559210|501,20240708153354NAL0008064707001,88.0,mixed,47543.0,-71.0,47614.0,1877097.0,111.0,50082.0,50082.0,0.0,0.02532793989868398,569.1136363636364
752576978|501,20240709135151NAL0021112464001,9.0,mixed,3211.0,3211.0,0.0,35947.0,9.0,7544.0,7544.0,0.0,0.08932595209614154,838.2222222222222
381273676|502,20240510125543NAL0041554849001,82.0,mixed,4546.0,2782.0,1764.0,75818.0,84.0,99533.0,99533.0,0.0,0.059959376401382256,1213.8170731707316
111986323|501,20240422121223NAL0000081968001,1323.0,mixed,142638.0,134031.0,8607.0,801358.0,2854.0,16487.0,0.0,16487.0,0.17799535288847182,12.46182917611489
382849658|501,20240709131507NAL0027428242004,147.0,fully_insured,3562.0,1408.0,2154.0,2434323.0,299.0,39209.0,39209.0,0.0,0.00146324049848767,266.7278911564626
383289521|501,20240709131507NAL0027428242005,113.0,mixed,54332.0,53405.0,927.0,1003327.0,179.0,79930.0,79930.0,0.0,0.05415183683883719,707.3451327433628
381740297|501,20240709131507NAL0027428242003,78.0,fully_insured,28735.0,27784.0,951.0,557243.0,86.0,30130.0,30130.0,0.0,0.05156637230077363,386.28205128205127
911995556|502,20240710172512NAL0009848707001,175.0,mixed,48595.0,46375.0,2220.0,990125.0,148.0,67946.0,67946.0,0.0,0.04907966165888145,388.2628571428571
300747677|501,20240628150418NAL0000553859001,1002.0,mixed,30091.0,26360.0,3731.0,2765237.0,806.0,1247447.0,887468.0,359979.0,0.010881888243213874,1244.9570858283432
592128697|520,20240710104114NAL0009484099001,528.0,mixed,269968.0,269968.0,0.0,10058344.0,1566.0,25639.0,25639.0,0.0,0.026840203516602733,48.558712121212125
800717919|501,20240710132548NAL0014941121002,167.0,mixed,78651.0,78651.0,0.0,2247181.0,409.0,84866.0,84866.0,0.0,0.03499985092433587,508.1796407185629
760555667|501,20240425121340NAL0019388656002,493.0,mixed,46947.0,45211.0,1736.0,2336245.0,493.0,194416.0,194416.0,0.0,0.020095067084145712,394.3529411764706
383024767|504,20240709083006NAL0015118241002,456.0,fully_insured,67043.0,67043.0,0.0,2193447.0,456.0,67043.0,67043.0,0.0,0.030565133326677145,147.02412280701753
462116941|509,20240708165652NAL0007445155001,614.0,mixed,17704.0,17704.0,0.0,2876611.0,338.0,53811.0,53811.0,0.0,0.006154464402729462,87.6400651465798
237411014|502,20240709083111NAL0020604304001,167.0,fully_insured,61145.0,88.0,61057.0,1166755.0,167.0,61057.0,61057.0,0.0,0.052406032114711315,365.61077844311376
460547825|501,20240708111150NAL0019771792001,3.0,mixed,1242.0,1152.0,90.0,15407.0,3.0,654.0,654.0,0.0,0.08061270850911924,218.0
473635290|503,20240501084348NAL0026481858001,136.0,mixed,46248.0,0.0,46248.0,584744.0,141.0,46248.0,46248.0,0.0,0.07909102102800541,340.05882352941177
271893486|501,20240708154649NAL0008079331001,320.0,mixed,7600.0,7596.0,4.0,2760936.0,279.0,13835.0,13835.0,0.0,0.0027526896675620152,43.234375
611855879|501,20240710110620NAL0022692864001,448.0,fully_insured,103291.0,96200.0,7091.0,4720615.0,2160.0,5613.0,5613.0,0.0,0.021880835441992198,12.529017857142858
382706146|503,20240717093008NAL0003815601003,230.0,fully_insured,51963.0,16990.0,34973.0,254707.0,728.0,222437.0,222437.0,0.0,0.20401088309312268,967.1173913043478
363168081|501,20240717093035NAL0002262803001,1431.0,mixed,104280.0,104280.0,0.0,12289763.0,2115.0,79552.0,79552.0,0.0,0.008485110738099669,55.591893780573024
480847237|501,20240715084850NAL0000705731001,186.0,fully_insured,10158.0,9819.0,339.0,404414.0,281.0,123067.0,123067.0,0.0,0.025117824803295632,661.6505376344086
521708143|503,20240715134507NAL0001338385004,180.0,mixed,22225.0,22205.0,20.0,751546.0,172.0,604.0,604.0,0.0,0.02957237481138879,3.3555555555555556
463882269|501,20240715140513NAL0003651666001,386.0,mixed,50216.0,50216.0,0.0,280277.0,653.0,164279.0,164279.0,0.0,0.1791656111632421,425.59326424870466
260518421|501,20240715153125NAL0002806560002,559.0,mixed,153520.0,153520.0,0.0,8366498.0,1154.0,16991.0,16991.0,0.0,0.01834937389574467,30.3953488372093
381459365|511,20240715090949NAL0001070113001,174.0,fully_insured,83837.0,81340.0,2497.0,1535607.0,340.0,6231.0,6231.0,0.0,0.05459534894019108,35.810344827586206
222518284|501,20240716154339NAL0004873456001,642.0,mixed,72345.0,72345.0,0.0,2562057.0,250.0,10948.0,10948.0,0.0,0.028237076692673113,17.052959501557634
131826332|510,20240715120136NAL0001223665001,1140.0,mixed,419266.0,384266.0,35000.0,62537125.0,4693.0,56446.0,56446.0,0.0,0.006704273661445102,49.5140350877193
043170243|503,20240717081255NAL0008810098001,751.0,mixed,123750.0,96590.0,27160.0,9388103.0,1444.0,112792.0,112792.0,0.0,0.013181576725351224,150.18908122503328
362757956|510,20240712104303NAL0019684289001,764.0,mixed,109579.0,87560.0,22019.0,7417297.0,1680.0,11555.0,11555.0,0.0,0.014773441052717723,15.12434554973822
382095876|501,20240715142934NAL0000824547001,277.0,mixed,23349.0,23349.0,0.0,670233.0,277.0,123423.0,123423.0,0.0,0.034837138726383214,445.57039711191334
631180533|501,20240409163018NAL0012606067001,514.0,mixed,16706.0,16706.0,0.0,1270288.0,370.0,30797.0,30797.0,0.0,0.013151348355648483,59.916342412451364
486116600|501,20240408090805NAL0022172001001,126.0,self_insured,30910.0,30910.0,0.0,772764.0,120.0,100613.0,0.0,100613.0,0.03999927532856085,798.515873015873
810170300|502,20240523133636NAL0005271233001,801.0,mixed,10000.0,0.0,10000.0,4966568.0,798.0,300312.0,300312.0,0.0,0.0020134628177848365,374.92134831460675
200793410|501,20240516130342NAL0050456928001,1965.0,mixed,39076.0,39076.0,0.0,9827681.0,2496.0,189341.0,189341.0,0.0,0.00397611603388429,96.35674300254453
860124950|502,20240521144956NAL0002714897001,246.0,mixed,48329.0,0.0,48329.0,766510.0,181.0,70592.0,70592.0,0.0,0.06305071036255235,286.9593495934959
311149871|501,20240405091351NAL0017294513001,158.0,mixed,22383.0,15846.0,6537.0,85695.0,158.0,263621.0,255851.0,7770.0,0.26119376859793453,1668.487341772152
660600251|501,20240205084516NAL0018478755001,1286.0,fully_insured,107006.0,107006.0,0.0,943357.0,2623.0,38156.0,38156.0,0.0,0.11343107646415938,29.670295489891135
726073441|501,20240625095059NAL0010388880002,97.0,mixed,169190.0,169190.0,0.0,2033248.0,952.0,37167.0,37167.0,0.0,0.08321168888399251,383.16494845360825
726073441|501,20240625095059NAL0010388880001,108.0,mixed,169190.0,169190.0,0.0,2033248.0,952.0,39939.0,39939.0,0.0,0.08321168888399251,369.80555555555554
726073441|501,20240625095059NAL0010388880003,104.0,mixed,169190.0,169190.0,0.0,2033248.0,952.0,42287.0,42287.0,0.0,0.08321168888399251,406.6057692307692
726073441|501,20240625095059NAL0010388880005,118.0,mixed,169190.0,169190.0,0.0,2033248.0,952.0,267526.0,267526.0,0.0,0.08321168888399251,2267.169491525424
726073441|501,20240625095059NAL0010388880004,109.0,mixed,169190.0,169190.0,0.0,2033248.0,952.0,203922.0,203922.0,0.0,0.08321168888399251,1870.8440366972477
381859432|502,20240523080928NAL0010352082001,127.0,mixed,44347.0,43356.0,991.0,1330023.0,520.0,23237.0,23237.0,0.0,0.033343032413725174,182.96850393700788
562468829|501,20240523102305NAL0002419347001,1145.0,fully_insured,136828.0,116293.0,20535.0,11110496.0,2327.0,23421.0,23421.0,0.0,0.012315201769569963,20.455021834061135
135562167|503,20240521122622NAL0001325763001,230.0,mixed,13575.0,13575.0,0.0,169398.0,77.0,992748.0,986096.0,6652.0,0.08013671944178798,4316.295652173913
381438667|501,20240522160212NAL0002180051002,390.0,fully_insured,84610.0,84610.0,0.0,295293.0,1451.0,20536.0,20536.0,0.0,0.2865289729184234,52.656410256410254
381141440|504,20240522160212NAL0002180051001,929.0,mixed,68052.0,55137.0,12915.0,603767.0,3766.0,965224.0,965224.0,0.0,0.11271235426911375,1038.9924650161463
420818682|508,20240706115523NAL0006660003001,396.0,fully_insured,36524.0,36524.0,0.0,3002792.0,450.0,122104.0,122104.0,0.0,0.012163346645388692,308.34343434343435
390698170|501,20240705104645NAL0010070273001,1673.0,mixed,133868.0,115082.0,18786.0,1315055.0,1679.0,6886535.0,6864569.0,21966.0,0.10179650280786735,4116.279139270771
542017905|501,20240723122517NAL0007268723001,394.0,mixed,12051.0,12051.0,0.0,722369.0,394.0,119159.0,119159.0,0.0,0.016682609580422194,302.43401015228426
870217645|501,20241014102556NAL0013131219001,662.0,mixed,33257.0,33257.0,0.0,533770.0,675.0,417638.0,417638.0,0.0,0.062305862075425746,630.8731117824774
411960764|501,20241014103939NAL0045648496001,6496.0,mixed,787733.0,581687.0,206046.0,68203038.0,17188.0,798608.0,798608.0,0.0,0.011549822751297383,122.9384236453202
361976810|501,20240718134102NAL0003475667001,1003.0,mixed,30865.0,30865.0,0.0,9677974.0,1003.0,12511.0,12511.0,0.0,0.0031892005496191663,12.47357926221336
381878678|501,20240723154507NAL0011603217001,116.0,mixed,104300.0,96955.0,7345.0,1181402.0,313.0,104301.0,104301.0,0.0,0.08828493603362784,899.1465517241379
590873652|505,20240718112524NAL0003115747001,260.0,mixed,99800.0,99800.0,0.0,646453.0,697.0,29910.0,29910.0,0.0,0.1543809062685145,115.03846153846153
223722243|505,20241003110007NAL0005665987001,281.0,mixed,68523.0,0.0,68523.0,1537451.0,226.0,10025.0,10025.0,0.0,0.04456922529563544,35.67615658362989
362035026|521,20241014135138NAL0046237712001,762.0,mixed,32269.0,0.0,32269.0,5318996.0,828.0,353715.0,353715.0,0.0,0.006066746431093387,464.1929133858268
542062249|501,20240723131121NAL0006624387001,309.0,mixed,126982.0,121842.0,5140.0,29747713.0,544.0,9888.0,9888.0,0.0,0.004268630667507112,32.0
383457979|501,20240723093309NAL0006480243002,775.0,fully_insured,127486.0,126906.0,580.0,4567268.0,1243.0,34163.0,23736.0,10427.0,0.027912966788898746,44.08129032258064
710356499|501,20241001152617NAL0007370481003,161.0,mixed,79250.0,0.0,79250.0,561713.0,128.0,101742.0,101742.0,0.0,0.141086284276846,631.9378881987577
873227442|504,20240718142204NAL0003235555001,139.0,mixed,74168.0,0.0,74168.0,2070121.0,206.0,74622.0,74622.0,0.0,0.03582785740543669,536.8489208633093
383198397|501,20240809083005NAL0006042705001,450.0,fully_insured,235267.0,233221.0,2046.0,2193447.0,1161.0,289889.0,289889.0,0.0,0.10725903110492298,644.1977777777778
870440163|501,20241014101807NAL0013117219001,21482.0,mixed,9662.0,9662.0,0.0,193239.0,1052.0,8655955.0,8655955.0,0.0,0.050000258746940314,402.93990317475095
750962666|501,20240723123952NAL0011274193003,456.0,self_insured,93808.0,53470.0,40338.0,5395894.0,915.0,53470.0,53470.0,0.0,0.01738507094468498,117.25877192982456
166192220|501,20241014101834NAL0013117955001,791.0,mixed,46005.0,46005.0,0.0,1113317.0,89.0,381552.0,381552.0,0.0,0.041322462515168634,482.36662452591656
952051630|502,20240926082109NAL0000449409003,25459.0,mixed,821266.0,821266.0,0.0,89691339.0,17082.0,10853736.0,10853736.0,0.0,0.00915658088235253,426.3221650496877
141799233|501,20240810160425NAL0007725697001,502.0,mixed,9582.0,9582.0,0.0,1084776.0,1074.0,221354.0,221354.0,0.0,0.008833160025664285,440.9442231075697
020325043|501,20240802141406NAL0025025233001,142.0,fully_insured,239796.0,172374.0,67422.0,2692164.0,587.0,27706.0,27706.0,0.0,0.08907183960561095,195.11267605633802
020325043|501,20240802141450NAL0038066832001,132.0,fully_insured,239796.0,172374.0,67422.0,2692164.0,587.0,29519.0,29519.0,0.0,0.08907183960561095,223.62878787878788
160770183|520,20241014103205NAL0027034353001,204.0,mixed,63897.0,63897.0,0.0,1659859.0,137.0,5944.0,5944.0,0.0,0.038495438467966256,29.137254901960784
396046865|501,20241014102014NAL0051843282001,3107.0,mixed,312498.0,312498.0,0.0,3194676.0,2287.0,254900.0,254900.0,0.0,0.09781837031360927,82.04055358867075
231599610|501,20240802115029NAL0051849074001,429.0,mixed,17507.0,17507.0,0.0,19003315.0,850.0,5136.0,5136.0,0.0,0.0009212603169499637,11.972027972027972
465158653|501,20240718102858NAL0009392992001,826.0,mixed,89976.0,86328.0,3648.0,4616994.0,1372.0,158042.0,158042.0,0.0,0.019488004532819406,191.33414043583534
470321480|505,20240926172402NAL0001113889001,692.0,mixed,7345.0,7345.0,0.0,1063320.0,2101.0,728223.0,321589.0,406634.0,0.006907610126772749,1052.3453757225434
472592811|540,20240820082953NAL0001357523001,1455.0,mixed,153664.0,153664.0,0.0,7532528.0,692.0,535089.0,535089.0,0.0,0.02040005692643957,367.75876288659794
381810810|501,20240820083006NAL0001357603001,115.0,mixed,30098.0,30098.0,0.0,752451.0,137.0,7163.0,4895.0,2268.0,0.039999946840392264,62.28695652173913
010691758|501,20240718140150NAL0005659889001,413.0,mixed,60560.0,60288.0,272.0,5576645.0,2037.0,38535.0,38535.0,0.0,0.010859575963684259,93.30508474576271
470540863|502,20240718143446NAL0003534547001,155.0,fully_insured,7122.0,4550.0,2572.0,87933.0,201.0,127868.0,127868.0,0.0,0.0809934836750708,824.9548387096775
621199969|501,20240927134356NAL0001294979002,240.0,fully_insured,268342.0,0.0,268342.0,2736029.0,524.0,300967.0,300967.0,0.0,0.09807717681354985,1254.0291666666667
202316013|501,20241003102459NAL0004784659001,414.0,mixed,87828.0,87828.0,0.0,2286572.0,414.0,3690.0,3690.0,0.0,0.03841033652122041,8.91304347826087
362167808|522,20240730154705NAL0032282192001,1241.0,mixed,479043.0,376103.0,102940.0,14410964.0,6334.0,26095.0,26095.0,0.0,0.03324156524157579,21.027397260273972
710681030|501,20240730154803NAL0034779136002,545.0,mixed,62515.0,62515.0,0.0,625146.0,566.0,628635.0,21682.0,606953.0,0.10000063985053091,1153.4587155963302
160743209|517,20240725093752NAL0023711200001,18530.0,mixed,65903.0,65903.0,0.0,1824594.0,205.0,7903191.0,7903191.0,0.0,0.036119268176920453,426.5078791149487
841600418|501,20241011115840NAL0044212082001,1113.0,mixed,18860.0,18860.0,0.0,532163.0,1955.0,1041637.0,1041637.0,0.0,0.035440269240815316,935.8823000898473
943302567|501,20240730105303NAL0011745459001,15388.0,mixed,50455.0,50455.0,0.0,953126.0,1355.0,8825393.0,8825393.0,0.0,0.05293633790285859,573.5243696386794
631196441|502,20240724092933NAL0012774657001,314.0,mixed,71851.0,6686.0,65165.0,2703581.0,441.0,57489.0,57489.0,0.0,0.026576233521392552,183.0859872611465
030190150|501,20240731151846NAL0022541921001,164.0,fully_insured,11814.0,11814.0,0.0,58196.0,166.0,114193.0,114193.0,0.0,0.20300364286205239,696.2987804878048
522069785|501,20241011083248NAL0022415873001,389.0,mixed,395364.0,395364.0,0.0,12928943.0,1219.0,6851.0,6851.0,0.0,0.030579762011480754,17.611825192802055
362177139|510,20241011092404NAL0012322963001,27591.0,mixed,269839.0,225755.0,44084.0,95022616.0,16032.0,90201.0,90201.0,0.0,0.0028397344901554804,3.269218223333696
250965557|502,20240729155826NAL0032438400001,268.0,fully_insured,29042.0,0.0,29042.0,4679035.0,590.0,57784.0,57784.0,0.0,0.006206835383791743,215.61194029850745
380900420|501,20241011143043NAL0022041793001,185.0,mixed,33824.0,33824.0,0.0,2223671.0,467.0,10062.0,9477.0,585.0,0.015210883264655608,54.38918918918919
660227304|501,20240729074331NAL0031645808001,558.0,fully_insured,93930.0,93930.0,0.0,2087326.0,558.0,21854.0,21854.0,0.0,0.04500015809701024,39.16487455197132
941631996|502,20240724130136NAL0020346512001,314.0,mixed,68942.0,68942.0,0.0,342588.0,218.0,126928.0,126928.0,0.0,0.2012388057958831,404.22929936305735
631097581|501,20240725075256NAL0014129009001,175.0,mixed,43898.0,43898.0,0.0,1152891.0,331.0,5016.0,5016.0,0.0,0.038076453021144235,28.662857142857142
660649625|501,20240731143732NAL0021695361001,2365.0,fully_insured,205613.0,205613.0,0.0,7528141.0,2365.0,6133150.0,6081141.0,52009.0,0.02731258620156025,2593.2980972515857
452116751|503,20240731150905NAL0047206066004,933.0,mixed,5026.0,3357.0,1669.0,535875.0,1925.0,803345.0,803345.0,0.0,0.009379052950781432,861.0342979635584
364847532|501,20241011110134NAL0036729360001,717.0,mixed,19630.0,19630.0,0.0,681570.0,1190.0,702834.0,702834.0,0.0,0.02880115028537054,980.2426778242677
420310580|505,20240725124506NAL0014083153002,475.0,mixed,90158.0,8348.0,81810.0,3842538.0,843.0,43670.0,43670.0,0.0,0.023463138165452105,91.93684210526315
050147010|501,20240726141819NAL0016139409001,3303.0,mixed,114981.0,114981.0,0.0,35342855.0,6207.0,79336.0,79336.0,0.0,0.0032533025416311163,24.019376324553438
420645088|507,20241011141643NAL0022019233003,497.0,mixed,45705.0,43776.0,1929.0,4321723.0,1828.0,7218.0,7218.0,0.0,0.010575643094201085,14.523138832997988
133871360|501,20240729125605NAL0012523059001,654.0,mixed,308153.0,13240.0,294913.0,5741710.0,582.0,17996.0,17996.0,0.0,0.05366920307713208,27.516819571865444
510002130|501,20240725135919NAL0014602865001,116.0,mixed,38617.0,0.0,38617.0,677817.0,136.0,44320.0,44320.0,0.0,0.056972604700088664,382.0689655172414
381686050|501,20240726144511NAL0009077827001,403.0,mixed,61542.0,57584.0,3958.0,3874315.0,678.0,5196.0,5196.0,0.0,0.01588461444152063,12.893300248138958
262537582|502,20240728225203NAL0018963649001,175.0,mixed,34310.0,34310.0,0.0,544868.0,180.0,232436.0,196975.0,35461.0,0.06296937973968007,1328.2057142857143
462399755|501,20240729164703NAL0019697473001,191.0,fully_insured,159257.0,51255.0,108002.0,726674.0,0.0,124145.0,124145.0,0.0,0.21915879748002542,649.9738219895288
570283944|501,20240731095702NAL0022041553001,414.0,mixed,70907.0,70907.0,0.0,2531992.0,392.0,240539.0,240539.0,0.0,0.028004432873405604,581.012077294686
941009696|515,20240724193710NAL0021376976001,5388.0,mixed,1226.0,1226.0,0.0,3905653.0,15718.0,8359778.0,8359778.0,0.0,0.00031390397457224184,1551.5549368968077
561239384|502,20240801125837NAL0015204387004,195.0,mixed,75668.0,34970.0,40698.0,311796.0,119.0,40698.0,40698.0,0.0,0.2426843192343712,208.7076923076923
237105550|501,20240821134215NAL0007066352001,301.0,mixed,62986.0,62986.0,0.0,1588487.0,207.0,46518.0,46518.0,0.0,0.03965156781264184,154.54485049833886
136213516|501,20240729125658NAL0012523507001,603.0,mixed,284449.0,12222.0,272227.0,5300040.0,538.0,16612.0,16612.0,0.0,0.053669217590810635,27.548922056384743
470355979|501,20240731120038NAL0022182961001,1678.0,mixed,41969.0,0.0,41969.0,24396117.0,3036.0,916495.0,880317.0,36178.0,0.0017203147533683331,546.1829558998808
910462347|502,20240730133625NAL0020085937005,1004.0,mixed,20629.0,0.0,20629.0,528573.0,1004.0,637215.0,637215.0,0.0,0.0390277218094757,634.6762948207171
581730881|501,20240731122712NAL0012670003001,1407.0,fully_insured,202793.0,202793.0,0.0,2390900.0,1149.0,1912321.0,712834.0,1199487.0,0.08481868752352671,1359.1478322672353
020325043|501,20240731083922NAL0012534195001,176.0,fully_insured,239796.0,172374.0,67422.0,2692164.0,587.0,29522.0,29522.0,0.0,0.08907183960561095,167.73863636363637
131788491|501,20240731101602NAL0021329649001,4130.0,mixed,16910.0,0.0,16910.0,4935537.0,2909.0,11540718.0,11413625.0,127093.0,0.003426172268590024,2794.3627118644067
310971399|509,20240729065418NAL0018542049001,182.0,mixed,45332.0,45332.0,0.0,2429466.0,135.0,2611.0,2611.0,0.0,0.01865924445948204,14.346153846153847
160908242|554,20240730101440NAL0019867457001,314.0,fully_insured,4038.0,4038.0,0.0,387496.0,314.0,231903.0,231903.0,0.0,0.010420752730350764,738.5445859872611
990156159|514,20241011153839NAL0039340160001,2085.0,mixed,32770.0,32770.0,0.0,17172626.0,3792.0,311915.0,311915.0,0.0,0.001908269591383403,149.59952038369303
273615836|503,20240729112842NAL0019267953001,60.0,fully_insured,8109.0,7713.0,396.0,259868.0,60.0,15426.0,7713.0,7713.0,0.031204303723428816,257.1
232688382|501,20241011175847NAL0039730192001,2115.0,mixed,164975.0,126900.0,38075.0,1234424.0,420.0,623106.0,623106.0,0.0,0.13364532769939663,294.6127659574468
383456423|501,20240731123723NAL0014305699001,210.0,self_insured,9555.0,9555.0,0.0,204652.0,36.0,80581.0,80581.0,0.0,0.04668901354494459,383.7190476190476
383271446|501,20240731104507NAL0014247283009,79.0,fully_insured,22595.0,22220.0,375.0,568636.0,84.0,32146.0,32146.0,0.0,0.03973543708101492,406.9113924050633
383271450|501,20240731104507NAL0014247283008,99.0,fully_insured,53296.0,52769.0,527.0,1320390.0,187.0,63357.0,63357.0,0.0,0.040363831898151306,639.969696969697
570857357|501,20240725090209NAL0013832369001,465.0,mixed,80779.0,80779.0,0.0,2008366.0,279.0,200837.0,200837.0,0.0,0.040221254492458045,431.90752688172046
752404691|501,20240725090331NAL0009061747001,575.0,mixed,162427.0,162427.0,0.0,915333.0,997.0,399062.0,399062.0,0.0,0.17745126636972555,694.0208695652174
340714500|501,20240725161702NAL0014473201001,195.0,mixed,89563.0,47063.0,42500.0,2890600.0,196.0,23057.0,23057.0,0.0,0.030984224728430085,118.24102564102564
850020635|501,20241011173959NAL0012820579001,224.0,mixed,15196.0,0.0,15196.0,1804444.0,219.0,52823.0,52823.0,0.0,0.008421430645672573,235.81696428571428
901033513|501,20241012143820NAL0024573489002,139.0,fully_insured,82199.0,82199.0,0.0,1555192.0,269.0,110435.0,110435.0,0.0,0.052854567153123214,794.4964028776978
900629675|501,20240729135952NAL0018880017004,305.0,mixed,47112.0,46859.0,253.0,4484495.0,567.0,7664.0,7664.0,0.0,0.010505530723080303,25.127868852459017
440319750|501,20240729140008NAL0011102675001,309.0,mixed,103906.0,24000.0,79906.0,3761775.0,543.0,45450.0,45450.0,0.0,0.02762153504662028,147.0873786407767
570299686|501,20240730114508NAL0020645825004,294.0,mixed,81906.0,81906.0,0.0,2181597.0,268.0,2277.0,2277.0,0.0,0.037544056028679905,7.744897959183674
232228772|507,20240730100655NAL0011712211001,505.0,mixed,12061.0,2456.0,9605.0,5127946.0,366.0,58833.0,58833.0,0.0,0.002352013847259702,116.5009900990099
731134098|501,20240731091310NAL0021985089001,327.0,mixed,69858.0,63180.0,6678.0,2862591.0,327.0,8348.0,8348.0,0.0,0.02440376567941421,25.529051987767584
930805401|502,20240725130011NAL0022461504001,492.0,mixed,56784.0,0.0,56784.0,6213919.0,1101.0,21514.0,21514.0,0.0,0.009138194430921936,43.72764227642276
481088407|501,20240725130011NAL0022461504002,5949.0,mixed,440416.0,247200.0,193216.0,83857008.0,13854.0,294943.0,294943.0,0.0,0.0052519880031970615,49.57858463607329
580863313|502,20240726154054NAL0016300161001,287.0,mixed,26996.0,26996.0,0.0,1785568.0,395.0,10208.0,10208.0,0.0,0.015118998548361082,35.56794425087108
382502121|502,20240729095749NAL0012389299004,411.0,mixed,33764.0,33764.0,0.0,243557.0,841.0,336656.0,336656.0,0.0,0.13862873988429814,819.1143552311436
561978080|501,20240730080322NAL0031233392001,14.0,mixed,6080.0,6080.0,0.0,87216.0,14.0,7916.0,7916.0,0.0,0.06971197945331131,565.4285714285714
431403572|506,20240724161507NAL0020899632003,317.0,mixed,88029.0,29321.0,58708.0,2652363.0,497.0,62965.0,62965.0,0.0,0.03318889609001483,198.62776025236593
135565207|506,20241012155514NAL0011874771001,28299.0,mixed,146.0,0.0,146.0,565805.0,2404.0,21098162.0,21098162.0,0.0,0.00025803943054585944,745.544436199159
710312652|506,20240925161438NAL0025876320002,148.0,fully_insured,9664.0,9554.0,110.0,516621.0,167.0,20709.0,20709.0,0.0,0.018706169513047283,139.92567567567568
471352438|501,20240924082345NAL0012524017001,142.0,mixed,8218.0,8218.0,0.0,91309.0,0.0,61231.0,45886.0,15345.0,0.09000208084635687,431.2042253521127
611817540|501,20240719111823NAL0006756385001,210.0,fully_insured,85473.0,85473.0,0.0,837059.0,226.0,28640.0,28640.0,0.0,0.10211108177559766,136.38095238095238
561642500|501,20240903172002NAL0010693811001,73.0,mixed,28665.0,19808.0,8857.0,227905.0,73.0,13492.0,13426.0,66.0,0.12577609091507427,184.82191780821918
952856869|501,20240906130200NAL0000710003001,327.0,mixed,110157.0,110157.0,0.0,2458700.0,319.0,324350.0,324350.0,0.0,0.04480294464554439,991.8960244648318
380477270|502,20240913102503NAL0019539538001,7077.0,mixed,2170.0,2170.0,0.0,43406.0,7.0,7197501.0,7197501.0,0.0,0.04999308851310879,1017.0271301398898
251546810|501,20240903103608NAL0009175075001,468.0,fully_insured,172514.0,172514.0,0.0,5750470.0,651.0,7873.0,7873.0,0.0,0.029999982610117087,16.822649572649574
630139000|501,20240904081756NAL0019921185001,5877.0,mixed,19353.0,17541.0,1812.0,45861761.0,1416.0,2234894.0,2201219.0,33675.0,0.0004219855404156853,380.2780330100391
753048189|502,20240912112908NAL0014550528001,165.0,mixed,58920.0,58920.0,0.0,1219034.0,130.0,24284.0,24284.0,0.0,0.04833335247417217,147.1757575757576
810384581|502,20240910161459NAL0012064994003,116.0,mixed,19523.0,6299.0,13224.0,695092.0,340.0,37782.0,37782.0,0.0,0.02808692949997986,325.7068965517241
560677417|501,20240923131617NAL0004148899001,869.0,mixed,33288.0,33288.0,0.0,6137871.0,869.0,86700.0,71224.0,15476.0,0.0054233788882171036,99.76985040276179
561252941|507,20240924120745NAL0012943905002,213.0,fully_insured,66600.0,66600.0,0.0,442455.0,213.0,120779.0,120779.0,0.0,0.1505237820795335,567.037558685446
560530251|505,20240904105040NAL0009704179001,293.0,mixed,62356.0,62356.0,0.0,561981.0,406.0,5648.0,5648.0,0.0,0.11095748788660115,19.27645051194539
341127919|510,20240924074418NAL0007270755001,125.0,mixed,107059.0,88451.0,18608.0,383716.0,1277.0,37973.0,37973.0,0.0,0.27900582722638617,303.784
561630404|501,20240719125232NAL0007172465001,343.0,mixed,36875.0,36875.0,0.0,589753.0,590.0,95522.0,95522.0,0.0,0.06252617621275347,278.48979591836735
341607498|501,20240912142006NAL0010247137001,185.0,mixed,7536.0,7536.0,0.0,1286836.0,195.0,154526.0,154526.0,0.0,0.00585622410314912,835.2756756756756
133386744|501,20240719143910NAL0006994929001,149.0,fully_insured,24089.0,16085.0,8004.0,459552.0,78.0,99730.0,75641.0,24089.0,0.05241844230903141,669.3288590604027
730785982|501,20240719163254NAL0004086579001,682.0,fully_insured,186077.0,186077.0,0.0,3444999.0,682.0,222037.0,207776.0,14261.0,0.05401365863966869,325.5674486803519
382806132|501,20240911144656NAL0007190977001,2108.0,mixed,51973.0,51973.0,0.0,1490378.0,290.0,22560.0,11331.0,11229.0,0.034872361239900215,10.702087286527513
382740431|502,20240911123007NAL0003640211001,174.0,fully_insured,41246.0,41246.0,0.0,1510552.0,246.0,54196.0,54196.0,0.0,0.02730525000132402,311.4712643678161
571112798|501,20241126134504NAL0003645891001,806.0,mixed,163708.0,163708.0,0.0,7152221.0,735.0,32571.0,32571.0,0.0,0.02288911374522683,40.4106699751861
814972795|501,20241013153849NAL0024883713001,1415.0,mixed,52.0,0.0,52.0,23295977.0,2886.0,1211841.0,1211841.0,0.0,2.232145060926185e-06,856.4247349823322
130436940|504,20240920081122NAL0012605024001,563.0,fully_insured,266928.0,266928.0,0.0,4448998.0,563.0,16803.0,16803.0,0.0,0.059997329735819165,29.845470692717583
046124621|501,20241122121504NAL0001775841001,280.0,mixed,93103.0,72943.0,20160.0,3468598.0,530.0,143152.0,110252.0,32900.0,0.02684168070211653,511.25714285714287
621687273|501,20250106135354NAL0007986529001,138.0,mixed,25112.0,0.0,25112.0,1029204.0,195.0,51246.0,51246.0,0.0,0.024399438789588848,371.3478260869565
822427358|501,20240828114527NAL0012098977001,2220.0,mixed,93359.0,93359.0,0.0,8883238.0,930.0,191809.0,191809.0,0.0,0.010509568695558984,86.40045045045045
570445511|501,20241023093537NAL0005367040001,183.0,mixed,89600.0,0.0,89600.0,2051156.0,183.0,219139.0,219139.0,0.0,0.04368268430095029,1197.48087431694
041590850|506,20240920103848NAL0007306673001,5885.0,mixed,24227.0,24227.0,0.0,489429.0,34.0,5887660.0,5887660.0,0.0,0.04950054042567972,1000.4519966015293
730383055|507,20240828094630NAL0012001793001,11507.0,mixed,57234.0,54604.0,2630.0,20167567.0,3906.0,1258479.0,1258479.0,0.0,0.0028379228887649164,109.36638567828278
592475686|508,20240829101839NAL0013405473001,115.0,mixed,45912.0,45912.0,0.0,1147794.0,72.0,12192.0,12192.0,0.0,0.040000209096754294,106.01739130434783
381280574|501,20241015091357NAL0027917089001,183.0,mixed,157834.0,98320.0,59514.0,2791596.0,788.0,87009.0,87009.0,0.0,0.056538983434565745,475.4590163934426
042931679|501,20241209072354NAL0014665584001,1745.0,mixed,433606.0,259787.0,173819.0,27966623.0,1628.0,329829.0,329829.0,0.0,0.015504410382333255,189.0137535816619
580325681|501,20241022144819NAL0002752721001,200.0,fully_insured,482653.0,60065.0,422588.0,1738625.0,1755.0,111972.0,111972.0,0.0,0.27760615428859015,559.86
421425214|501,20241202095218NAL0000925171001,3959.0,mixed,10151.0,8647.0,1504.0,48651777.0,4844.0,3355045.0,3355045.0,0.0,0.00020864602746164854,847.4475877746905
436067614|501,20240827124509NAL0010628145001,2547.0,fully_insured,262033.0,25809.0,236224.0,17205437.0,2547.0,64471.0,64471.0,0.0,0.015229662577009815,25.31252453867295
203724403|501,20240920095342NAL0007254737001,483.0,mixed,97294.0,97294.0,0.0,7683765.0,493.0,9415.0,9415.0,0.0,0.01266228209738325,19.492753623188406
660672673|501,20241126151715NAL0005696913001,836.0,fully_insured,46796.0,46796.0,0.0,1184555.0,816.0,161557.0,161557.0,0.0,0.03950513061867115,193.25
386141764|501,20241223151505NAL0019444594001,718.0,mixed,41978.0,33328.0,8650.0,2325568.0,2351.0,1599249.0,1593868.0,5381.0,0.018050643971709277,2227.366295264624
042042125|501,20241203125003NAL0003820304001,683.0,mixed,77266.0,3111.0,74155.0,1489449.0,213.0,287419.0,287419.0,0.0,0.0518755593511426,420.8184480234261
721351859|503,20241211144142NAL0007128963001,252.0,mixed,17353.0,17353.0,0.0,578438.0,252.0,239979.0,239979.0,0.0,0.029999757968874798,952.297619047619
263114009|501,20241224073005NAL0010191025001,412.0,mixed,93936.0,93936.0,0.0,2620050.0,372.0,11836.0,11836.0,0.0,0.03585275090170035,28.728155339805824
560504685|501,20241111091455NAL0009125971001,325.0,mixed,36931.0,24654.0,12277.0,1076048.0,525.0,122083.0,122083.0,0.0,0.03432095965979213,375.64
160849723|501,20241213101001NAL0010339379002,279.0,mixed,27142.0,27142.0,0.0,945070.0,114.0,103698.0,103698.0,0.0,0.028719565746452645,371.6774193548387
561987279|501,20250102182554NAL0004105152001,404.0,mixed,40289.0,40289.0,0.0,241713.0,160.0,36671.0,36671.0,0.0,0.1666811466491252,90.76980198019803
251853053|505,20240920131200NAL0013175536002,854.0,fully_insured,117250.0,0.0,117250.0,11253739.0,854.0,467459.0,467459.0,0.0,0.010418759489623848,547.3758782201405
660600251|501,20241021141538NAL0003441522001,1339.0,fully_insured,107006.0,107006.0,0.0,943357.0,2623.0,848750.0,848750.0,0.0,0.11343107646415938,633.8685586258401
814598060|501,20240827093007NAL0005028915002,257.0,mixed,17082.0,13392.0,3690.0,609173.0,223.0,72028.0,72028.0,0.0,0.028041295329898075,280.26459143968873
204510882|501,20240827093007NAL0005028915001,177.0,mixed,20167.0,12159.0,8008.0,413447.0,255.0,51150.0,51150.0,0.0,0.0487777151605889,288.9830508474576
824121530|601,20240829153650NAL0007718515001,3615.0,mixed,102524.0,102524.0,0.0,1709041.0,5175.0,5103922.0,5085585.0,18337.0,0.059989198620746954,1411.873305670816
741616964|501,20241014090449NAL0026871777001,213.0,mixed,31140.0,31140.0,0.0,2367193.0,422.0,7270.0,7270.0,0.0,0.013154820920812119,34.13145539906103
136265606|501,20240920154507NAL0008063713003,179.0,fully_insured,133398.0,94036.0,39362.0,2532001.0,179.0,42669.0,42669.0,0.0,0.05268481331563455,238.37430167597765
841130622|506,20241219160716NAL0004570497002,254.0,mixed,95410.0,95410.0,0.0,502046.0,320.0,10383.0,10383.0,0.0,0.19004234671723308,40.87795275590551
592116568|501,20241230141506NAL0010220867001,635.0,mixed,999764.0,71836.0,927928.0,4917199.0,670.0,51989.0,51989.0,0.0,0.20331981683067943,81.87244094488189
710654212|501,20241205124327NAL0008389808001,226.0,fully_insured,125323.0,52163.0,73160.0,1462564.0,523.0,72664.0,0.0,72664.0,0.08568719044089694,321.5221238938053
521135801|501,20241111133441NAL0008649315001,34349.0,mixed,493882.0,493882.0,0.0,9260900.0,8138.0,120337790.0,120337790.0,0.0,0.05332980595838417,3503.385542519433
222815245|501,20241022081244NAL0005320002001,306.0,fully_insured,165194.0,9380.0,155814.0,2359713.0,535.0,99554.0,45321.0,54233.0,0.0700059710651253,325.33986928104576
352411513|501,20250103115645NAL0005996704001,904.0,fully_insured,74322.0,74322.0,0.0,1824436.0,1395.0,12985.0,12985.0,0.0,0.04073697296041078,14.363938053097344
580325681|501,20241022094458NAL0002394801001,234.0,fully_insured,482653.0,60065.0,422588.0,1738625.0,1755.0,48387.0,48387.0,0.0,0.27760615428859015,206.78205128205127
346726788|501,20241216110007NAL0002770210001,24577.0,mixed,160338.0,91617.0,68721.0,4648002.0,159.0,1078529.0,1078529.0,0.0,0.034496112523187385,43.883671725597104
620239150|503,20240919155310NAL0006164689001,282.0,mixed,10000.0,0.0,10000.0,323462.0,613.0,199540.0,165700.0,33840.0,0.030915532581879786,707.5886524822695
361049360|501,20241213170321NAL0013950593001,201.0,mixed,21086.0,21086.0,0.0,2270029.0,396.0,88160.0,88160.0,0.0,0.00928886811578178,438.60696517412936
582280863|502,20241228070659NAL0009003011001,193.0,mixed,41353.0,41437.0,-84.0,298548.0,121.0,28408.0,28408.0,0.0,0.1385137398341305,147.1917098445596
580325681|501,20241022094519NAL0002394833001,248.0,fully_insured,482653.0,60065.0,422588.0,1738625.0,1755.0,34313.0,34313.0,0.0,0.27760615428859015,138.35887096774192
760081739|501,20241010144700NAL0020361825001,112.0,mixed,25658.0,25658.0,0.0,1602937.0,177.0,14700.0,14700.0,0.0,0.016006867394039816,131.25
381359083|503,20241010144727NAL0020362257001,368.0,fully_insured,74724.0,74724.0,0.0,2007976.0,368.0,74724.0,74724.0,0.0,0.037213592194329015,203.05434782608697
382818643|504,20240808151507NAL0010994834002,363.0,fully_insured,118357.0,118357.0,0.0,4109316.0,819.0,4804621.0,4804621.0,0.0,0.028802116945983225,13235.870523415979
050368200|501,20241010063935NAL0019729073001,2220.0,mixed,20189.0,20189.0,0.0,33598002.0,4765.0,1945573.0,1945573.0,0.0,0.0006008988272576446,876.3842342342342
043686486|501,20240808133219NAL0008651408001,102.0,fully_insured,35728.0,35728.0,0.0,923130.0,94.0,47689.0,45256.0,2433.0,0.03870310790462882,467.53921568627453
160709461|503,20241008134031NAL0030120400001,167.0,mixed,47159.0,47159.0,0.0,2369200.0,276.0,14695.0,14695.0,0.0,0.019905031234171873,87.9940119760479
760488987|571,20241010085059NAL0039554002001,10780.0,mixed,571721.0,400802.0,170919.0,119312097.0,45248.0,579974.0,579974.0,0.0,0.004791810842114358,53.80092764378479
910420030|502,20241010131308NAL0035770496001,509.0,mixed,14107.0,8780.0,5327.0,197266.0,437.0,319779.0,319779.0,0.0,0.07151257692658644,628.2495088408645
141904332|501,20240803121139NAL0016656355001,3187.0,mixed,605596.0,605596.0,0.0,39493761.0,10420.0,12467793.0,12467793.0,0.0,0.015333966294068574,3912.07812990273
820288922|502,20241009162140NAL0009398499001,653.0,mixed,47050.0,46749.0,301.0,538296.0,1054.0,1036901.0,1036901.0,0.0,0.0874054423588509,1587.9035222052066
203552316|551,20241008131424NAL0016712801001,4969.0,mixed,1975.0,1975.0,0.0,10315.0,5343.0,2379860.0,2379860.0,0.0,0.19146873485215704,478.94143690883476
061109649|501,20241008144514NAL0016879217001,173.0,fully_insured,103101.0,5163.0,97938.0,1199913.0,173.0,59984.0,59984.0,0.0,0.08592372947038661,346.728323699422
916282535|501,20241009131941NAL0018379169001,16812.0,fully_insured,8019654.0,7040860.0,978794.0,109283576.0,24696.0,3641556.0,3641556.0,0.0,0.07338389073212612,216.604568165596
160766976|501,20241004100126NAL0019433216001,836.0,mixed,219625.0,213286.0,6339.0,11032823.0,4282.0,879286.0,879286.0,0.0,0.019906509875124434,1051.7775119617224
381288328|501,20240805141505NAL0002829762001,185.0,fully_insured,37093.0,8348.0,28745.0,259908.0,385.0,251595.0,251595.0,0.0,0.14271588408205982,1359.972972972973
351736614|501,20241009103942NAL0019029937001,1554.0,mixed,29737.0,29737.0,0.0,652511.0,2682.0,1874874.0,1457385.0,417489.0,0.04557317807669143,1206.4826254826255
200480084|501,20241009144411NAL0031601728001,3258.0,mixed,1301.0,1301.0,0.0,13017.0,2.0,2099230.0,2099230.0,0.0,0.09994622416839517,644.3308778391652
221867895|510,20241010154711NAL0040734146001,5993.0,mixed,1793.0,1793.0,0.0,22735.0,9.0,4389319.0,4389319.0,0.0,0.07886518583681548,732.4076422492908
570981653|525,20241008141618NAL0008447331001,545.0,mixed,28200.0,25968.0,2232.0,2820648.0,296.0,287831.0,142090.0,145741.0,0.00999770265556,528.1302752293578
371872672|502,20241009114506NAL0018242049007,6164.0,fully_insured,155817.0,80000.0,75817.0,69877608.0,13313.0,327778.0,327778.0,0.0,0.0022298559504211994,53.176184295911746
363796094|501,20240808171201NAL0002974883001,2777.0,mixed,19170.0,19110.0,60.0,374956.0,78.0,875755.0,862621.0,13134.0,0.051125998783857304,315.3601008282319
431031021|502,20240823101505NAL0010205440001,263.0,fully_insured,80997.0,26772.0,54225.0,2793196.0,441.0,6004.0,6004.0,0.0,0.028997965055083855,22.828897338403042
454455577|501,20241009133403NAL0019337153001,892.0,mixed,15858.0,15858.0,0.0,655538.0,892.0,178747.0,178747.0,0.0,0.0241908173134128,200.3890134529148
953946465|501,20241009123653NAL0031157584001,2010.0,mixed,315998.0,315998.0,0.0,21036220.0,2851.0,21639.0,21639.0,0.0,0.015021615100051245,10.765671641791045
710505299|501,20241010152454NAL0020425697003,118.0,fully_insured,10754.0,10754.0,0.0,323049.0,49.0,56178.0,56178.0,0.0,0.03328906760274757,476.08474576271186
860572343|502,20241008101426NAL0008249283001,594.0,mixed,8839.0,8839.0,0.0,87488.0,845.0,391687.0,391687.0,0.0,0.10103099853694221,659.4057239057239
431301883|603,20241009164437NAL0010851379001,104823.0,mixed,2396912.0,0.0,2396912.0,8188886.0,359036.0,104266000.0,104266000.0,0.0,0.29270306119782347,994.6862806826746
870351334|501,20240805124226NAL0001334401001,122.0,mixed,52170.0,47670.0,4500.0,270999.0,222.0,99507.0,99507.0,0.0,0.19250993546101647,815.6311475409836
383251354|530,20240823073005NAL0010795152002,263.0,fully_insured,70940.0,68072.0,2868.0,2012823.0,729.0,92541.0,92541.0,0.0,0.03524403288316956,351.86692015209127
454146484|501,20240823135928NAL0006486465001,1008.0,mixed,275410.0,268626.0,6784.0,5047416.0,2796.0,11895.0,11895.0,0.0,0.05456455342694163,11.800595238095237
561087247|502,20240823161244NAL0010717952001,38.0,mixed,16869.0,16869.0,0.0,135255.0,38.0,12540.0,12540.0,0.0,0.12471997338360874,330.0
826830050|501,20241008091507NAL0017334065001,2988.0,mixed,818006.0,818006.0,0.0,14390414.0,2988.0,37530.0,37530.0,0.0,0.05684381283262594,12.560240963855422
680021812|501,20241009102210NAL0009102755001,440.0,mixed,148342.0,135942.0,12400.0,2822607.0,694.0,565719.0,565719.0,0.0,0.05255496071539538,1285.725
020325043|501,20240805131946NAL0001091841001,137.0,fully_insured,239796.0,172374.0,67422.0,2692164.0,587.0,27981.0,27981.0,0.0,0.08907183960561095,204.24087591240877
750233075|501,20241008083212NAL0028161472004,505.0,mixed,190669.0,123566.0,67103.0,7394995.0,1171.0,235996.0,235996.0,0.0,0.025783519799540095,467.31881188118814
362513626|501,20241008130215NAL0033757346001,33637.0,mixed,176893.0,176893.0,0.0,11930029.0,9727.0,14642678.0,14642678.0,0.0,0.014827541492145576,435.314623777388
362334820|501,20241008145956NAL0016901361001,3957.0,mixed,27150.0,918.0,26232.0,21386543.0,4839.0,80391.0,80391.0,0.0,0.0012694898843632653,20.31614859742229
131834433|540,20241007104558NAL0007498963001,13637.0,mixed,6223.0,6223.0,0.0,124466.0,418.0,6623615.0,6121526.0,502089.0,0.04999758970321212,485.7091002419887
480979845|501,20241009150008NAL0018598657003,1919.0,mixed,321524.0,71328.0,250196.0,20417817.0,3256.0,66785.0,66785.0,0.0,0.015747227041950664,34.801980198019805
720283001|518,20240814130325NAL0011780545001,395.0,mixed,10240.0,9456.0,784.0,1364210.0,94.0,84652.0,84652.0,0.0,0.007506175735407306,214.30886075949368
362170137|510,20241014152306NAL0027698209001,509.0,mixed,161017.0,127933.0,33084.0,5293635.0,1046.0,25594.0,25594.0,0.0,0.03041709524740561,50.282907662082515
660254909|501,20241015115928NAL0014555315001,713.0,mixed,51885.0,51885.0,0.0,1056324.0,264.0,125712.0,125712.0,0.0,0.049118452293046455,176.31416549789623
946078804|502,20241015190336NAL0057789426005,25895.0,mixed,1097.0,1097.0,0.0,54912.0,16691.0,20492103.0,20492103.0,0.0,0.019977418414918416,791.3536590075304
391566457|508,20241015195507NAL0029542433002,9863.0,mixed,367308.0,308551.0,58757.0,23568986.0,25583.0,2933400.0,2927529.0,5871.0,0.015584378555785133,297.41457974247186
610487955|503,20241121100814NAL0000290051001,467.0,mixed,96351.0,95950.0,401.0,4844651.0,415.0,15838.0,15838.0,0.0,0.019888119907914937,33.91434689507495
581939516|501,20240917122743NAL0006144242001,116.0,mixed,68441.0,1574.0,66867.0,550949.0,136.0,52194.0,52194.0,0.0,0.12422383923012838,449.94827586206895
160716709|501,20241015200516NAL0029562033003,3713.0,mixed,10665.0,10665.0,0.0,7988333.0,1798.0,306977.0,306977.0,0.0,0.001335072035680035,82.67627255588472
272531651|501,20241106153752NAL0019812786001,210.0,fully_insured,96622.0,0.0,96622.0,1516916.0,158.0,96622.0,96622.0,0.0,0.06369634178820713,460.1047619047619
510275712|507,20241015110059NAL0057119138002,8967.0,mixed,261210.0,228487.0,32723.0,120120891.0,22687.0,20197213.0,20194963.0,2250.0,0.0021745592946026348,2252.3935541429687
346727973|501,20241016134101NAL0030708001001,161.0,mixed,18480.0,18480.0,0.0,2334654.0,237.0,55294.0,55294.0,0.0,0.007915519815784266,343.44099378881987
421092759|502,20241017141506NAL0031743505001,532.0,mixed,52814.0,34994.0,17820.0,1664559.0,287.0,13208.0,13208.0,0.0,0.031728523891312956,24.827067669172934
361150280|501,20241015143136NAL0014847443001,16091.0,mixed,38761.0,38761.0,0.0,775218.0,88.0,3062887.0,3062887.0,0.0,0.05000012899597275,190.34783419302715
660672673|501,20241112123045NAL0009271139001,816.0,fully_insured,46796.0,46796.0,0.0,1184555.0,816.0,475774.0,475774.0,0.0,0.03950513061867115,583.0563725490196
367112271|501,20241015123330NAL0016396467001,19915.0,mixed,222000.0,192000.0,30000.0,183503111.0,31080.0,12160053.0,12160053.0,0.0,0.0012097887539356212,610.5976901832789
341018087|501,20240812075111NAL0020474962001,248.0,fully_insured,99500.0,94943.0,4557.0,1184746.0,389.0,99310.0,99310.0,0.0,0.08398424641231116,400.44354838709677
454146484|501,20240917095539NAL0001660099001,946.0,mixed,275410.0,268626.0,6784.0,5047416.0,2796.0,4250.0,4250.0,0.0,0.05456455342694163,4.4926004228329806
472642179|501,20241015122306NAL0014618179001,1983.0,mixed,367423.0,279419.0,88004.0,15995127.0,3098.0,127450.0,127450.0,0.0,0.02297093358495997,64.27130610186586
742099724|540,20241015095411NAL0029184657001,95702.0,mixed,5609997.0,4715469.0,894528.0,47854648.0,135078.0,44486420.0,44486420.0,0.0,0.11722992926413334,464.84315897264423
860860478|501,20240814174654NAL0012060273001,1297.0,mixed,224639.0,204036.0,20603.0,6666670.0,1316.0,22987.0,22987.0,0.0,0.033695833152083424,17.72320740169622
731221379|501,20241015172510NAL0030485105001,1504.0,mixed,58022.0,58022.0,0.0,15446108.0,2929.0,445428.0,445428.0,0.0,0.003756415531990324,296.16223404255317
135643799|501,20241112150708NAL0024615344001,626.0,mixed,64709.0,13432.0,51277.0,355702.0,1548.0,460308.0,429402.0,30906.0,0.18191913455645456,735.3162939297125
590677500|501,20241112151200NAL0009359795001,199.0,mixed,395916.0,393916.0,2000.0,2768683.0,660.0,38395.0,38395.0,0.0,0.14299795245609556,192.9396984924623
810232121|501,20241015095428NAL0047268960004,1616.0,mixed,56733.0,0.0,56733.0,23667649.0,3320.0,122480.0,122480.0,0.0,0.002397069518818705,75.79207920792079
200559907|501,20241102124942NAL0006707280001,122.0,mixed,1725.0,1413.0,312.0,163445.0,72.0,3740.0,0.0,3740.0,0.010554008993851142,30.65573770491803
362588905|501,20241015111926NAL0016216691001,2163.0,mixed,66242.0,0.0,66242.0,14002364.0,2002.0,78156.0,78156.0,0.0,0.00473077260382604,36.133148404993065
306591799|501,20241014213752NAL0028323665002,2095.0,mixed,77678.0,77678.0,0.0,20895848.0,3145.0,2059533.0,2059533.0,0.0,0.003717389215312056,983.0706443914081
410969619|501,20241016083403NAL0015713251001,218.0,mixed,113907.0,36741.0,77166.0,445688.0,540.0,86459.0,86459.0,0.0,0.2555756493331658,396.60091743119267
410969619|501,20241016083434NAL0015713475001,205.0,mixed,113907.0,36741.0,77166.0,445688.0,540.0,71880.0,71880.0,0.0,0.2555756493331658,350.6341463414634
660991701|511,20240816091452NAL0030593762001,29.0,fully_insured,2068.0,2068.0,0.0,10447.0,29.0,41412.0,41412.0,0.0,0.19795156504259595,1428.0
131665347|502,20241014194543NAL0027047825001,6758.0,mixed,2566501.0,464463.0,2102038.0,15724728.0,6758.0,1048229.0,1048229.0,0.0,0.16321433350071302,155.1093518792542
300631923|501,20241015122556NAL0049374992001,1563.0,mixed,66685.0,63401.0,3284.0,6342111.0,1509.0,131295.0,131295.0,0.0,0.010514637791738429,84.00191938579654
232079619|501,20241015144455NAL0016658563001,1023.0,mixed,132774.0,132774.0,0.0,3241911.0,482.0,12000.0,12000.0,0.0,0.04095547348462065,11.730205278592376
561218105|501,20241015150710NAL0016707491004,179.0,fully_insured,37549.0,37549.0,0.0,356324.0,110.0,87424.0,87424.0,0.0,0.1053788125413949,488.4022346368715
941715128|501,20241015161336NAL0015055219004,2914.0,mixed,134873.0,129089.0,5784.0,26444959.0,4727.0,227657.0,184272.0,43385.0,0.005100140257354909,78.12525737817433
352450098|501,20240816094351NAL0030108034001,251.0,mixed,68099.0,68099.0,0.0,1945673.0,233.0,6400.0,6400.0,0.0,0.03500022871263568,25.49800796812749
560488262|501,20241015125142NAL0014662211001,730.0,fully_insured,97228.0,93531.0,3697.0,376072.0,604.0,199566.0,199566.0,0.0,0.25853559956604055,273.37808219178083
135616752|501,20241015192404NAL0030749729001,422.0,mixed,167370.0,167370.0,0.0,4389700.0,1873.0,582079.0,582079.0,0.0,0.0381278902886302,1379.3341232227488
431064260|501,20240815144505NAL0007291395001,1787.0,mixed,300200.0,50004.0,250196.0,30240063.0,3615.0,99012.0,95549.0,3463.0,0.009927227995523686,55.40682708449916
421468885|501,20241015211041NAL0029681905001,96.0,mixed,14991.0,14991.0,0.0,1024360.0,148.0,7449.0,7449.0,0.0,0.014634503494865087,77.59375
420848449|501,20240722214657NAL0010719745001,436.0,mixed,20495.0,20495.0,0.0,3710886.0,320.0,30757.0,30757.0,0.0,0.005522939804671984,70.54357798165138
566093446|506,20240723115443NAL0007251523001,575.0,mixed,884967.0,502573.0,382394.0,5269823.0,575.0,884967.0,884967.0,0.0,0.16793106713451286,1539.0730434782608
370368620|503,20240723144507NAL0019994688002,2310.0,fully_insured,126198.0,101174.0,25024.0,22991476.0,3773.0,4663324.0,4663324.0,0.0,0.005488903800695527,2018.7549783549784
431293208|503,20240722133008NAL0010003841005,212.0,mixed,64013.0,37920.0,26093.0,3033287.0,402.0,18011.0,18011.0,0.0,0.02110350916349162,84.95754716981132
471444016|501,20240717150851NAL0004267329001,4.0,mixed,1656.0,1536.0,120.0,21911.0,4.0,1155.0,1155.0,0.0,0.07557847656428278,288.75
112526447|501,20240717171945NAL0004510577001,253.0,fully_insured,130633.0,107863.0,22770.0,2820314.0,253.0,4710.0,4710.0,0.0,0.046318601403957146,18.616600790513836
391210564|501,20240722080502NAL0006186371001,217.0,mixed,18330.0,18330.0,0.0,1988544.0,226.0,12190.0,12190.0,0.0,0.009217799555855943,56.175115207373274
205316418|501,20240723142115NAL0019942656001,1347.0,mixed,110243.0,110243.0,0.0,2474102.0,1410.0,91926.0,91926.0,0.0,0.04455879345313977,68.24498886414254
371073724|503,20240722115129NAL0006331427001,1071.0,mixed,72545.0,72545.0,0.0,8967221.0,1071.0,72545.0,0.0,72545.0,0.00809002030840993,67.73576097105509
420243900|501,20240722154019NAL0010752113002,316.0,mixed,51870.0,51870.0,0.0,3242799.0,316.0,13684.0,13684.0,0.0,0.015995440975527624,43.30379746835443
421258906|501,20240722110010NAL0010314097004,526.0,mixed,25176.0,25176.0,0.0,5989316.0,526.0,25176.0,0.0,25176.0,0.004203485005633364,47.863117870722434
420678168|501,20240722140710NAL0010567569001,205.0,mixed,58310.0,58310.0,0.0,3570043.0,205.0,137733.0,137733.0,0.0,0.016333136603676763,671.8682926829268
420619339|505,20240722184506NAL0006721955001,4914.0,mixed,47775.0,47775.0,0.0,38852812.0,3988.0,503987.0,503987.0,0.0,0.0012296407271628112,102.56145706145706
760403401|501,20240717161152NAL0004396641001,43.0,mixed,13389.0,12150.0,1239.0,236547.0,43.0,20138.0,20138.0,0.0,0.05660185924995878,468.3255813953488
310411980|503,20250117114537NAL0025094913001,26042.0,mixed,57092.0,57092.0,0.0,1141831.0,168.0,20701094.0,20701094.0,0.0,0.050000394103856,794.9118347285155
381565440|501,20250117123713NAL0025140049001,2190.0,mixed,191564.0,191564.0,0.0,1095006.0,8244.0,614181.0,614181.0,0.0,0.1749433336438339,280.44794520547947
043593325|501,20250228145845NAL0002068096001,478.0,mixed,8342.0,8342.0,0.0,351344.0,456.0,24402.0,24402.0,0.0,0.023743112163577575,51.05020920502092
160776158|501,20250228150009NAL0002409586001,662.0,mixed,29503.0,29503.0,0.0,653079.0,115.0,276081.0,276081.0,0.0,0.04517523913645975,417.0407854984894
454537819|501,20250425154348NAL0008892257001,47.0,mixed,20192.0,14560.0,5632.0,121186.0,47.0,1880.0,1837.0,43.0,0.1666199065898701,40.0
844350072|501,20250430130007NAL0001175747001,5076.0,mixed,4078.0,4078.0,0.0,44914233.0,3900.0,57799.0,57799.0,0.0,9.079527195755519e-05,11.38672182821119
263179864|501,20250530172740NAL0008272145001,30.0,mixed,8694.0,8694.0,0.0,79681.0,30.0,6686.0,6686.0,0.0,0.10911007642976368,222.86666666666667
581872530|501,20250429110646NAL0000603088001,238.0,fully_insured,11089.0,9923.0,1166.0,434625.0,320.0,34040.0,34040.0,0.0,0.025513948806442335,143.0252100840336
856009171|501,20250114152611NAL0020009713001,1279.0,mixed,44321.0,44321.0,0.0,10876796.0,3025.0,951323.0,951323.0,0.0,0.004074821298477971,743.8021892103205
721197212|501,20250226112110NAL0001812352002,329.0,mixed,104750.0,104750.0,0.0,3491666.0,574.0,167699.0,167699.0,0.0,0.03000000572792472,509.72340425531917
362347537|501,20250624125223NAL0009932208001,233.0,mixed,290626.0,87894.0,202732.0,3865693.0,443.0,15618.0,15618.0,0.0,0.07518082786191246,67.03004291845494
277102970|501,20250715180934NAL0002425553001,1402.0,fully_insured,121610.0,121610.0,0.0,1024138.0,690.0,286894.0,180684.0,106210.0,0.11874376304755804,204.63195435092726
823212492|502,20250127134216NAL0020136560001,1481.0,mixed,261771.0,249169.0,12602.0,6467169.0,1976.0,6530.0,6530.0,0.0,0.04047690728354246,4.409182984469953
381433000|501,20250115083009NAL0012575907003,538.0,mixed,140847.0,140847.0,0.0,6593961.0,1414.0,372697.0,372697.0,0.0,0.021359998944488753,692.7453531598513
042105850|502,20250620094721NAL0009467778001,1582.0,mixed,35776.0,28272.0,7504.0,814593.0,445.0,533978.0,533978.0,0.0,0.04391886500375034,337.53350189633375
620518288|501,20250313103526NAL0032723232001,453.0,mixed,84170.0,0.0,84170.0,2477775.0,590.0,42842.0,42842.0,0.0,0.033969993239902734,94.57395143487858
561110199|505,20250717125324NAL0000151683001,574.0,fully_insured,43748.0,22528.0,21220.0,1434787.0,1020.0,7278.0,7278.0,0.0,0.030490936982283782,12.679442508710801
237331101|501,20250714082503NAL0000788609001,173.0,mixed,51050.0,51050.0,0.0,1972532.0,206.0,56802.0,56802.0,0.0,0.025880441990294708,328.33526011560696
264594868|501,20250416122725NAL0004944561001,3563.0,mixed,324868.0,301478.0,23390.0,4162659.0,2322.0,647549.0,647549.0,0.0,0.07804338524966854,181.7426326129666
640702126|501,20250625124505NAL0008112289001,225.0,fully_insured,66290.0,44384.0,21906.0,521229.0,813.0,14946.0,14946.0,0.0,0.12718018375800272,66.42666666666666
870415944|501,20250124090200NAL0004612131001,208.0,fully_insured,71729.0,71729.0,0.0,421884.0,208.0,208916.0,104458.0,104458.0,0.17002066918868694,1004.4038461538462
383622113|501,20250327103034NAL0009302323001,148.0,mixed,15255.0,13469.0,1786.0,110242.0,325.0,153773.0,153773.0,0.0,0.13837738792837576,1039.0067567567567
593216484|501,20250313083858NAL0020579921001,544909.0,mixed,11769112.0,7642613.0,4126499.0,157843487.0,1859070.0,62456268.0,62456268.0,0.0,0.0745619108123226,114.61779489786367
836796619|501,20250404143446NAL0022956290003,722.0,mixed,4676.0,4676.0,0.0,5185659.0,753.0,147665.0,147665.0,0.0,0.0009017176023336668,204.52216066481995
820913803|501,20250416162502NAL0002345139001,74.0,mixed,26273.0,26273.0,0.0,378035.0,74.0,19998.0,19876.0,122.0,0.06949885592603859,270.2432432432432
237165969|502,20250317170007NAL0002884912001,1444.0,mixed,144919.0,144919.0,0.0,2672616.0,1313.0,1591239.0,1591239.0,0.0,0.054223652032315904,1101.9660664819944
273269973|501,20250515093048NAL0019413905001,353.0,mixed,111486.0,87134.0,24352.0,5805153.0,740.0,21421.0,21421.0,0.0,0.019204661789275837,60.68271954674221
046374631|501,20250401171554NAL0004536867001,6735.0,mixed,1083024.0,1083024.0,0.0,108192135.0,14025.0,10364795.0,10243733.0,121062.0,0.010010191591098559,1538.9450631031923
205298861|505,20250409104008NAL0039012610001,2822.0,mixed,273140.0,0.0,273140.0,4742357.0,2219.0,197892.0,197892.0,0.0,0.05759583262078329,70.12473423104181
060789485|509,20250217094022NAL0003011984001,162.0,fully_insured,88190.0,58721.0,29469.0,759713.0,248.0,33079.0,33079.0,0.0,0.11608331040800934,204.19135802469137
751015515|501,20250129093721NAL0025057200001,1379.0,mixed,8272.0,0.0,8272.0,928427.0,0.0,660885.0,660885.0,0.0,0.008909693492326268,479.2494561276287
201260597|501,20250415161303NAL0006021104001,492.0,mixed,436508.0,427460.0,9048.0,7630798.0,5243.0,1019875.0,1019875.0,0.0,0.05720345368859194,2072.9166666666665
630672324|502,20250120154933NAL0003531888001,390.0,mixed,20460.0,20460.0,0.0,1380109.0,564.0,62503.0,62503.0,0.0,0.014824916003011356,160.26410256410256
201842198|501,20250409165503NAL0011054947001,25367.0,mixed,9500.0,0.0,9500.0,21235489.0,21499.0,36338874.0,36338874.0,0.0,0.00044736431546266723,1432.5254858674657
822847642|501,20250422110951NAL0004238817001,50.0,mixed,23280.0,17024.0,6256.0,101726.0,50.0,3955.0,3910.0,45.0,0.2288500481686098,79.1
621849640|502,20250415135303NAL0005877216001,1622.0,mixed,5613.0,4955.0,658.0,9010989.0,1655.0,547810.0,547810.0,0.0,0.0006229060983206172,337.73736128236743
113704359|501,20250408102450NAL0027681200001,1051.0,mixed,431840.0,431840.0,0.0,1472968.0,2779.0,113305.0,113305.0,0.0,0.29317676962432315,107.80685061845861
042454372|501,20250508123007NAL0018008048001,470.0,mixed,131849.0,104369.0,27480.0,7545554.0,991.0,21878.0,21878.0,0.0,0.017473733538982027,46.54893617021276
990228405|501,20250311220639NAL0011218723001,438.0,fully_insured,77410.0,77410.0,0.0,3866025.0,911.0,140905.0,140905.0,0.0,0.020023150393492024,321.7009132420091
131299890|501,20250516095152NAL0020214577001,12844.0,mixed,472597.0,437222.0,35375.0,3485255.0,35998.0,13696167.0,13696167.0,0.0,0.1355989733893216,1066.3474774213641
710654212|501,20250610125757NAL0024648592001,297.0,fully_insured,125323.0,52163.0,73160.0,1462564.0,523.0,273576.0,195677.0,77899.0,0.08568719044089694,921.1313131313132
222212764|501,20250326140301NAL0024062976001,643.0,mixed,17117.0,17117.0,0.0,1584322.0,725.0,1745063.0,1745063.0,0.0,0.010803990602920366,2713.9393468118196
133324058|941,20250415104912NAL0001386819001,76105.0,mixed,3189328.0,1612649.0,1576679.0,14584880.0,57559.0,3359926.0,3359926.0,0.0,0.2186735852471875,44.14855791340911
856153707|501,20250515144908NAL0019622001001,393.0,mixed,113805.0,113805.0,0.0,2647261.0,736.0,69897.0,69897.0,0.0,0.042989716540983304,177.85496183206106
996006418|501,20250129180511NAL0025921024002,530.0,mixed,57600.0,57600.0,0.0,6019324.0,1668.0,896789.0,882552.0,14237.0,0.009569180858182745,1692.054716981132
520787164|501,20250711121815NAL0007342177001,393.0,mixed,72288.0,72288.0,0.0,2089420.0,351.0,31274.0,31274.0,0.0,0.03459716093461343,79.57760814249365
420680387|520,20250402115916NAL0009697969001,855.0,mixed,9862.0,8399.0,1463.0,11508532.0,934.0,740251.0,740251.0,0.0,0.0008569294502548196,865.7906432748538
811340351|501,20250211171040NAL0019457857001,23.0,mixed,7584.0,7584.0,0.0,51995.0,21.0,4113.0,4113.0,0.0,0.14586017886335226,178.82608695652175
133366163|501,20250203144341NAL0012464688001,272.0,mixed,106412.0,102049.0,4363.0,2447365.0,1333.0,50598.0,50598.0,0.0,0.043480232821830826,186.02205882352942
261206928|501,20250417092241NAL0001519552001,953.0,mixed,70291.0,51504.0,18787.0,3127926.0,364.0,30856.0,30856.0,0.0,0.02247207894304405,32.377754459601256
203947215|503,20250711092239NAL0009394992001,225.0,mixed,47034.0,0.0,47034.0,1576517.0,225.0,8304.0,8304.0,0.0,0.029834121674552194,36.906666666666666
237381527|501,20250203101725NAL0012075232001,143.0,mixed,67353.0,67353.0,0.0,1803605.0,131.0,323185.0,323185.0,0.0,0.03734354251623831,2260.034965034965
411224817|501,20250210113818NAL0034637554002,114.0,mixed,14993.0,14993.0,0.0,284035.0,180.0,98451.0,31432.0,67019.0,0.0527857482352527,863.6052631578947
160983640|501,20250205092210NAL0016530544001,695.0,mixed,95203.0,95203.0,0.0,3280943.0,362.0,144222.0,144222.0,0.0,0.029016962501329648,207.5136690647482
812131297|501,20250131080200NAL0002057201001,1315.0,fully_insured,77632.0,74291.0,3341.0,3405567.0,566.0,123174.0,123174.0,0.0,0.022795616706410414,93.66844106463878
362463577|502,20250131101421NAL0001313859001,183.0,fully_insured,11845.0,10803.0,1042.0,1538335.0,236.0,62428.0,62428.0,0.0,0.007699883315402692,341.1366120218579
010479776|501,20250528140315NAL0004432851001,26849.0,fully_insured,3869736.0,0.0,3869736.0,530560174.0,28885.0,1647271.0,1647271.0,0.0,0.007293679755163832,61.353160266676596
431671389|501,20250325084227NAL0010073699001,279.0,fully_insured,27623.0,0.0,27623.0,1105090.0,310.0,52126.0,52126.0,0.0,0.024996154159389734,186.831541218638
593434670|501,20250715111216NAL0001252723001,51204.0,fully_insured,224100.0,204002.0,20098.0,151618974.0,44268.0,125831.0,125831.0,0.0,0.0014780472000819633,2.4574447308804
471137623|501,20250604122004NAL0008400259001,434.0,mixed,133797.0,133797.0,0.0,6123355.0,434.0,16768.0,16768.0,0.0,0.021850276523245834,38.63594470046083
205853585|501,20250121131506NAL0002345187001,92.0,mixed,64496.0,49606.0,14890.0,554960.0,433.0,158173.0,158173.0,0.0,0.11621738503675941,1719.2717391304348
370963413|501,20250304131806NAL0004238579001,184.0,mixed,8212.0,0.0,8212.0,726372.0,184.0,20094.0,20094.0,0.0,0.011305501864058636,109.20652173913044
386216995|501,20250218170401NAL0005639200001,2163.0,mixed,32088.0,31694.0,394.0,812490.0,383.0,3205801.0,3178759.0,27042.0,0.03949340914965107,1482.1086453999076
272015706|503,20250212062037NAL0034571104001,971.0,mixed,19703.0,19703.0,0.0,393726.0,69.0,630961.0,630961.0,0.0,0.05004241528372523,649.8053553038105
510158994|501,20250130135326NAL0000584675001,147.0,mixed,34127.0,0.0,34127.0,1104420.0,358.0,18253.0,18253.0,0.0,0.030900382101012296,124.17006802721089
760404611|502,20250128195008NAL0014102641001,920.0,mixed,1264.0,0.0,1264.0,715097.0,1275.0,361824.0,361824.0,0.0,0.001767592368587758,393.2869565217391
760270834|502,20250521103236NAL0002292915001,204.0,mixed,166728.0,166728.0,0.0,1061569.0,507.0,58546.0,58546.0,0.0,0.15705809043029703,286.9901960784314
060646520|502,20250110151358NAL0029043810001,177.0,mixed,4415.0,0.0,4415.0,1187183.0,111.0,59547.0,59547.0,0.0,0.0037188874840694314,336.4237288135593
251236871|501,20250219132435NAL0010472674001,149.0,mixed,53852.0,0.0,53852.0,1055499.0,125.0,58779.0,58779.0,0.0,0.05102041783080799,394.48993288590606
381792679|501,20250212154506NAL0020798353001,126.0,fully_insured,44821.0,43916.0,905.0,876212.0,138.0,57179.0,57179.0,0.0,0.05115314558577148,453.8015873015873
261638437|503,20250314142705NAL0011881731001,6068.0,mixed,428709.0,423873.0,4836.0,12420179.0,5269.0,902397.0,902397.0,0.0,0.034517135381060125,148.7140738299275
956981657|501,20250911165505NAL0000676817001,3765.0,mixed,173.0,0.0,173.0,597393.0,11308.0,2205014.0,2205014.0,0.0,0.0002895916088738904,585.6610889774237
161254312|501,20251104144733NAL0007172753001,1188.0,mixed,175199.0,171159.0,4040.0,1053605.0,2377.0,735896.0,735896.0,0.0,0.16628527768945667,619.4410774410775
260545400|502,20251117180402NAL0001646081001,82.0,fully_insured,879.0,879.0,0.0,481968.0,122.0,25576.0,25576.0,0.0,0.0018237725326162733,311.9024390243902
464230139|514,20250911155923NAL0000528464001,1123.0,mixed,143557.0,136458.0,7099.0,8654850.0,1899.0,40734.0,40734.0,0.0,0.0165868848102509,36.27248441674087
592596122|510,20251015065255NAL0003938529001,387.0,self_insured,122990.0,122990.0,0.0,3074740.0,353.0,46285.0,46285.0,0.0,0.04000013009230049,119.59948320413437
264612303|510,20251112105556NAL0000015715001,124.0,fully_insured,40517.0,40517.0,0.0,1157645.0,191.0,3169.0,3169.0,0.0,0.03499950330196217,25.556451612903224
570314404|501,20250731152457NAL0006270721001,197.0,mixed,72557.0,72557.0,0.0,2073074.0,170.0,184976.0,184976.0,0.0,0.03499971539848554,938.9644670050761
383232737|501,20251013151719NAL0003341970001,2164.0,mixed,265917.0,265917.0,0.0,19462958.0,4287.0,68933.0,68933.0,0.0,0.013662722798867469,31.854436229205177
431499628|501,20251009115001NAL0010878176001,222.0,mixed,81229.0,52829.0,28400.0,3873760.0,506.0,8400.0,8400.0,0.0,0.020969032671099914,37.83783783783784
922157962|501,20250923123946NAL0002555971001,142.0,fully_insured,62750.0,44823.0,17927.0,302198.0,217.0,156.0,156.0,0.0,0.20764531863215507,1.0985915492957747
346529808|501,20250814133022NAL0005437795001,177.0,mixed,122797.0,80404.0,42393.0,3217603.0,181.0,67972.0,67972.0,0.0,0.03816412403891965,384.02259887005647
861820463|501,20260112143122NAL0017609152001,23.0,mixed,12611.0,12611.0,0.0,252208.0,23.0,125882.0,125882.0,0.0,0.050002378988771176,5473.130434782609
452801824|501,20250728144625NAL0003193456001,48.0,fully_insured,21658.0,14176.0,7482.0,113395.0,48.0,1131.0,1087.0,44.0,0.19099607566471186,23.5625
370812150|501,20251007132844NAL0002501395001,194.0,fully_insured,150466.0,0.0,150466.0,687797.0,466.0,150466.0,150466.0,0.0,0.21876512982755086,775.5979381443299
582523927|501,20250811120318NAL0006590643001,203.0,fully_insured,51122.0,13768.0,37354.0,1088769.0,203.0,207484.0,207484.0,0.0,0.04695394523539888,1022.0886699507389
541786726|507,20251107123253NAL0000878640001,168.0,mixed,22499.0,17011.0,5488.0,2034678.0,381.0,66161.0,66161.0,0.0,0.011057769337457819,393.8154761904762
743106306|501,20260120184049NAL0003764608001,608.0,fully_insured,93699.0,93699.0,0.0,902718.0,343.0,11146.0,11146.0,0.0,0.10379653446591294,18.332236842105264
840529566|501,20260218090518NAL0007112592001,1819.0,mixed,3696.0,0.0,3696.0,16005529.0,2485.0,20954.0,0.0,20954.0,0.0002309202026374761,11.519516217702034
582209517|501,20250925102443NAL0003470035001,352.0,fully_insured,98620.0,6573.0,92047.0,1699531.0,399.0,83331.0,83331.0,0.0,0.05802777354458377,236.73579545454547
330662624|501,20250725110551NAL0005738785001,413.0,fully_insured,126727.0,126727.0,0.0,2103775.0,623.0,4198.0,4198.0,0.0,0.06023790566957018,10.164648910411623
